"trainer/global_step","pixeldit_rr_kee100_150kimgs_pairsum_dense_signed_gain05_repa_200k_2gpu - loss","pixeldit_rr_kee100_150kimgs_pairsum_dense_signed_gain05_repa_200k_2gpu - loss__MIN","pixeldit_rr_kee100_150kimgs_pairsum_dense_signed_gain05_repa_200k_2gpu - loss__MAX","pixeldit_rr_kee100_150kimgs_pairsum_dense_signed_gain05_repa_200k_2gpu - _step","pixeldit_rr_kee100_150kimgs_pairsum_dense_signed_gain05_repa_200k_2gpu - _step__MIN","pixeldit_rr_kee100_150kimgs_pairsum_dense_signed_gain05_repa_200k_2gpu - _step__MAX"
"49","1.6280879974365234","1.6280879974365234","1.6280879974365234","0","0","0"
"99","1.0348249673843384","1.0348249673843384","1.0348249673843384","1","1","1"
"149","1.1045218706130981","1.1045218706130981","1.1045218706130981","2","2","2"
"199","1.1816246509552002","1.1816246509552002","1.1816246509552002","3","3","3"
"249","1.0568629503250122","1.0568629503250122","1.0568629503250122","4","4","4"
"299","1.0503907203674316","1.0503907203674316","1.0503907203674316","5","5","5"
"349","1.0708261728286743","1.0708261728286743","1.0708261728286743","6","6","6"
"399","1.342505931854248","1.342505931854248","1.342505931854248","7","7","7"
"449","1.1870315074920654","1.1870315074920654","1.1870315074920654","8","8","8"
"499","0.9739705324172974","0.9739705324172974","0.9739705324172974","9","9","9"
"549","1.0773853063583374","1.0773853063583374","1.0773853063583374","10","10","10"
"599","1.4042208194732666","1.4042208194732666","1.4042208194732666","11","11","11"
"649","1.2002003192901611","1.2002003192901611","1.2002003192901611","12","12","12"
"699","0.9995254278182983","0.9995254278182983","0.9995254278182983","13","13","13"
"749","0.998573899269104","0.998573899269104","0.998573899269104","14","14","14"
"799","1.0225529670715332","1.0225529670715332","1.0225529670715332","15","15","15"
"849","1.0036736726760864","1.0036736726760864","1.0036736726760864","16","16","16"
"899","1.0328489542007446","1.0328489542007446","1.0328489542007446","17","17","17"
"949","1.1468706130981445","1.1468706130981445","1.1468706130981445","18","18","18"
"999","0.9252804517745972","0.9252804517745972","0.9252804517745972","19","19","19"
"1049","0.914075493812561","0.914075493812561","0.914075493812561","20","20","20"
"1099","0.9121441841125488","0.9121441841125488","0.9121441841125488","21","21","21"
"1149","0.9104184508323669","0.9104184508323669","0.9104184508323669","22","22","22"
"1199","0.8933117389678955","0.8933117389678955","0.8933117389678955","23","23","23"
"1249","1.0605762004852295","1.0605762004852295","1.0605762004852295","24","24","24"
"1299","0.8508849143981934","0.8508849143981934","0.8508849143981934","25","25","25"
"1349","0.9366489052772522","0.9366489052772522","0.9366489052772522","26","26","26"
"1399","0.8958271145820618","0.8958271145820618","0.8958271145820618","27","27","27"
"1449","1.0237640142440796","1.0237640142440796","1.0237640142440796","28","28","28"
"1499","0.971994161605835","0.971994161605835","0.971994161605835","29","29","29"
"1549","0.8795891404151917","0.8795891404151917","0.8795891404151917","30","30","30"
"1599","0.797216534614563","0.797216534614563","0.797216534614563","31","31","31"
"1649","0.8432297110557556","0.8432297110557556","0.8432297110557556","32","32","32"
"1699","0.9043014645576477","0.9043014645576477","0.9043014645576477","33","33","33"
"1749","0.9031288623809814","0.9031288623809814","0.9031288623809814","34","34","34"
"1799","0.7944700717926025","0.7944700717926025","0.7944700717926025","35","35","35"
"1849","0.8032596707344055","0.8032596707344055","0.8032596707344055","36","36","36"
"1899","0.9628118872642517","0.9628118872642517","0.9628118872642517","37","37","37"
"1949","0.8730756640434265","0.8730756640434265","0.8730756640434265","38","38","38"
"1999","1.1356594562530518","1.1356594562530518","1.1356594562530518","39","39","39"
"2049","1.023438811302185","1.023438811302185","1.023438811302185","40","40","40"
"2099","1.0600563287734985","1.0600563287734985","1.0600563287734985","41","41","41"
"2149","1.1414761543273926","1.1414761543273926","1.1414761543273926","42","42","42"
"2199","0.9781523942947388","0.9781523942947388","0.9781523942947388","43","43","43"
"2249","0.7647815942764282","0.7647815942764282","0.7647815942764282","44","44","44"
"2299","0.8457401990890503","0.8457401990890503","0.8457401990890503","45","45","45"
"2349","0.8970556855201721","0.8970556855201721","0.8970556855201721","46","46","46"
"2399","1.0309672355651855","1.0309672355651855","1.0309672355651855","47","47","47"
"2449","0.7615839242935181","0.7615839242935181","0.7615839242935181","48","48","48"
"2499","0.9270864725112915","0.9270864725112915","0.9270864725112915","49","49","49"
"2549","0.8640516996383667","0.8640516996383667","0.8640516996383667","50","50","50"
"2599","0.889043927192688","0.889043927192688","0.889043927192688","51","51","51"
"2649","0.7877533435821533","0.7877533435821533","0.7877533435821533","52","52","52"
"2699","1.0613683462142944","1.0613683462142944","1.0613683462142944","53","53","53"
"2749","0.6966315507888794","0.6966315507888794","0.6966315507888794","54","54","54"
"2799","0.9562897682189941","0.9562897682189941","0.9562897682189941","55","55","55"
"2849","0.9246243238449097","0.9246243238449097","0.9246243238449097","56","56","56"
"2899","0.8748713731765747","0.8748713731765747","0.8748713731765747","57","57","57"
"2949","1.0575673580169678","1.0575673580169678","1.0575673580169678","58","58","58"
"2999","0.9045940637588501","0.9045940637588501","0.9045940637588501","59","59","59"
"3049","0.8350966572761536","0.8350966572761536","0.8350966572761536","60","60","60"
"3099","1.0107178688049316","1.0107178688049316","1.0107178688049316","61","61","61"
"3149","0.970649778842926","0.970649778842926","0.970649778842926","62","62","62"
"3199","0.8346927165985107","0.8346927165985107","0.8346927165985107","63","63","63"
"3249","0.8214073181152344","0.8214073181152344","0.8214073181152344","64","64","64"
"3299","0.7475744485855103","0.7475744485855103","0.7475744485855103","65","65","65"
"3349","0.7678528428077698","0.7678528428077698","0.7678528428077698","66","66","66"
"3399","0.7884835004806519","0.7884835004806519","0.7884835004806519","67","67","67"
"3449","0.8727371692657471","0.8727371692657471","0.8727371692657471","68","68","68"
"3499","0.7727484703063965","0.7727484703063965","0.7727484703063965","69","69","69"
"3549","0.8027645349502563","0.8027645349502563","0.8027645349502563","70","70","70"
"3599","0.8066208958625793","0.8066208958625793","0.8066208958625793","71","71","71"
"3649","0.9710192084312439","0.9710192084312439","0.9710192084312439","72","72","72"
"3699","0.919684648513794","0.919684648513794","0.919684648513794","73","73","73"
"3749","0.9096740484237671","0.9096740484237671","0.9096740484237671","74","74","74"
"3799","0.9456558227539062","0.9456558227539062","0.9456558227539062","75","75","75"
"3849","0.7588578462600708","0.7588578462600708","0.7588578462600708","76","76","76"
"3899","0.9424651265144348","0.9424651265144348","0.9424651265144348","77","77","77"
"3949","0.735689640045166","0.735689640045166","0.735689640045166","78","78","78"
"3999","0.73179030418396","0.73179030418396","0.73179030418396","79","79","79"
"4049","0.8930527567863464","0.8930527567863464","0.8930527567863464","80","80","80"
"4099","0.7440365552902222","0.7440365552902222","0.7440365552902222","81","81","81"
"4149","0.8369172811508179","0.8369172811508179","0.8369172811508179","82","82","82"
"4199","0.6281217336654663","0.6281217336654663","0.6281217336654663","83","83","83"
"4249","0.6459956169128418","0.6459956169128418","0.6459956169128418","84","84","84"
"4299","0.7154853343963623","0.7154853343963623","0.7154853343963623","85","85","85"
"4349","0.6832320094108582","0.6832320094108582","0.6832320094108582","86","86","86"
"4399","0.9384016990661621","0.9384016990661621","0.9384016990661621","87","87","87"
"4449","0.8557555079460144","0.8557555079460144","0.8557555079460144","88","88","88"
"4499","0.8011560440063477","0.8011560440063477","0.8011560440063477","89","89","89"
"4549","0.5631330609321594","0.5631330609321594","0.5631330609321594","90","90","90"
"4599","0.8398883938789368","0.8398883938789368","0.8398883938789368","91","91","91"
"4649","0.6852744817733765","0.6852744817733765","0.6852744817733765","92","92","92"
"4699","0.7415269017219543","0.7415269017219543","0.7415269017219543","93","93","93"
"4749","0.8916341662406921","0.8916341662406921","0.8916341662406921","94","94","94"
"4799","0.7784814834594727","0.7784814834594727","0.7784814834594727","95","95","95"
"4849","0.7439774870872498","0.7439774870872498","0.7439774870872498","96","96","96"
"4899","0.5676019191741943","0.5676019191741943","0.5676019191741943","97","97","97"
"4949","0.6353000998497009","0.6353000998497009","0.6353000998497009","98","98","98"
"4999","0.6796132326126099","0.6796132326126099","0.6796132326126099","99","99","99"
"5049","1.0112498998641968","1.0112498998641968","1.0112498998641968","101","101","101"
"5099","0.7198936343193054","0.7198936343193054","0.7198936343193054","102","102","102"
"5149","0.6491447687149048","0.6491447687149048","0.6491447687149048","103","103","103"
"5199","0.7663228511810303","0.7663228511810303","0.7663228511810303","104","104","104"
"5249","0.5669151544570923","0.5669151544570923","0.5669151544570923","105","105","105"
"5299","0.6214733719825745","0.6214733719825745","0.6214733719825745","106","106","106"
"5349","0.7726855874061584","0.7726855874061584","0.7726855874061584","107","107","107"
"5399","0.6500487327575684","0.6500487327575684","0.6500487327575684","108","108","108"
"5449","0.671217679977417","0.671217679977417","0.671217679977417","109","109","109"
"5499","0.8061853051185608","0.8061853051185608","0.8061853051185608","110","110","110"
"5549","0.6021696329116821","0.6021696329116821","0.6021696329116821","111","111","111"
"5599","0.8558850884437561","0.8558850884437561","0.8558850884437561","112","112","112"
"5649","0.798708438873291","0.798708438873291","0.798708438873291","113","113","113"
"5699","0.7708048224449158","0.7708048224449158","0.7708048224449158","114","114","114"
"5749","0.48795056343078613","0.48795056343078613","0.48795056343078613","115","115","115"
"5799","0.5723757743835449","0.5723757743835449","0.5723757743835449","116","116","116"
"5849","0.5101999044418335","0.5101999044418335","0.5101999044418335","117","117","117"
"5899","0.6761075258255005","0.6761075258255005","0.6761075258255005","118","118","118"
"5949","0.5433375835418701","0.5433375835418701","0.5433375835418701","119","119","119"
"5999","0.6873052716255188","0.6873052716255188","0.6873052716255188","120","120","120"
"6049","0.6959904432296753","0.6959904432296753","0.6959904432296753","121","121","121"
"6099","0.669702410697937","0.669702410697937","0.669702410697937","122","122","122"
"6149","0.5349796414375305","0.5349796414375305","0.5349796414375305","123","123","123"
"6199","0.6193324327468872","0.6193324327468872","0.6193324327468872","124","124","124"
"6249","0.7281149625778198","0.7281149625778198","0.7281149625778198","125","125","125"
"6299","0.5464872717857361","0.5464872717857361","0.5464872717857361","126","126","126"
"6349","0.7781922221183777","0.7781922221183777","0.7781922221183777","127","127","127"
"6399","0.5182969570159912","0.5182969570159912","0.5182969570159912","128","128","128"
"6449","0.6146121025085449","0.6146121025085449","0.6146121025085449","129","129","129"
"6499","0.5800973176956177","0.5800973176956177","0.5800973176956177","130","130","130"
"6549","0.583993136882782","0.583993136882782","0.583993136882782","131","131","131"
"6599","0.6469830870628357","0.6469830870628357","0.6469830870628357","132","132","132"
"6649","0.6442618370056152","0.6442618370056152","0.6442618370056152","133","133","133"
"6699","0.6176545023918152","0.6176545023918152","0.6176545023918152","134","134","134"
"6749","0.5508804321289062","0.5508804321289062","0.5508804321289062","135","135","135"
"6799","0.8610357046127319","0.8610357046127319","0.8610357046127319","136","136","136"
"6849","0.7193704843521118","0.7193704843521118","0.7193704843521118","137","137","137"
"6899","0.5208734273910522","0.5208734273910522","0.5208734273910522","138","138","138"
"6949","0.7065236568450928","0.7065236568450928","0.7065236568450928","139","139","139"
"6999","0.8215163946151733","0.8215163946151733","0.8215163946151733","140","140","140"
"7049","0.5668023824691772","0.5668023824691772","0.5668023824691772","141","141","141"
"7099","0.6335229873657227","0.6335229873657227","0.6335229873657227","142","142","142"
"7149","0.7080790996551514","0.7080790996551514","0.7080790996551514","143","143","143"
"7199","0.5076853036880493","0.5076853036880493","0.5076853036880493","144","144","144"
"7249","0.4967561960220337","0.4967561960220337","0.4967561960220337","145","145","145"
"7299","0.4352055490016937","0.4352055490016937","0.4352055490016937","146","146","146"
"7349","0.5602762699127197","0.5602762699127197","0.5602762699127197","147","147","147"
"7399","0.5045991539955139","0.5045991539955139","0.5045991539955139","148","148","148"
"7449","0.8770803809165955","0.8770803809165955","0.8770803809165955","149","149","149"
"7499","0.6051673889160156","0.6051673889160156","0.6051673889160156","150","150","150"
"7549","0.721922755241394","0.721922755241394","0.721922755241394","151","151","151"
"7599","0.5706927180290222","0.5706927180290222","0.5706927180290222","152","152","152"
"7649","0.7478498816490173","0.7478498816490173","0.7478498816490173","153","153","153"
"7699","0.5994290113449097","0.5994290113449097","0.5994290113449097","154","154","154"
"7749","0.6418864727020264","0.6418864727020264","0.6418864727020264","155","155","155"
"7799","0.559884786605835","0.559884786605835","0.559884786605835","156","156","156"
"7849","0.5487608313560486","0.5487608313560486","0.5487608313560486","157","157","157"
"7899","0.394554078578949","0.394554078578949","0.394554078578949","158","158","158"
"7949","0.5433530807495117","0.5433530807495117","0.5433530807495117","159","159","159"
"7999","0.8172555565834045","0.8172555565834045","0.8172555565834045","160","160","160"
"8049","0.7795289158821106","0.7795289158821106","0.7795289158821106","161","161","161"
"8099","0.5596424341201782","0.5596424341201782","0.5596424341201782","162","162","162"
"8149","0.6347249150276184","0.6347249150276184","0.6347249150276184","163","163","163"
"8199","0.6135531663894653","0.6135531663894653","0.6135531663894653","164","164","164"
"8249","0.5458846092224121","0.5458846092224121","0.5458846092224121","165","165","165"
"8299","0.4480415880680084","0.4480415880680084","0.4480415880680084","166","166","166"
"8349","0.5077423453330994","0.5077423453330994","0.5077423453330994","167","167","167"
"8399","0.6938483715057373","0.6938483715057373","0.6938483715057373","168","168","168"
"8449","0.4989774525165558","0.4989774525165558","0.4989774525165558","169","169","169"
"8499","0.7733711004257202","0.7733711004257202","0.7733711004257202","170","170","170"
"8549","0.5448581576347351","0.5448581576347351","0.5448581576347351","171","171","171"
"8599","0.6422964334487915","0.6422964334487915","0.6422964334487915","172","172","172"
"8649","0.4859643578529358","0.4859643578529358","0.4859643578529358","173","173","173"
"8699","0.5491162538528442","0.5491162538528442","0.5491162538528442","174","174","174"
"8749","0.5399446487426758","0.5399446487426758","0.5399446487426758","175","175","175"
"8799","0.5325095653533936","0.5325095653533936","0.5325095653533936","176","176","176"
"8849","0.5996583700180054","0.5996583700180054","0.5996583700180054","177","177","177"
"8899","0.4938655495643616","0.4938655495643616","0.4938655495643616","178","178","178"
"8949","0.5226383209228516","0.5226383209228516","0.5226383209228516","179","179","179"
"8999","0.5499833226203918","0.5499833226203918","0.5499833226203918","180","180","180"
"9049","0.6806844472885132","0.6806844472885132","0.6806844472885132","181","181","181"
"9099","0.640316367149353","0.640316367149353","0.640316367149353","182","182","182"
"9149","0.5120521783828735","0.5120521783828735","0.5120521783828735","183","183","183"
"9199","0.4675922989845276","0.4675922989845276","0.4675922989845276","184","184","184"
"9249","0.488805890083313","0.488805890083313","0.488805890083313","185","185","185"
"9299","0.5742181539535522","0.5742181539535522","0.5742181539535522","186","186","186"
"9349","0.5928949117660522","0.5928949117660522","0.5928949117660522","187","187","187"
"9399","0.3584420084953308","0.3584420084953308","0.3584420084953308","188","188","188"
"9449","0.5447736978530884","0.5447736978530884","0.5447736978530884","189","189","189"
"9499","0.7379493117332458","0.7379493117332458","0.7379493117332458","190","190","190"
"9549","0.4436592757701874","0.4436592757701874","0.4436592757701874","191","191","191"
"9599","0.45573753118515015","0.45573753118515015","0.45573753118515015","192","192","192"
"9649","0.8614376783370972","0.8614376783370972","0.8614376783370972","193","193","193"
"9699","0.6107007265090942","0.6107007265090942","0.6107007265090942","194","194","194"
"9749","0.4718151092529297","0.4718151092529297","0.4718151092529297","195","195","195"
"9799","0.44245490431785583","0.44245490431785583","0.44245490431785583","196","196","196"
"9849","0.5670585036277771","0.5670585036277771","0.5670585036277771","197","197","197"
"9899","0.6628751754760742","0.6628751754760742","0.6628751754760742","198","198","198"
"9949","0.53775554895401","0.53775554895401","0.53775554895401","199","199","199"
"9999","0.5790920257568359","0.5790920257568359","0.5790920257568359","200","200","200"
"10049","0.5971993207931519","0.5971993207931519","0.5971993207931519","202","202","202"
"10099","0.7118571996688843","0.7118571996688843","0.7118571996688843","203","203","203"
"10149","0.5395983457565308","0.5395983457565308","0.5395983457565308","204","204","204"
"10199","0.6207396388053894","0.6207396388053894","0.6207396388053894","205","205","205"
"10249","0.46765798330307007","0.46765798330307007","0.46765798330307007","206","206","206"
"10299","0.584506630897522","0.584506630897522","0.584506630897522","207","207","207"
"10349","0.592301607131958","0.592301607131958","0.592301607131958","208","208","208"
"10399","0.8522872924804688","0.8522872924804688","0.8522872924804688","209","209","209"
"10449","0.46745648980140686","0.46745648980140686","0.46745648980140686","210","210","210"
"10499","0.42368271946907043","0.42368271946907043","0.42368271946907043","211","211","211"
"10549","0.42922401428222656","0.42922401428222656","0.42922401428222656","212","212","212"
"10599","0.5811899900436401","0.5811899900436401","0.5811899900436401","213","213","213"
"10649","0.47009822726249695","0.47009822726249695","0.47009822726249695","214","214","214"
"10699","0.5433746576309204","0.5433746576309204","0.5433746576309204","215","215","215"
"10749","0.5149551630020142","0.5149551630020142","0.5149551630020142","216","216","216"
"10799","0.6878409385681152","0.6878409385681152","0.6878409385681152","217","217","217"
"10849","0.46916908025741577","0.46916908025741577","0.46916908025741577","218","218","218"
"10899","0.6402403116226196","0.6402403116226196","0.6402403116226196","219","219","219"
"10949","0.5412912368774414","0.5412912368774414","0.5412912368774414","220","220","220"
"10999","0.401606947183609","0.401606947183609","0.401606947183609","221","221","221"
"11049","0.4489803910255432","0.4489803910255432","0.4489803910255432","222","222","222"
"11099","0.6011033654212952","0.6011033654212952","0.6011033654212952","223","223","223"
"11149","0.5811727046966553","0.5811727046966553","0.5811727046966553","224","224","224"
"11199","0.4657480716705322","0.4657480716705322","0.4657480716705322","225","225","225"
"11249","0.5542929172515869","0.5542929172515869","0.5542929172515869","226","226","226"
"11299","0.6281434297561646","0.6281434297561646","0.6281434297561646","227","227","227"
"11349","0.5149718523025513","0.5149718523025513","0.5149718523025513","228","228","228"
"11399","0.5447111129760742","0.5447111129760742","0.5447111129760742","229","229","229"
"11449","0.4710046947002411","0.4710046947002411","0.4710046947002411","230","230","230"
"11499","0.589687168598175","0.589687168598175","0.589687168598175","231","231","231"
"11549","0.5135189294815063","0.5135189294815063","0.5135189294815063","232","232","232"
"11599","0.5842986106872559","0.5842986106872559","0.5842986106872559","233","233","233"
"11649","0.520846962928772","0.520846962928772","0.520846962928772","234","234","234"
"11699","0.4240926504135132","0.4240926504135132","0.4240926504135132","235","235","235"
"11749","0.4817892611026764","0.4817892611026764","0.4817892611026764","236","236","236"
"11799","0.5863750576972961","0.5863750576972961","0.5863750576972961","237","237","237"
"11849","0.4699932336807251","0.4699932336807251","0.4699932336807251","238","238","238"
"11899","0.48734766244888306","0.48734766244888306","0.48734766244888306","239","239","239"
"11949","0.48599687218666077","0.48599687218666077","0.48599687218666077","240","240","240"
"11999","0.4125943183898926","0.4125943183898926","0.4125943183898926","241","241","241"
"12049","0.43692073225975037","0.43692073225975037","0.43692073225975037","242","242","242"
"12099","0.5457561016082764","0.5457561016082764","0.5457561016082764","243","243","243"
"12149","0.5026050209999084","0.5026050209999084","0.5026050209999084","244","244","244"
"12199","0.48658132553100586","0.48658132553100586","0.48658132553100586","245","245","245"
"12249","0.5278285145759583","0.5278285145759583","0.5278285145759583","246","246","246"
"12299","0.5829943418502808","0.5829943418502808","0.5829943418502808","247","247","247"
"12349","0.5257778763771057","0.5257778763771057","0.5257778763771057","248","248","248"
"12399","0.36108672618865967","0.36108672618865967","0.36108672618865967","249","249","249"
"12449","0.43489688634872437","0.43489688634872437","0.43489688634872437","250","250","250"
"12499","0.6590148210525513","0.6590148210525513","0.6590148210525513","251","251","251"
"12549","0.4665646255016327","0.4665646255016327","0.4665646255016327","252","252","252"
"12599","0.5816900730133057","0.5816900730133057","0.5816900730133057","253","253","253"
"12649","0.6644600033760071","0.6644600033760071","0.6644600033760071","254","254","254"
"12699","0.49963122606277466","0.49963122606277466","0.49963122606277466","255","255","255"
"12749","0.3851764500141144","0.3851764500141144","0.3851764500141144","256","256","256"
"12799","0.4589364528656006","0.4589364528656006","0.4589364528656006","257","257","257"
"12849","0.5640504360198975","0.5640504360198975","0.5640504360198975","258","258","258"
"12899","0.4916166067123413","0.4916166067123413","0.4916166067123413","259","259","259"
"12949","0.5077481865882874","0.5077481865882874","0.5077481865882874","260","260","260"
"12999","0.44812020659446716","0.44812020659446716","0.44812020659446716","261","261","261"
"13049","0.5003808736801147","0.5003808736801147","0.5003808736801147","262","262","262"
"13099","0.4325397312641144","0.4325397312641144","0.4325397312641144","263","263","263"
"13149","0.5419129133224487","0.5419129133224487","0.5419129133224487","264","264","264"
"13199","0.4655962884426117","0.4655962884426117","0.4655962884426117","265","265","265"
"13249","0.8066694736480713","0.8066694736480713","0.8066694736480713","266","266","266"
"13299","0.6132176518440247","0.6132176518440247","0.6132176518440247","267","267","267"
"13349","0.390211820602417","0.390211820602417","0.390211820602417","268","268","268"
"13399","0.6147322058677673","0.6147322058677673","0.6147322058677673","269","269","269"
"13449","0.4747774004936218","0.4747774004936218","0.4747774004936218","270","270","270"
"13499","0.4922639727592468","0.4922639727592468","0.4922639727592468","271","271","271"
"13549","0.583203911781311","0.583203911781311","0.583203911781311","272","272","272"
"13599","0.45146995782852173","0.45146995782852173","0.45146995782852173","273","273","273"
"13649","0.6425893306732178","0.6425893306732178","0.6425893306732178","274","274","274"
"13699","0.4480089247226715","0.4480089247226715","0.4480089247226715","275","275","275"
"13749","0.4000110626220703","0.4000110626220703","0.4000110626220703","276","276","276"
"13799","0.48323988914489746","0.48323988914489746","0.48323988914489746","277","277","277"
"13849","0.46737563610076904","0.46737563610076904","0.46737563610076904","278","278","278"
"13899","0.6026979088783264","0.6026979088783264","0.6026979088783264","279","279","279"
"13949","0.4492540955543518","0.4492540955543518","0.4492540955543518","280","280","280"
"13999","0.5387228727340698","0.5387228727340698","0.5387228727340698","281","281","281"
"14049","0.6290221810340881","0.6290221810340881","0.6290221810340881","282","282","282"
"14099","0.7924206852912903","0.7924206852912903","0.7924206852912903","283","283","283"
"14149","0.5563368201255798","0.5563368201255798","0.5563368201255798","284","284","284"
"14199","0.5062239170074463","0.5062239170074463","0.5062239170074463","285","285","285"
"14249","0.5627760887145996","0.5627760887145996","0.5627760887145996","286","286","286"
"14299","0.6303650736808777","0.6303650736808777","0.6303650736808777","287","287","287"
"14349","0.5942898988723755","0.5942898988723755","0.5942898988723755","288","288","288"
"14399","0.46653419733047485","0.46653419733047485","0.46653419733047485","289","289","289"
"14449","0.48880285024642944","0.48880285024642944","0.48880285024642944","290","290","290"
"14499","0.44993796944618225","0.44993796944618225","0.44993796944618225","291","291","291"
"14549","0.4397720694541931","0.4397720694541931","0.4397720694541931","292","292","292"
"14599","0.47187235951423645","0.47187235951423645","0.47187235951423645","293","293","293"
"14649","0.4912566840648651","0.4912566840648651","0.4912566840648651","294","294","294"
"14699","0.5294051170349121","0.5294051170349121","0.5294051170349121","295","295","295"
"14749","0.5079871416091919","0.5079871416091919","0.5079871416091919","296","296","296"
"14799","0.431238055229187","0.431238055229187","0.431238055229187","297","297","297"
"14849","0.42729735374450684","0.42729735374450684","0.42729735374450684","298","298","298"
"14899","0.45601651072502136","0.45601651072502136","0.45601651072502136","299","299","299"
"14949","0.42993777990341187","0.42993777990341187","0.42993777990341187","300","300","300"
"14999","0.4012351930141449","0.4012351930141449","0.4012351930141449","301","301","301"
"15049","0.3930710554122925","0.3930710554122925","0.3930710554122925","303","303","303"
"15099","0.47343817353248596","0.47343817353248596","0.47343817353248596","304","304","304"
"15149","0.43731093406677246","0.43731093406677246","0.43731093406677246","305","305","305"
"15199","0.4387827217578888","0.4387827217578888","0.4387827217578888","306","306","306"
"15249","0.46378710865974426","0.46378710865974426","0.46378710865974426","307","307","307"
"15299","0.43608522415161133","0.43608522415161133","0.43608522415161133","308","308","308"
"15349","0.5002719759941101","0.5002719759941101","0.5002719759941101","309","309","309"
"15399","0.3925391435623169","0.3925391435623169","0.3925391435623169","310","310","310"
"15449","0.5590672492980957","0.5590672492980957","0.5590672492980957","311","311","311"
"15499","0.4746442437171936","0.4746442437171936","0.4746442437171936","312","312","312"
"15549","0.48213598132133484","0.48213598132133484","0.48213598132133484","313","313","313"
"15599","0.5331548452377319","0.5331548452377319","0.5331548452377319","314","314","314"
"15649","0.5914489030838013","0.5914489030838013","0.5914489030838013","315","315","315"
"15699","0.42667722702026367","0.42667722702026367","0.42667722702026367","316","316","316"
"15749","0.4081110954284668","0.4081110954284668","0.4081110954284668","317","317","317"
"15799","0.5545387268066406","0.5545387268066406","0.5545387268066406","318","318","318"
"15849","0.3979280889034271","0.3979280889034271","0.3979280889034271","319","319","319"
"15899","0.4512314796447754","0.4512314796447754","0.4512314796447754","320","320","320"
"15949","0.4761773943901062","0.4761773943901062","0.4761773943901062","321","321","321"
"15999","0.3945710062980652","0.3945710062980652","0.3945710062980652","322","322","322"
"16049","0.47141528129577637","0.47141528129577637","0.47141528129577637","323","323","323"
"16099","0.36322641372680664","0.36322641372680664","0.36322641372680664","324","324","324"
"16149","0.5367172956466675","0.5367172956466675","0.5367172956466675","325","325","325"
"16199","0.5236791372299194","0.5236791372299194","0.5236791372299194","326","326","326"
"16249","0.4012916386127472","0.4012916386127472","0.4012916386127472","327","327","327"
"16299","0.4878966212272644","0.4878966212272644","0.4878966212272644","328","328","328"
"16349","0.4525059759616852","0.4525059759616852","0.4525059759616852","329","329","329"
"16399","0.43632763624191284","0.43632763624191284","0.43632763624191284","330","330","330"
"16449","0.5749225616455078","0.5749225616455078","0.5749225616455078","331","331","331"
"16499","0.385220468044281","0.385220468044281","0.385220468044281","332","332","332"
"16549","0.4437348246574402","0.4437348246574402","0.4437348246574402","333","333","333"
"16599","0.3874245882034302","0.3874245882034302","0.3874245882034302","334","334","334"
"16649","0.4425703287124634","0.4425703287124634","0.4425703287124634","335","335","335"
"16699","0.4868762195110321","0.4868762195110321","0.4868762195110321","336","336","336"
"16749","0.6204362511634827","0.6204362511634827","0.6204362511634827","337","337","337"
"16799","0.39041051268577576","0.39041051268577576","0.39041051268577576","338","338","338"
"16849","0.5121287107467651","0.5121287107467651","0.5121287107467651","339","339","339"
"16899","0.34955769777297974","0.34955769777297974","0.34955769777297974","340","340","340"
"16949","0.3404002785682678","0.3404002785682678","0.3404002785682678","341","341","341"
"16999","0.5097440481185913","0.5097440481185913","0.5097440481185913","342","342","342"
"17049","0.5052313208580017","0.5052313208580017","0.5052313208580017","343","343","343"
"17099","0.6214011907577515","0.6214011907577515","0.6214011907577515","344","344","344"
"17149","0.7138112187385559","0.7138112187385559","0.7138112187385559","345","345","345"
"17199","0.7198413610458374","0.7198413610458374","0.7198413610458374","346","346","346"
"17249","0.38260331749916077","0.38260331749916077","0.38260331749916077","347","347","347"
"17299","0.4945937395095825","0.4945937395095825","0.4945937395095825","348","348","348"
"17349","0.5154216289520264","0.5154216289520264","0.5154216289520264","349","349","349"
"17399","0.5233908891677856","0.5233908891677856","0.5233908891677856","350","350","350"
"17449","0.4090312719345093","0.4090312719345093","0.4090312719345093","351","351","351"
"17499","0.3425357937812805","0.3425357937812805","0.3425357937812805","352","352","352"
"17549","0.4176684617996216","0.4176684617996216","0.4176684617996216","353","353","353"
"17599","0.4709637463092804","0.4709637463092804","0.4709637463092804","354","354","354"
"17649","0.4596553444862366","0.4596553444862366","0.4596553444862366","355","355","355"
"17699","0.4006544351577759","0.4006544351577759","0.4006544351577759","356","356","356"
"17749","0.34607431292533875","0.34607431292533875","0.34607431292533875","357","357","357"
"17799","0.4323950409889221","0.4323950409889221","0.4323950409889221","358","358","358"
"17849","0.46270161867141724","0.46270161867141724","0.46270161867141724","359","359","359"
"17899","0.4183335602283478","0.4183335602283478","0.4183335602283478","360","360","360"
"17949","0.6652038097381592","0.6652038097381592","0.6652038097381592","361","361","361"
"17999","0.42303115129470825","0.42303115129470825","0.42303115129470825","362","362","362"
"18049","0.4643777012825012","0.4643777012825012","0.4643777012825012","363","363","363"
"18099","0.4009248614311218","0.4009248614311218","0.4009248614311218","364","364","364"
"18149","0.38109132647514343","0.38109132647514343","0.38109132647514343","365","365","365"
"18199","0.4593966007232666","0.4593966007232666","0.4593966007232666","366","366","366"
"18249","0.39243435859680176","0.39243435859680176","0.39243435859680176","367","367","367"
"18299","0.4507245719432831","0.4507245719432831","0.4507245719432831","368","368","368"
"18349","0.43910348415374756","0.43910348415374756","0.43910348415374756","369","369","369"
"18399","0.39240267872810364","0.39240267872810364","0.39240267872810364","370","370","370"
"18449","0.5391684770584106","0.5391684770584106","0.5391684770584106","371","371","371"
"18499","0.44174492359161377","0.44174492359161377","0.44174492359161377","372","372","372"
"18549","0.5168368220329285","0.5168368220329285","0.5168368220329285","373","373","373"
"18599","0.48155537247657776","0.48155537247657776","0.48155537247657776","374","374","374"
"18649","0.3566969037055969","0.3566969037055969","0.3566969037055969","375","375","375"
"18699","0.4375822842121124","0.4375822842121124","0.4375822842121124","376","376","376"
"18749","0.4204740524291992","0.4204740524291992","0.4204740524291992","377","377","377"
"18799","0.3840387761592865","0.3840387761592865","0.3840387761592865","378","378","378"
"18849","0.4468437433242798","0.4468437433242798","0.4468437433242798","379","379","379"
"18899","0.33578062057495117","0.33578062057495117","0.33578062057495117","380","380","380"
"18949","0.39341285824775696","0.39341285824775696","0.39341285824775696","381","381","381"
"18999","0.48696255683898926","0.48696255683898926","0.48696255683898926","382","382","382"
"19049","0.7671055197715759","0.7671055197715759","0.7671055197715759","383","383","383"
"19099","0.3672078251838684","0.3672078251838684","0.3672078251838684","384","384","384"
"19149","0.4062569737434387","0.4062569737434387","0.4062569737434387","385","385","385"
"19199","0.46349194645881653","0.46349194645881653","0.46349194645881653","386","386","386"
"19249","0.6632423400878906","0.6632423400878906","0.6632423400878906","387","387","387"
"19299","0.3655855059623718","0.3655855059623718","0.3655855059623718","388","388","388"
"19349","0.5760340094566345","0.5760340094566345","0.5760340094566345","389","389","389"
"19399","0.4697704613208771","0.4697704613208771","0.4697704613208771","390","390","390"
"19449","0.4725257158279419","0.4725257158279419","0.4725257158279419","391","391","391"
"19499","0.4615408182144165","0.4615408182144165","0.4615408182144165","392","392","392"
"19549","0.48529237508773804","0.48529237508773804","0.48529237508773804","393","393","393"
"19599","0.4920060336589813","0.4920060336589813","0.4920060336589813","394","394","394"
"19649","0.5913028120994568","0.5913028120994568","0.5913028120994568","395","395","395"
"19699","0.4997532069683075","0.4997532069683075","0.4997532069683075","396","396","396"
"19749","0.37095266580581665","0.37095266580581665","0.37095266580581665","397","397","397"
"19799","0.4082246422767639","0.4082246422767639","0.4082246422767639","398","398","398"
"19849","0.350015789270401","0.350015789270401","0.350015789270401","399","399","399"
"19899","0.3860098123550415","0.3860098123550415","0.3860098123550415","400","400","400"
"19949","0.4059716463088989","0.4059716463088989","0.4059716463088989","401","401","401"
"19999","0.47662439942359924","0.47662439942359924","0.47662439942359924","402","402","402"
"20049","0.6874942779541016","0.6874942779541016","0.6874942779541016","404","404","404"
"20099","0.6951376795768738","0.6951376795768738","0.6951376795768738","405","405","405"
"20149","0.5795742273330688","0.5795742273330688","0.5795742273330688","406","406","406"
"20199","0.34237372875213623","0.34237372875213623","0.34237372875213623","407","407","407"
"20249","0.4371485114097595","0.4371485114097595","0.4371485114097595","408","408","408"
"20299","0.4846634566783905","0.4846634566783905","0.4846634566783905","409","409","409"
"20349","0.4791513681411743","0.4791513681411743","0.4791513681411743","410","410","410"
"20399","0.3902202844619751","0.3902202844619751","0.3902202844619751","411","411","411"
"20449","0.4044557809829712","0.4044557809829712","0.4044557809829712","412","412","412"
"20499","0.7760083675384521","0.7760083675384521","0.7760083675384521","413","413","413"
"20549","0.49610036611557007","0.49610036611557007","0.49610036611557007","414","414","414"
"20599","0.4904785454273224","0.4904785454273224","0.4904785454273224","415","415","415"
"20649","0.3839695453643799","0.3839695453643799","0.3839695453643799","416","416","416"
"20699","0.46489349007606506","0.46489349007606506","0.46489349007606506","417","417","417"
"20749","0.34746092557907104","0.34746092557907104","0.34746092557907104","418","418","418"
"20799","0.8490117192268372","0.8490117192268372","0.8490117192268372","419","419","419"
"20849","0.4390614628791809","0.4390614628791809","0.4390614628791809","420","420","420"
"20899","0.6074453592300415","0.6074453592300415","0.6074453592300415","421","421","421"
"20949","0.8569961786270142","0.8569961786270142","0.8569961786270142","422","422","422"
"20999","0.6748684644699097","0.6748684644699097","0.6748684644699097","423","423","423"
"21049","0.5321922302246094","0.5321922302246094","0.5321922302246094","424","424","424"
"21099","0.4211347997188568","0.4211347997188568","0.4211347997188568","425","425","425"
"21149","0.460915744304657","0.460915744304657","0.460915744304657","426","426","426"
"21199","0.5265207290649414","0.5265207290649414","0.5265207290649414","427","427","427"
"21249","0.5290099382400513","0.5290099382400513","0.5290099382400513","428","428","428"
"21299","0.4336923360824585","0.4336923360824585","0.4336923360824585","429","429","429"
"21349","0.6620801687240601","0.6620801687240601","0.6620801687240601","430","430","430"
"21399","0.4780983328819275","0.4780983328819275","0.4780983328819275","431","431","431"
"21449","0.4794365167617798","0.4794365167617798","0.4794365167617798","432","432","432"
"21499","0.4518935978412628","0.4518935978412628","0.4518935978412628","433","433","433"
"21549","0.45188963413238525","0.45188963413238525","0.45188963413238525","434","434","434"
"21599","0.36894911527633667","0.36894911527633667","0.36894911527633667","435","435","435"
"21649","0.40864425897598267","0.40864425897598267","0.40864425897598267","436","436","436"
"21699","0.4008120596408844","0.4008120596408844","0.4008120596408844","437","437","437"
"21749","0.3866398334503174","0.3866398334503174","0.3866398334503174","438","438","438"
"21799","0.4116559624671936","0.4116559624671936","0.4116559624671936","439","439","439"
"21849","0.44388002157211304","0.44388002157211304","0.44388002157211304","440","440","440"
"21899","0.5864264369010925","0.5864264369010925","0.5864264369010925","441","441","441"
"21949","0.3889281153678894","0.3889281153678894","0.3889281153678894","442","442","442"
"21999","0.413418710231781","0.413418710231781","0.413418710231781","443","443","443"
"22049","0.502312421798706","0.502312421798706","0.502312421798706","444","444","444"
"22099","0.5084781050682068","0.5084781050682068","0.5084781050682068","445","445","445"
"22149","0.3726532757282257","0.3726532757282257","0.3726532757282257","446","446","446"
"22199","0.3479689359664917","0.3479689359664917","0.3479689359664917","447","447","447"
"22249","0.48945704102516174","0.48945704102516174","0.48945704102516174","448","448","448"
"22299","0.3759737014770508","0.3759737014770508","0.3759737014770508","449","449","449"
"22349","0.5610660314559937","0.5610660314559937","0.5610660314559937","450","450","450"
"22399","0.43823421001434326","0.43823421001434326","0.43823421001434326","451","451","451"
"22449","0.49330002069473267","0.49330002069473267","0.49330002069473267","452","452","452"
"22499","0.5127131938934326","0.5127131938934326","0.5127131938934326","453","453","453"
"22549","0.4092751443386078","0.4092751443386078","0.4092751443386078","454","454","454"
"22599","0.6386656761169434","0.6386656761169434","0.6386656761169434","455","455","455"
"22649","0.43731868267059326","0.43731868267059326","0.43731868267059326","456","456","456"
"22699","0.36058366298675537","0.36058366298675537","0.36058366298675537","457","457","457"
"22749","0.5961193442344666","0.5961193442344666","0.5961193442344666","458","458","458"
"22799","0.43220239877700806","0.43220239877700806","0.43220239877700806","459","459","459"
"22849","0.6166231632232666","0.6166231632232666","0.6166231632232666","460","460","460"
"22899","0.3565860390663147","0.3565860390663147","0.3565860390663147","461","461","461"
"22949","0.3846241235733032","0.3846241235733032","0.3846241235733032","462","462","462"
"22999","0.5220427513122559","0.5220427513122559","0.5220427513122559","463","463","463"
"23049","0.3971337676048279","0.3971337676048279","0.3971337676048279","464","464","464"
"23099","0.5379000306129456","0.5379000306129456","0.5379000306129456","465","465","465"
"23149","0.4551805257797241","0.4551805257797241","0.4551805257797241","466","466","466"
"23199","0.4279055595397949","0.4279055595397949","0.4279055595397949","467","467","467"
"23249","0.3137485384941101","0.3137485384941101","0.3137485384941101","468","468","468"
"23299","0.36689305305480957","0.36689305305480957","0.36689305305480957","469","469","469"
"23349","0.4116705060005188","0.4116705060005188","0.4116705060005188","470","470","470"
"23399","0.43766945600509644","0.43766945600509644","0.43766945600509644","471","471","471"
"23449","0.36395263671875","0.36395263671875","0.36395263671875","472","472","472"
"23499","0.4677354693412781","0.4677354693412781","0.4677354693412781","473","473","473"
"23549","0.35502251982688904","0.35502251982688904","0.35502251982688904","474","474","474"
"23599","0.4627628028392792","0.4627628028392792","0.4627628028392792","475","475","475"
"23649","0.38752010464668274","0.38752010464668274","0.38752010464668274","476","476","476"
"23699","0.4272442162036896","0.4272442162036896","0.4272442162036896","477","477","477"
"23749","0.48448988795280457","0.48448988795280457","0.48448988795280457","478","478","478"
"23799","0.5268521308898926","0.5268521308898926","0.5268521308898926","479","479","479"
"23849","1.3380979299545288","1.3380979299545288","1.3380979299545288","480","480","480"
"23899","0.3318120837211609","0.3318120837211609","0.3318120837211609","481","481","481"
"23949","0.4541674852371216","0.4541674852371216","0.4541674852371216","482","482","482"
"23999","0.3511448800563812","0.3511448800563812","0.3511448800563812","483","483","483"
"24049","0.4903567433357239","0.4903567433357239","0.4903567433357239","484","484","484"
"24099","0.4179663062095642","0.4179663062095642","0.4179663062095642","485","485","485"
"24149","0.5219712257385254","0.5219712257385254","0.5219712257385254","486","486","486"
"24199","0.31883299350738525","0.31883299350738525","0.31883299350738525","487","487","487"
"24249","0.47790467739105225","0.47790467739105225","0.47790467739105225","488","488","488"
"24299","0.39841321110725403","0.39841321110725403","0.39841321110725403","489","489","489"
"24349","0.39354121685028076","0.39354121685028076","0.39354121685028076","490","490","490"
"24399","0.42942988872528076","0.42942988872528076","0.42942988872528076","491","491","491"
"24449","0.39567962288856506","0.39567962288856506","0.39567962288856506","492","492","492"
"24499","0.545392632484436","0.545392632484436","0.545392632484436","493","493","493"
"24549","0.3411366939544678","0.3411366939544678","0.3411366939544678","494","494","494"
"24599","0.42661210894584656","0.42661210894584656","0.42661210894584656","495","495","495"
"24649","0.4371456503868103","0.4371456503868103","0.4371456503868103","496","496","496"
"24699","0.4921402335166931","0.4921402335166931","0.4921402335166931","497","497","497"
"24749","0.46468454599380493","0.46468454599380493","0.46468454599380493","498","498","498"
"24799","0.33022817969322205","0.33022817969322205","0.33022817969322205","499","499","499"
"24849","0.42673876881599426","0.42673876881599426","0.42673876881599426","500","500","500"
"24899","0.5955572128295898","0.5955572128295898","0.5955572128295898","501","501","501"
"24949","0.387256920337677","0.387256920337677","0.387256920337677","502","502","502"
"24999","0.3873371481895447","0.3873371481895447","0.3873371481895447","503","503","503"
"25049","0.32835322618484497","0.32835322618484497","0.32835322618484497","505","505","505"
"25099","0.5868250131607056","0.5868250131607056","0.5868250131607056","506","506","506"
"25149","0.3399008512496948","0.3399008512496948","0.3399008512496948","507","507","507"
"25199","0.41258591413497925","0.41258591413497925","0.41258591413497925","508","508","508"
"25249","0.4312632381916046","0.4312632381916046","0.4312632381916046","509","509","509"
"25299","0.7572284936904907","0.7572284936904907","0.7572284936904907","510","510","510"
"25349","0.42459505796432495","0.42459505796432495","0.42459505796432495","511","511","511"
"25399","0.39535725116729736","0.39535725116729736","0.39535725116729736","512","512","512"
"25449","0.4997645616531372","0.4997645616531372","0.4997645616531372","513","513","513"
"25499","0.4289968013763428","0.4289968013763428","0.4289968013763428","514","514","514"
"25549","0.38102173805236816","0.38102173805236816","0.38102173805236816","515","515","515"
"25599","0.4716714024543762","0.4716714024543762","0.4716714024543762","516","516","516"
"25649","0.322662889957428","0.322662889957428","0.322662889957428","517","517","517"
"25699","0.4551275968551636","0.4551275968551636","0.4551275968551636","518","518","518"
"25749","0.3631975054740906","0.3631975054740906","0.3631975054740906","519","519","519"
"25799","0.6458221077919006","0.6458221077919006","0.6458221077919006","520","520","520"
"25849","0.39404183626174927","0.39404183626174927","0.39404183626174927","521","521","521"
"25899","0.38390204310417175","0.38390204310417175","0.38390204310417175","522","522","522"
"25949","0.451509952545166","0.451509952545166","0.451509952545166","523","523","523"
"25999","0.40037888288497925","0.40037888288497925","0.40037888288497925","524","524","524"
"26049","0.32186323404312134","0.32186323404312134","0.32186323404312134","525","525","525"
"26099","0.5163735151290894","0.5163735151290894","0.5163735151290894","526","526","526"
"26149","0.46447402238845825","0.46447402238845825","0.46447402238845825","527","527","527"
"26199","0.5264569520950317","0.5264569520950317","0.5264569520950317","528","528","528"
"26249","0.3633478879928589","0.3633478879928589","0.3633478879928589","529","529","529"
"26299","0.3774528503417969","0.3774528503417969","0.3774528503417969","530","530","530"
"26349","0.4453081786632538","0.4453081786632538","0.4453081786632538","531","531","531"
"26399","0.4818940758705139","0.4818940758705139","0.4818940758705139","532","532","532"
"26449","0.37765300273895264","0.37765300273895264","0.37765300273895264","533","533","533"
"26499","0.42176204919815063","0.42176204919815063","0.42176204919815063","534","534","534"
"26549","0.5121713876724243","0.5121713876724243","0.5121713876724243","535","535","535"
"26599","0.44345659017562866","0.44345659017562866","0.44345659017562866","536","536","536"
"26649","0.3408401906490326","0.3408401906490326","0.3408401906490326","537","537","537"
"26699","0.36414843797683716","0.36414843797683716","0.36414843797683716","538","538","538"
"26749","0.35763901472091675","0.35763901472091675","0.35763901472091675","539","539","539"
"26799","0.4226139187812805","0.4226139187812805","0.4226139187812805","540","540","540"
"26849","0.4991441071033478","0.4991441071033478","0.4991441071033478","541","541","541"
"26899","0.4046480655670166","0.4046480655670166","0.4046480655670166","542","542","542"
"26949","0.6040011644363403","0.6040011644363403","0.6040011644363403","543","543","543"
"26999","0.5493823289871216","0.5493823289871216","0.5493823289871216","544","544","544"
"27049","0.39598727226257324","0.39598727226257324","0.39598727226257324","545","545","545"
"27099","0.4287070035934448","0.4287070035934448","0.4287070035934448","546","546","546"
"27149","0.39837926626205444","0.39837926626205444","0.39837926626205444","547","547","547"
"27199","0.33069688081741333","0.33069688081741333","0.33069688081741333","548","548","548"
"27249","0.4445715844631195","0.4445715844631195","0.4445715844631195","549","549","549"
"27299","0.40999090671539307","0.40999090671539307","0.40999090671539307","550","550","550"
"27349","0.4046243131160736","0.4046243131160736","0.4046243131160736","551","551","551"
"27399","0.4293527603149414","0.4293527603149414","0.4293527603149414","552","552","552"
"27449","0.45956432819366455","0.45956432819366455","0.45956432819366455","553","553","553"
"27499","0.4389876127243042","0.4389876127243042","0.4389876127243042","554","554","554"
"27549","0.466860830783844","0.466860830783844","0.466860830783844","555","555","555"
"27599","0.30876845121383667","0.30876845121383667","0.30876845121383667","556","556","556"
"27649","0.4855911433696747","0.4855911433696747","0.4855911433696747","557","557","557"
"27699","0.406427264213562","0.406427264213562","0.406427264213562","558","558","558"
"27749","0.37204110622406006","0.37204110622406006","0.37204110622406006","559","559","559"
"27799","0.4495231509208679","0.4495231509208679","0.4495231509208679","560","560","560"
"27849","0.40905261039733887","0.40905261039733887","0.40905261039733887","561","561","561"
"27899","0.44683051109313965","0.44683051109313965","0.44683051109313965","562","562","562"
"27949","0.4128325283527374","0.4128325283527374","0.4128325283527374","563","563","563"
"27999","0.38646450638771057","0.38646450638771057","0.38646450638771057","564","564","564"
"28049","0.3647211790084839","0.3647211790084839","0.3647211790084839","565","565","565"
"28099","0.3680131435394287","0.3680131435394287","0.3680131435394287","566","566","566"
"28149","0.3476622998714447","0.3476622998714447","0.3476622998714447","567","567","567"
"28199","0.3664783835411072","0.3664783835411072","0.3664783835411072","568","568","568"
"28249","0.3954296112060547","0.3954296112060547","0.3954296112060547","569","569","569"
"28299","0.41110941767692566","0.41110941767692566","0.41110941767692566","570","570","570"
"28349","0.370121031999588","0.370121031999588","0.370121031999588","571","571","571"
"28399","0.4364868402481079","0.4364868402481079","0.4364868402481079","572","572","572"
"28449","0.40469127893447876","0.40469127893447876","0.40469127893447876","573","573","573"
"28499","0.3784036338329315","0.3784036338329315","0.3784036338329315","574","574","574"
"28549","0.48050370812416077","0.48050370812416077","0.48050370812416077","575","575","575"
"28599","0.3136473298072815","0.3136473298072815","0.3136473298072815","576","576","576"
"28649","0.3476189076900482","0.3476189076900482","0.3476189076900482","577","577","577"
"28699","0.37013113498687744","0.37013113498687744","0.37013113498687744","578","578","578"
"28749","0.3578420877456665","0.3578420877456665","0.3578420877456665","579","579","579"
"28799","0.40404051542282104","0.40404051542282104","0.40404051542282104","580","580","580"
"28849","0.3428671956062317","0.3428671956062317","0.3428671956062317","581","581","581"
"28899","0.36808913946151733","0.36808913946151733","0.36808913946151733","582","582","582"
"28949","0.35892248153686523","0.35892248153686523","0.35892248153686523","583","583","583"
"28999","0.41538572311401367","0.41538572311401367","0.41538572311401367","584","584","584"
"29049","0.38517865538597107","0.38517865538597107","0.38517865538597107","585","585","585"
"29099","0.4075466990470886","0.4075466990470886","0.4075466990470886","586","586","586"
"29149","0.31919461488723755","0.31919461488723755","0.31919461488723755","587","587","587"
"29199","0.4833332300186157","0.4833332300186157","0.4833332300186157","588","588","588"
"29249","0.4370761811733246","0.4370761811733246","0.4370761811733246","589","589","589"
"29299","0.4077620208263397","0.4077620208263397","0.4077620208263397","590","590","590"
"29349","0.31644654273986816","0.31644654273986816","0.31644654273986816","591","591","591"
"29399","0.4363100826740265","0.4363100826740265","0.4363100826740265","592","592","592"
"29449","0.44789597392082214","0.44789597392082214","0.44789597392082214","593","593","593"
"29499","0.3705860376358032","0.3705860376358032","0.3705860376358032","594","594","594"
"29549","0.39387983083724976","0.39387983083724976","0.39387983083724976","595","595","595"
"29599","0.5214142799377441","0.5214142799377441","0.5214142799377441","596","596","596"
"29649","0.4083879292011261","0.4083879292011261","0.4083879292011261","597","597","597"
"29699","0.3792148232460022","0.3792148232460022","0.3792148232460022","598","598","598"
"29749","0.47266149520874023","0.47266149520874023","0.47266149520874023","599","599","599"
"29799","0.4209044575691223","0.4209044575691223","0.4209044575691223","600","600","600"
"29849","0.6084445714950562","0.6084445714950562","0.6084445714950562","601","601","601"
"29899","0.3586810231208801","0.3586810231208801","0.3586810231208801","602","602","602"
"29949","0.38461506366729736","0.38461506366729736","0.38461506366729736","603","603","603"
"29999","0.34174054861068726","0.34174054861068726","0.34174054861068726","604","604","604"
"30049","0.4169963002204895","0.4169963002204895","0.4169963002204895","606","606","606"
"30099","0.4113326668739319","0.4113326668739319","0.4113326668739319","607","607","607"
"30149","0.375013530254364","0.375013530254364","0.375013530254364","608","608","608"
"30199","0.4172416925430298","0.4172416925430298","0.4172416925430298","609","609","609"
"30249","0.33815997838974","0.33815997838974","0.33815997838974","610","610","610"
"30299","0.45824670791625977","0.45824670791625977","0.45824670791625977","611","611","611"
"30349","0.42144739627838135","0.42144739627838135","0.42144739627838135","612","612","612"
"30399","0.41719213128089905","0.41719213128089905","0.41719213128089905","613","613","613"
"30449","0.411548376083374","0.411548376083374","0.411548376083374","614","614","614"
"30499","0.5293890237808228","0.5293890237808228","0.5293890237808228","615","615","615"
"30549","0.404052734375","0.404052734375","0.404052734375","616","616","616"
"30599","0.3948935866355896","0.3948935866355896","0.3948935866355896","617","617","617"
"30649","0.608934760093689","0.608934760093689","0.608934760093689","618","618","618"
"30699","0.5718814134597778","0.5718814134597778","0.5718814134597778","619","619","619"
"30749","0.5166610479354858","0.5166610479354858","0.5166610479354858","620","620","620"
"30799","0.3425590693950653","0.3425590693950653","0.3425590693950653","621","621","621"
"30849","0.2949780523777008","0.2949780523777008","0.2949780523777008","622","622","622"
"30899","0.2909928560256958","0.2909928560256958","0.2909928560256958","623","623","623"
"30949","0.44968077540397644","0.44968077540397644","0.44968077540397644","624","624","624"
"30999","0.5594117641448975","0.5594117641448975","0.5594117641448975","625","625","625"
"31049","0.4581889510154724","0.4581889510154724","0.4581889510154724","626","626","626"
"31099","0.455936074256897","0.455936074256897","0.455936074256897","627","627","627"
"31149","0.3173109292984009","0.3173109292984009","0.3173109292984009","628","628","628"
"31199","0.627079963684082","0.627079963684082","0.627079963684082","629","629","629"
"31249","0.3636184334754944","0.3636184334754944","0.3636184334754944","630","630","630"
"31299","0.4223036766052246","0.4223036766052246","0.4223036766052246","631","631","631"
"31349","0.4139094948768616","0.4139094948768616","0.4139094948768616","632","632","632"
"31399","0.4314381182193756","0.4314381182193756","0.4314381182193756","633","633","633"
"31449","0.43973854184150696","0.43973854184150696","0.43973854184150696","634","634","634"
"31499","0.3937518894672394","0.3937518894672394","0.3937518894672394","635","635","635"
"31549","0.32704484462738037","0.32704484462738037","0.32704484462738037","636","636","636"
"31599","0.4522358179092407","0.4522358179092407","0.4522358179092407","637","637","637"
"31649","0.4762299954891205","0.4762299954891205","0.4762299954891205","638","638","638"
"31699","0.37904268503189087","0.37904268503189087","0.37904268503189087","639","639","639"
"31749","0.37626853585243225","0.37626853585243225","0.37626853585243225","640","640","640"
"31799","0.3596140742301941","0.3596140742301941","0.3596140742301941","641","641","641"
"31849","0.4960266351699829","0.4960266351699829","0.4960266351699829","642","642","642"
"31899","0.47181349992752075","0.47181349992752075","0.47181349992752075","643","643","643"
"31949","0.4802364110946655","0.4802364110946655","0.4802364110946655","644","644","644"
"31999","0.322162389755249","0.322162389755249","0.322162389755249","645","645","645"
"32049","0.4472144544124603","0.4472144544124603","0.4472144544124603","646","646","646"
"32099","0.41758477687835693","0.41758477687835693","0.41758477687835693","647","647","647"
"32149","0.4228329062461853","0.4228329062461853","0.4228329062461853","648","648","648"
"32199","0.38156747817993164","0.38156747817993164","0.38156747817993164","649","649","649"
"32249","0.36449065804481506","0.36449065804481506","0.36449065804481506","650","650","650"
"32299","0.4379943609237671","0.4379943609237671","0.4379943609237671","651","651","651"
"32349","0.3805074691772461","0.3805074691772461","0.3805074691772461","652","652","652"
"32399","0.5654194951057434","0.5654194951057434","0.5654194951057434","653","653","653"
"32449","0.43866223096847534","0.43866223096847534","0.43866223096847534","654","654","654"
"32499","0.4327584505081177","0.4327584505081177","0.4327584505081177","655","655","655"
"32549","0.6178921461105347","0.6178921461105347","0.6178921461105347","656","656","656"
"32599","0.4702802896499634","0.4702802896499634","0.4702802896499634","657","657","657"
"32649","0.479830265045166","0.479830265045166","0.479830265045166","658","658","658"
"32699","0.3153764009475708","0.3153764009475708","0.3153764009475708","659","659","659"
"32749","0.41395360231399536","0.41395360231399536","0.41395360231399536","660","660","660"
"32799","0.301419734954834","0.301419734954834","0.301419734954834","661","661","661"
"32849","0.41768813133239746","0.41768813133239746","0.41768813133239746","662","662","662"
"32899","0.40122073888778687","0.40122073888778687","0.40122073888778687","663","663","663"
"32949","0.5298364162445068","0.5298364162445068","0.5298364162445068","664","664","664"
"32999","0.36883965134620667","0.36883965134620667","0.36883965134620667","665","665","665"
"33049","0.37022072076797485","0.37022072076797485","0.37022072076797485","666","666","666"
"33099","0.4593239426612854","0.4593239426612854","0.4593239426612854","667","667","667"
"33149","0.3644539713859558","0.3644539713859558","0.3644539713859558","668","668","668"
"33199","0.4700199365615845","0.4700199365615845","0.4700199365615845","669","669","669"
"33249","0.3336493968963623","0.3336493968963623","0.3336493968963623","670","670","670"
"33299","0.4979854226112366","0.4979854226112366","0.4979854226112366","671","671","671"
"33349","0.3049367070198059","0.3049367070198059","0.3049367070198059","672","672","672"
"33399","0.380738765001297","0.380738765001297","0.380738765001297","673","673","673"
"33449","0.48955562710762024","0.48955562710762024","0.48955562710762024","674","674","674"
"33499","0.37130728363990784","0.37130728363990784","0.37130728363990784","675","675","675"
"33549","0.4348464906215668","0.4348464906215668","0.4348464906215668","676","676","676"
"33599","0.407306969165802","0.407306969165802","0.407306969165802","677","677","677"
"33649","0.44838613271713257","0.44838613271713257","0.44838613271713257","678","678","678"
"33699","0.40055426955223083","0.40055426955223083","0.40055426955223083","679","679","679"
"33749","0.34800243377685547","0.34800243377685547","0.34800243377685547","680","680","680"
"33799","0.38251984119415283","0.38251984119415283","0.38251984119415283","681","681","681"
"33849","0.38931071758270264","0.38931071758270264","0.38931071758270264","682","682","682"
"33899","0.41003698110580444","0.41003698110580444","0.41003698110580444","683","683","683"
"33949","0.3307309150695801","0.3307309150695801","0.3307309150695801","684","684","684"
"33999","0.38969120383262634","0.38969120383262634","0.38969120383262634","685","685","685"
"34049","0.2970970869064331","0.2970970869064331","0.2970970869064331","686","686","686"
"34099","0.3963267207145691","0.3963267207145691","0.3963267207145691","687","687","687"
"34149","0.45264095067977905","0.45264095067977905","0.45264095067977905","688","688","688"
"34199","0.32021355628967285","0.32021355628967285","0.32021355628967285","689","689","689"
"34249","0.3055422306060791","0.3055422306060791","0.3055422306060791","690","690","690"
"34299","0.29961588978767395","0.29961588978767395","0.29961588978767395","691","691","691"
"34349","0.45409151911735535","0.45409151911735535","0.45409151911735535","692","692","692"
"34399","0.3832172155380249","0.3832172155380249","0.3832172155380249","693","693","693"
"34449","0.4424058794975281","0.4424058794975281","0.4424058794975281","694","694","694"
"34499","0.5263022184371948","0.5263022184371948","0.5263022184371948","695","695","695"
"34549","0.37110716104507446","0.37110716104507446","0.37110716104507446","696","696","696"
"34599","0.3407326638698578","0.3407326638698578","0.3407326638698578","697","697","697"
"34649","0.3129986822605133","0.3129986822605133","0.3129986822605133","698","698","698"
"34699","0.4469499886035919","0.4469499886035919","0.4469499886035919","699","699","699"
"34749","0.3570370674133301","0.3570370674133301","0.3570370674133301","700","700","700"
"34799","0.355972021818161","0.355972021818161","0.355972021818161","701","701","701"
"34849","0.4484168291091919","0.4484168291091919","0.4484168291091919","702","702","702"
"34899","1.0045397281646729","1.0045397281646729","1.0045397281646729","703","703","703"
"34949","0.35106605291366577","0.35106605291366577","0.35106605291366577","704","704","704"
"34999","0.40454986691474915","0.40454986691474915","0.40454986691474915","705","705","705"
"35049","0.39282310009002686","0.39282310009002686","0.39282310009002686","707","707","707"
"35099","0.319254606962204","0.319254606962204","0.319254606962204","708","708","708"
"35149","0.3696920871734619","0.3696920871734619","0.3696920871734619","709","709","709"
"35199","1.1745147705078125","1.1745147705078125","1.1745147705078125","710","710","710"
"35249","0.3597404956817627","0.3597404956817627","0.3597404956817627","711","711","711"
"35299","0.45725810527801514","0.45725810527801514","0.45725810527801514","712","712","712"
"35349","0.3705024719238281","0.3705024719238281","0.3705024719238281","713","713","713"
"35399","0.3359432518482208","0.3359432518482208","0.3359432518482208","714","714","714"
"35449","0.3691672682762146","0.3691672682762146","0.3691672682762146","715","715","715"
"35499","0.4639815092086792","0.4639815092086792","0.4639815092086792","716","716","716"
"35549","0.4053977131843567","0.4053977131843567","0.4053977131843567","717","717","717"
"35599","0.43953967094421387","0.43953967094421387","0.43953967094421387","718","718","718"
"35649","0.41210615634918213","0.41210615634918213","0.41210615634918213","719","719","719"
"35699","0.5040678381919861","0.5040678381919861","0.5040678381919861","720","720","720"
"35749","0.40978240966796875","0.40978240966796875","0.40978240966796875","721","721","721"
"35799","0.36273249983787537","0.36273249983787537","0.36273249983787537","722","722","722"
"35849","0.44434401392936707","0.44434401392936707","0.44434401392936707","723","723","723"
"35899","0.37521928548812866","0.37521928548812866","0.37521928548812866","724","724","724"
"35949","0.3912486135959625","0.3912486135959625","0.3912486135959625","725","725","725"
"35999","0.4975326657295227","0.4975326657295227","0.4975326657295227","726","726","726"
"36049","0.3887374997138977","0.3887374997138977","0.3887374997138977","727","727","727"
"36099","0.3598223328590393","0.3598223328590393","0.3598223328590393","728","728","728"
"36149","0.38415640592575073","0.38415640592575073","0.38415640592575073","729","729","729"
"36199","0.3628290295600891","0.3628290295600891","0.3628290295600891","730","730","730"
"36249","0.35746151208877563","0.35746151208877563","0.35746151208877563","731","731","731"
"36299","0.42646676301956177","0.42646676301956177","0.42646676301956177","732","732","732"
"36349","0.33696386218070984","0.33696386218070984","0.33696386218070984","733","733","733"
"36399","0.3224671185016632","0.3224671185016632","0.3224671185016632","734","734","734"
"36449","0.36801421642303467","0.36801421642303467","0.36801421642303467","735","735","735"
"36499","0.3798820674419403","0.3798820674419403","0.3798820674419403","736","736","736"
"36549","0.3641465902328491","0.3641465902328491","0.3641465902328491","737","737","737"
"36599","0.34653788805007935","0.34653788805007935","0.34653788805007935","738","738","738"
"36649","0.3687797784805298","0.3687797784805298","0.3687797784805298","739","739","739"
"36699","0.4710434079170227","0.4710434079170227","0.4710434079170227","740","740","740"
"36749","0.434427946805954","0.434427946805954","0.434427946805954","741","741","741"
"36799","0.3920726180076599","0.3920726180076599","0.3920726180076599","742","742","742"
"36849","0.364533007144928","0.364533007144928","0.364533007144928","743","743","743"
"36899","0.3776684105396271","0.3776684105396271","0.3776684105396271","744","744","744"
"36949","0.3123914301395416","0.3123914301395416","0.3123914301395416","745","745","745"
"36999","0.3670502305030823","0.3670502305030823","0.3670502305030823","746","746","746"
"37049","0.2555428445339203","0.2555428445339203","0.2555428445339203","747","747","747"
"37099","0.31298744678497314","0.31298744678497314","0.31298744678497314","748","748","748"
"37149","0.38250672817230225","0.38250672817230225","0.38250672817230225","749","749","749"
"37199","0.3932487666606903","0.3932487666606903","0.3932487666606903","750","750","750"
"37249","0.4555180072784424","0.4555180072784424","0.4555180072784424","751","751","751"
"37299","0.31734246015548706","0.31734246015548706","0.31734246015548706","752","752","752"
"37349","0.6264163255691528","0.6264163255691528","0.6264163255691528","753","753","753"
"37399","0.3976497948169708","0.3976497948169708","0.3976497948169708","754","754","754"
"37449","0.40544092655181885","0.40544092655181885","0.40544092655181885","755","755","755"
"37499","0.3153116703033447","0.3153116703033447","0.3153116703033447","756","756","756"
"37549","0.377885103225708","0.377885103225708","0.377885103225708","757","757","757"
"37599","0.45862752199172974","0.45862752199172974","0.45862752199172974","758","758","758"
"37649","0.4633660912513733","0.4633660912513733","0.4633660912513733","759","759","759"
"37699","0.4520863890647888","0.4520863890647888","0.4520863890647888","760","760","760"
"37749","0.38913771510124207","0.38913771510124207","0.38913771510124207","761","761","761"
"37799","0.3310917615890503","0.3310917615890503","0.3310917615890503","762","762","762"
"37849","0.4428825378417969","0.4428825378417969","0.4428825378417969","763","763","763"
"37899","0.4433329999446869","0.4433329999446869","0.4433329999446869","764","764","764"
"37949","0.3928923010826111","0.3928923010826111","0.3928923010826111","765","765","765"
"37999","0.4451373517513275","0.4451373517513275","0.4451373517513275","766","766","766"
"38049","0.29898834228515625","0.29898834228515625","0.29898834228515625","767","767","767"
"38099","0.3310977816581726","0.3310977816581726","0.3310977816581726","768","768","768"
"38149","0.3928726315498352","0.3928726315498352","0.3928726315498352","769","769","769"
"38199","0.3868929445743561","0.3868929445743561","0.3868929445743561","770","770","770"
"38249","0.3066096901893616","0.3066096901893616","0.3066096901893616","771","771","771"
"38299","0.44775474071502686","0.44775474071502686","0.44775474071502686","772","772","772"
"38349","0.421111524105072","0.421111524105072","0.421111524105072","773","773","773"
"38399","0.45919090509414673","0.45919090509414673","0.45919090509414673","774","774","774"
"38449","0.4401716887950897","0.4401716887950897","0.4401716887950897","775","775","775"
"38499","0.3214125633239746","0.3214125633239746","0.3214125633239746","776","776","776"
"38549","0.7765859365463257","0.7765859365463257","0.7765859365463257","777","777","777"
"38599","0.31318169832229614","0.31318169832229614","0.31318169832229614","778","778","778"
"38649","0.4609335958957672","0.4609335958957672","0.4609335958957672","779","779","779"
"38699","0.4206751883029938","0.4206751883029938","0.4206751883029938","780","780","780"
"38749","0.3666924238204956","0.3666924238204956","0.3666924238204956","781","781","781"
"38799","0.4441307783126831","0.4441307783126831","0.4441307783126831","782","782","782"
"38849","0.349327027797699","0.349327027797699","0.349327027797699","783","783","783"
"38899","0.32465237379074097","0.32465237379074097","0.32465237379074097","784","784","784"
"38949","0.42180848121643066","0.42180848121643066","0.42180848121643066","785","785","785"
"38999","0.4726502299308777","0.4726502299308777","0.4726502299308777","786","786","786"
"39049","0.5481454133987427","0.5481454133987427","0.5481454133987427","787","787","787"
"39099","0.3924933671951294","0.3924933671951294","0.3924933671951294","788","788","788"
"39149","0.36604318022727966","0.36604318022727966","0.36604318022727966","789","789","789"
"39199","0.35634684562683105","0.35634684562683105","0.35634684562683105","790","790","790"
"39249","0.5252643823623657","0.5252643823623657","0.5252643823623657","791","791","791"
"39299","0.43538936972618103","0.43538936972618103","0.43538936972618103","792","792","792"
"39349","0.4001668393611908","0.4001668393611908","0.4001668393611908","793","793","793"
"39399","0.3215884864330292","0.3215884864330292","0.3215884864330292","794","794","794"
"39449","0.4806516766548157","0.4806516766548157","0.4806516766548157","795","795","795"
"39499","0.408511757850647","0.408511757850647","0.408511757850647","796","796","796"
"39549","0.38100504875183105","0.38100504875183105","0.38100504875183105","797","797","797"
"39599","0.2985127568244934","0.2985127568244934","0.2985127568244934","798","798","798"
"39649","0.4072391390800476","0.4072391390800476","0.4072391390800476","799","799","799"
"39699","0.40023073554039","0.40023073554039","0.40023073554039","800","800","800"
"39749","0.26358726620674133","0.26358726620674133","0.26358726620674133","801","801","801"
"39799","0.35947322845458984","0.35947322845458984","0.35947322845458984","802","802","802"
"39849","0.5000993013381958","0.5000993013381958","0.5000993013381958","803","803","803"
"39899","0.37323248386383057","0.37323248386383057","0.37323248386383057","804","804","804"
"39949","0.36616283655166626","0.36616283655166626","0.36616283655166626","805","805","805"
"39999","0.356397420167923","0.356397420167923","0.356397420167923","806","806","806"
"40049","0.39407676458358765","0.39407676458358765","0.39407676458358765","808","808","808"
"40099","0.2790544033050537","0.2790544033050537","0.2790544033050537","809","809","809"
"40149","0.3684183359146118","0.3684183359146118","0.3684183359146118","810","810","810"
"40199","0.39625608921051025","0.39625608921051025","0.39625608921051025","811","811","811"
"40249","0.44299525022506714","0.44299525022506714","0.44299525022506714","812","812","812"
"40299","0.46395206451416016","0.46395206451416016","0.46395206451416016","813","813","813"
"40349","0.3719673454761505","0.3719673454761505","0.3719673454761505","814","814","814"
"40399","0.47013288736343384","0.47013288736343384","0.47013288736343384","815","815","815"
"40449","0.29909056425094604","0.29909056425094604","0.29909056425094604","816","816","816"
"40499","0.4367634654045105","0.4367634654045105","0.4367634654045105","817","817","817"
"40549","0.4166010618209839","0.4166010618209839","0.4166010618209839","818","818","818"
"40599","0.4390583038330078","0.4390583038330078","0.4390583038330078","819","819","819"
"40649","0.38070738315582275","0.38070738315582275","0.38070738315582275","820","820","820"
"40699","0.3477207124233246","0.3477207124233246","0.3477207124233246","821","821","821"
"40749","0.30417072772979736","0.30417072772979736","0.30417072772979736","822","822","822"
"40799","0.31038713455200195","0.31038713455200195","0.31038713455200195","823","823","823"
"40849","0.3247354328632355","0.3247354328632355","0.3247354328632355","824","824","824"
"40899","0.4557560086250305","0.4557560086250305","0.4557560086250305","825","825","825"
"40949","0.35034608840942383","0.35034608840942383","0.35034608840942383","826","826","826"
"40999","0.335551917552948","0.335551917552948","0.335551917552948","827","827","827"
"41049","0.4477033019065857","0.4477033019065857","0.4477033019065857","828","828","828"
"41099","0.3972572684288025","0.3972572684288025","0.3972572684288025","829","829","829"
"41149","0.3954487144947052","0.3954487144947052","0.3954487144947052","830","830","830"
"41199","0.46672162413597107","0.46672162413597107","0.46672162413597107","831","831","831"
"41249","0.6126101016998291","0.6126101016998291","0.6126101016998291","832","832","832"
"41299","0.4089497923851013","0.4089497923851013","0.4089497923851013","833","833","833"
"41349","0.48271334171295166","0.48271334171295166","0.48271334171295166","834","834","834"
"41399","0.38772594928741455","0.38772594928741455","0.38772594928741455","835","835","835"
"41449","0.35159653425216675","0.35159653425216675","0.35159653425216675","836","836","836"
"41499","0.36977458000183105","0.36977458000183105","0.36977458000183105","837","837","837"
"41549","0.3999421000480652","0.3999421000480652","0.3999421000480652","838","838","838"
"41599","0.331601619720459","0.331601619720459","0.331601619720459","839","839","839"
"41649","0.4609205424785614","0.4609205424785614","0.4609205424785614","840","840","840"
"41699","0.3990306854248047","0.3990306854248047","0.3990306854248047","841","841","841"
"41749","0.3467247486114502","0.3467247486114502","0.3467247486114502","842","842","842"
"41799","0.34930744767189026","0.34930744767189026","0.34930744767189026","843","843","843"
"41849","0.3302542567253113","0.3302542567253113","0.3302542567253113","844","844","844"
"41899","0.33071208000183105","0.33071208000183105","0.33071208000183105","845","845","845"
"41949","0.34771275520324707","0.34771275520324707","0.34771275520324707","846","846","846"
"41999","0.37583139538764954","0.37583139538764954","0.37583139538764954","847","847","847"
"42049","0.36407792568206787","0.36407792568206787","0.36407792568206787","848","848","848"
"42099","0.3567293882369995","0.3567293882369995","0.3567293882369995","849","849","849"
"42149","0.3705611228942871","0.3705611228942871","0.3705611228942871","850","850","850"
"42199","0.3325439393520355","0.3325439393520355","0.3325439393520355","851","851","851"
"42249","0.5039314031600952","0.5039314031600952","0.5039314031600952","852","852","852"
"42299","0.3878949284553528","0.3878949284553528","0.3878949284553528","853","853","853"
"42349","0.35164254903793335","0.35164254903793335","0.35164254903793335","854","854","854"
"42399","0.6519821286201477","0.6519821286201477","0.6519821286201477","855","855","855"
"42449","0.349434494972229","0.349434494972229","0.349434494972229","856","856","856"
"42499","0.277323454618454","0.277323454618454","0.277323454618454","857","857","857"
"42549","0.41629981994628906","0.41629981994628906","0.41629981994628906","858","858","858"
"42599","0.33031657338142395","0.33031657338142395","0.33031657338142395","859","859","859"
"42649","0.38888323307037354","0.38888323307037354","0.38888323307037354","860","860","860"
"42699","0.3449792265892029","0.3449792265892029","0.3449792265892029","861","861","861"
"42749","0.40854403376579285","0.40854403376579285","0.40854403376579285","862","862","862"
"42799","0.35453587770462036","0.35453587770462036","0.35453587770462036","863","863","863"
"42849","0.47232362627983093","0.47232362627983093","0.47232362627983093","864","864","864"
"42899","0.37723302841186523","0.37723302841186523","0.37723302841186523","865","865","865"
"42949","0.5141012668609619","0.5141012668609619","0.5141012668609619","866","866","866"
"42999","0.37774336338043213","0.37774336338043213","0.37774336338043213","867","867","867"
"43049","0.4866430163383484","0.4866430163383484","0.4866430163383484","868","868","868"
"43099","0.5206300020217896","0.5206300020217896","0.5206300020217896","869","869","869"
"43149","0.4497643709182739","0.4497643709182739","0.4497643709182739","870","870","870"
"43199","0.36363059282302856","0.36363059282302856","0.36363059282302856","871","871","871"
"43249","0.42440924048423767","0.42440924048423767","0.42440924048423767","872","872","872"
"43299","0.38156336545944214","0.38156336545944214","0.38156336545944214","873","873","873"
"43349","0.29993462562561035","0.29993462562561035","0.29993462562561035","874","874","874"
"43399","0.3800662159919739","0.3800662159919739","0.3800662159919739","875","875","875"
"43449","0.3649728298187256","0.3649728298187256","0.3649728298187256","876","876","876"
"43499","0.5942975282669067","0.5942975282669067","0.5942975282669067","877","877","877"
"43549","0.45402097702026367","0.45402097702026367","0.45402097702026367","878","878","878"
"43599","0.4544273912906647","0.4544273912906647","0.4544273912906647","879","879","879"
"43649","0.4492217004299164","0.4492217004299164","0.4492217004299164","880","880","880"
"43699","0.5007998943328857","0.5007998943328857","0.5007998943328857","881","881","881"
"43749","0.37262409925460815","0.37262409925460815","0.37262409925460815","882","882","882"
"43799","0.3307363986968994","0.3307363986968994","0.3307363986968994","883","883","883"
"43849","0.3501172363758087","0.3501172363758087","0.3501172363758087","884","884","884"
"43899","0.3727706968784332","0.3727706968784332","0.3727706968784332","885","885","885"
"43949","0.33481475710868835","0.33481475710868835","0.33481475710868835","886","886","886"
"43999","0.5587373971939087","0.5587373971939087","0.5587373971939087","887","887","887"
"44049","0.4399377703666687","0.4399377703666687","0.4399377703666687","888","888","888"
"44099","0.34651774168014526","0.34651774168014526","0.34651774168014526","889","889","889"
"44149","0.37713587284088135","0.37713587284088135","0.37713587284088135","890","890","890"
"44199","0.33762240409851074","0.33762240409851074","0.33762240409851074","891","891","891"
"44249","0.31738919019699097","0.31738919019699097","0.31738919019699097","892","892","892"
"44299","0.38898223638534546","0.38898223638534546","0.38898223638534546","893","893","893"
"44349","0.4171774387359619","0.4171774387359619","0.4171774387359619","894","894","894"
"44399","0.38686344027519226","0.38686344027519226","0.38686344027519226","895","895","895"
"44449","0.35153907537460327","0.35153907537460327","0.35153907537460327","896","896","896"
"44499","0.4877162277698517","0.4877162277698517","0.4877162277698517","897","897","897"
"44549","0.37500739097595215","0.37500739097595215","0.37500739097595215","898","898","898"
"44599","0.3712742328643799","0.3712742328643799","0.3712742328643799","899","899","899"
"44649","0.4340541958808899","0.4340541958808899","0.4340541958808899","900","900","900"
"44699","0.35565173625946045","0.35565173625946045","0.35565173625946045","901","901","901"
"44749","0.3773874044418335","0.3773874044418335","0.3773874044418335","902","902","902"
"44799","0.34002071619033813","0.34002071619033813","0.34002071619033813","903","903","903"
"44849","0.37012779712677","0.37012779712677","0.37012779712677","904","904","904"
"44899","0.3908923864364624","0.3908923864364624","0.3908923864364624","905","905","905"
"44949","0.2950960397720337","0.2950960397720337","0.2950960397720337","906","906","906"
"44999","0.24189451336860657","0.24189451336860657","0.24189451336860657","907","907","907"
"45049","0.39773938059806824","0.39773938059806824","0.39773938059806824","909","909","909"
"45099","0.3562287390232086","0.3562287390232086","0.3562287390232086","910","910","910"
"45149","0.2910851538181305","0.2910851538181305","0.2910851538181305","911","911","911"
"45199","0.28269141912460327","0.28269141912460327","0.28269141912460327","912","912","912"
"45249","0.39888787269592285","0.39888787269592285","0.39888787269592285","913","913","913"
"45299","0.4027923345565796","0.4027923345565796","0.4027923345565796","914","914","914"
"45349","0.40547364950180054","0.40547364950180054","0.40547364950180054","915","915","915"
"45399","0.3955281972885132","0.3955281972885132","0.3955281972885132","916","916","916"
"45449","0.31005537509918213","0.31005537509918213","0.31005537509918213","917","917","917"
"45499","0.42673081159591675","0.42673081159591675","0.42673081159591675","918","918","918"
"45549","0.4159040153026581","0.4159040153026581","0.4159040153026581","919","919","919"
"45599","0.4257062077522278","0.4257062077522278","0.4257062077522278","920","920","920"
"45649","0.47889262437820435","0.47889262437820435","0.47889262437820435","921","921","921"
"45699","0.27319711446762085","0.27319711446762085","0.27319711446762085","922","922","922"
"45749","0.37835219502449036","0.37835219502449036","0.37835219502449036","923","923","923"
"45799","0.44759100675582886","0.44759100675582886","0.44759100675582886","924","924","924"
"45849","0.4274176359176636","0.4274176359176636","0.4274176359176636","925","925","925"
"45899","0.3022245764732361","0.3022245764732361","0.3022245764732361","926","926","926"
"45949","0.2999206483364105","0.2999206483364105","0.2999206483364105","927","927","927"
"45999","0.3378797471523285","0.3378797471523285","0.3378797471523285","928","928","928"
"46049","0.33853593468666077","0.33853593468666077","0.33853593468666077","929","929","929"
"46099","0.3754398822784424","0.3754398822784424","0.3754398822784424","930","930","930"
"46149","0.401736855506897","0.401736855506897","0.401736855506897","931","931","931"
"46199","0.41885852813720703","0.41885852813720703","0.41885852813720703","932","932","932"
"46249","0.36745309829711914","0.36745309829711914","0.36745309829711914","933","933","933"
"46299","0.3543938994407654","0.3543938994407654","0.3543938994407654","934","934","934"
"46349","0.5655902028083801","0.5655902028083801","0.5655902028083801","935","935","935"
"46399","0.3347533643245697","0.3347533643245697","0.3347533643245697","936","936","936"
"46449","0.35932308435440063","0.35932308435440063","0.35932308435440063","937","937","937"
"46499","0.37626445293426514","0.37626445293426514","0.37626445293426514","938","938","938"
"46549","0.3237619400024414","0.3237619400024414","0.3237619400024414","939","939","939"
"46599","0.5353751182556152","0.5353751182556152","0.5353751182556152","940","940","940"
"46649","0.31880563497543335","0.31880563497543335","0.31880563497543335","941","941","941"
"46699","0.31624799966812134","0.31624799966812134","0.31624799966812134","942","942","942"
"46749","0.3643574118614197","0.3643574118614197","0.3643574118614197","943","943","943"
"46799","0.45403623580932617","0.45403623580932617","0.45403623580932617","944","944","944"
"46849","0.49111759662628174","0.49111759662628174","0.49111759662628174","945","945","945"
"46899","0.32850322127342224","0.32850322127342224","0.32850322127342224","946","946","946"
"46949","0.3503413498401642","0.3503413498401642","0.3503413498401642","947","947","947"
"46999","0.34388870000839233","0.34388870000839233","0.34388870000839233","948","948","948"
"47049","0.4122852087020874","0.4122852087020874","0.4122852087020874","949","949","949"
"47099","0.3612215518951416","0.3612215518951416","0.3612215518951416","950","950","950"
"47149","0.3141937553882599","0.3141937553882599","0.3141937553882599","951","951","951"
"47199","0.3498215675354004","0.3498215675354004","0.3498215675354004","952","952","952"
"47249","0.698592483997345","0.698592483997345","0.698592483997345","953","953","953"
"47299","0.3623550534248352","0.3623550534248352","0.3623550534248352","954","954","954"
"47349","0.48087993264198303","0.48087993264198303","0.48087993264198303","955","955","955"
"47399","0.44967374205589294","0.44967374205589294","0.44967374205589294","956","956","956"
"47449","0.36786508560180664","0.36786508560180664","0.36786508560180664","957","957","957"
"47499","0.39336109161376953","0.39336109161376953","0.39336109161376953","958","958","958"
"47549","0.33383166790008545","0.33383166790008545","0.33383166790008545","959","959","959"
"47599","0.3944106101989746","0.3944106101989746","0.3944106101989746","960","960","960"
"47649","0.36400002241134644","0.36400002241134644","0.36400002241134644","961","961","961"
"47699","0.4204138517379761","0.4204138517379761","0.4204138517379761","962","962","962"
"47749","0.3480640649795532","0.3480640649795532","0.3480640649795532","963","963","963"
"47799","0.39803236722946167","0.39803236722946167","0.39803236722946167","964","964","964"
"47849","0.40216201543807983","0.40216201543807983","0.40216201543807983","965","965","965"
"47899","0.2977412939071655","0.2977412939071655","0.2977412939071655","966","966","966"
"47949","0.37949705123901367","0.37949705123901367","0.37949705123901367","967","967","967"
"47999","0.39811474084854126","0.39811474084854126","0.39811474084854126","968","968","968"
"48049","0.37104642391204834","0.37104642391204834","0.37104642391204834","969","969","969"
"48099","0.31477463245391846","0.31477463245391846","0.31477463245391846","970","970","970"
"48149","0.37817466259002686","0.37817466259002686","0.37817466259002686","971","971","971"
"48199","0.3308025002479553","0.3308025002479553","0.3308025002479553","972","972","972"
"48249","0.33198481798171997","0.33198481798171997","0.33198481798171997","973","973","973"
"48299","0.38484787940979004","0.38484787940979004","0.38484787940979004","974","974","974"
"48349","0.32540032267570496","0.32540032267570496","0.32540032267570496","975","975","975"
"48399","0.440058171749115","0.440058171749115","0.440058171749115","976","976","976"
"48449","0.2654169201850891","0.2654169201850891","0.2654169201850891","977","977","977"
"48499","0.38441649079322815","0.38441649079322815","0.38441649079322815","978","978","978"
"48549","0.3695836365222931","0.3695836365222931","0.3695836365222931","979","979","979"
"48599","0.37879079580307007","0.37879079580307007","0.37879079580307007","980","980","980"
"48649","0.38868528604507446","0.38868528604507446","0.38868528604507446","981","981","981"
"48699","0.376878559589386","0.376878559589386","0.376878559589386","982","982","982"
"48749","0.3370492458343506","0.3370492458343506","0.3370492458343506","983","983","983"
"48799","0.48038142919540405","0.48038142919540405","0.48038142919540405","984","984","984"
"48849","0.4000347852706909","0.4000347852706909","0.4000347852706909","985","985","985"
"48899","0.44666773080825806","0.44666773080825806","0.44666773080825806","986","986","986"
"48949","0.3204720616340637","0.3204720616340637","0.3204720616340637","987","987","987"
"48999","0.35442692041397095","0.35442692041397095","0.35442692041397095","988","988","988"
"49049","0.41613849997520447","0.41613849997520447","0.41613849997520447","989","989","989"
"49099","0.3819945156574249","0.3819945156574249","0.3819945156574249","990","990","990"
"49149","0.4134872257709503","0.4134872257709503","0.4134872257709503","991","991","991"
"49199","0.5380517244338989","0.5380517244338989","0.5380517244338989","992","992","992"
"49249","0.3543941378593445","0.3543941378593445","0.3543941378593445","993","993","993"
"49299","0.8546966314315796","0.8546966314315796","0.8546966314315796","994","994","994"
"49349","0.38031572103500366","0.38031572103500366","0.38031572103500366","995","995","995"
"49399","0.360786497592926","0.360786497592926","0.360786497592926","996","996","996"
"49449","0.5435476303100586","0.5435476303100586","0.5435476303100586","997","997","997"
"49499","0.44106584787368774","0.44106584787368774","0.44106584787368774","998","998","998"
"49549","0.43259960412979126","0.43259960412979126","0.43259960412979126","999","999","999"
"49599","0.5830108523368835","0.5830108523368835","0.5830108523368835","1000","1000","1000"
"49649","0.30683398246765137","0.30683398246765137","0.30683398246765137","1001","1001","1001"
"49699","0.3947382867336273","0.3947382867336273","0.3947382867336273","1002","1002","1002"
"49749","0.3263229429721832","0.3263229429721832","0.3263229429721832","1003","1003","1003"
"49799","0.35488665103912354","0.35488665103912354","0.35488665103912354","1004","1004","1004"
"49849","0.3421030044555664","0.3421030044555664","0.3421030044555664","1005","1005","1005"
"49899","0.36101457476615906","0.36101457476615906","0.36101457476615906","1006","1006","1006"
"49949","0.3214043080806732","0.3214043080806732","0.3214043080806732","1007","1007","1007"
"49999","0.4137874245643616","0.4137874245643616","0.4137874245643616","1008","1008","1008"
"50049","0.42083609104156494","0.42083609104156494","0.42083609104156494","1010","1010","1010"
"50099","0.3051876723766327","0.3051876723766327","0.3051876723766327","1011","1011","1011"
"50149","0.35840755701065063","0.35840755701065063","0.35840755701065063","1012","1012","1012"
"50199","0.31852567195892334","0.31852567195892334","0.31852567195892334","1013","1013","1013"
"50249","0.34477347135543823","0.34477347135543823","0.34477347135543823","1014","1014","1014"
"50299","0.42251819372177124","0.42251819372177124","0.42251819372177124","1015","1015","1015"
"50349","0.3347342014312744","0.3347342014312744","0.3347342014312744","1016","1016","1016"
"50399","0.3375012278556824","0.3375012278556824","0.3375012278556824","1017","1017","1017"
"50449","0.3181312084197998","0.3181312084197998","0.3181312084197998","1018","1018","1018"
"50499","0.40205252170562744","0.40205252170562744","0.40205252170562744","1019","1019","1019"
"50549","0.6228103637695312","0.6228103637695312","0.6228103637695312","1020","1020","1020"
"50599","0.3485909700393677","0.3485909700393677","0.3485909700393677","1021","1021","1021"
"50649","0.35201382637023926","0.35201382637023926","0.35201382637023926","1022","1022","1022"
"50699","0.33366820216178894","0.33366820216178894","0.33366820216178894","1023","1023","1023"
"50749","0.3251904845237732","0.3251904845237732","0.3251904845237732","1024","1024","1024"
"50799","0.49662187695503235","0.49662187695503235","0.49662187695503235","1025","1025","1025"
"50849","0.41180238127708435","0.41180238127708435","0.41180238127708435","1026","1026","1026"
"50899","0.3777049779891968","0.3777049779891968","0.3777049779891968","1027","1027","1027"
"50949","0.3856780529022217","0.3856780529022217","0.3856780529022217","1028","1028","1028"
"50999","0.3930321931838989","0.3930321931838989","0.3930321931838989","1029","1029","1029"
"51049","0.43609824776649475","0.43609824776649475","0.43609824776649475","1030","1030","1030"
"51099","0.31593459844589233","0.31593459844589233","0.31593459844589233","1031","1031","1031"
"51149","0.29893654584884644","0.29893654584884644","0.29893654584884644","1032","1032","1032"
"51199","0.417143315076828","0.417143315076828","0.417143315076828","1033","1033","1033"
"51249","0.42357686161994934","0.42357686161994934","0.42357686161994934","1034","1034","1034"
"51299","0.3169589936733246","0.3169589936733246","0.3169589936733246","1035","1035","1035"
"51349","0.37768495082855225","0.37768495082855225","0.37768495082855225","1036","1036","1036"
"51399","0.2826709747314453","0.2826709747314453","0.2826709747314453","1037","1037","1037"
"51449","0.3799232244491577","0.3799232244491577","0.3799232244491577","1038","1038","1038"
"51499","0.34968656301498413","0.34968656301498413","0.34968656301498413","1039","1039","1039"
"51549","0.3862076699733734","0.3862076699733734","0.3862076699733734","1040","1040","1040"
"51599","0.4352722764015198","0.4352722764015198","0.4352722764015198","1041","1041","1041"
"51649","0.35800880193710327","0.35800880193710327","0.35800880193710327","1042","1042","1042"
"51699","0.39534449577331543","0.39534449577331543","0.39534449577331543","1043","1043","1043"
"51749","0.42524224519729614","0.42524224519729614","0.42524224519729614","1044","1044","1044"
"51799","0.31953340768814087","0.31953340768814087","0.31953340768814087","1045","1045","1045"
"51849","0.3559090495109558","0.3559090495109558","0.3559090495109558","1046","1046","1046"
"51899","0.4436655342578888","0.4436655342578888","0.4436655342578888","1047","1047","1047"
"51949","0.38949650526046753","0.38949650526046753","0.38949650526046753","1048","1048","1048"
"51999","0.37474003434181213","0.37474003434181213","0.37474003434181213","1049","1049","1049"
"52049","0.3974747061729431","0.3974747061729431","0.3974747061729431","1050","1050","1050"
"52099","0.42764562368392944","0.42764562368392944","0.42764562368392944","1051","1051","1051"
"52149","0.3338245451450348","0.3338245451450348","0.3338245451450348","1052","1052","1052"
"52199","0.33819442987442017","0.33819442987442017","0.33819442987442017","1053","1053","1053"
"52249","0.30749061703681946","0.30749061703681946","0.30749061703681946","1054","1054","1054"
"52299","0.30375048518180847","0.30375048518180847","0.30375048518180847","1055","1055","1055"
"52349","0.36280593276023865","0.36280593276023865","0.36280593276023865","1056","1056","1056"
"52399","0.34006407856941223","0.34006407856941223","0.34006407856941223","1057","1057","1057"
"52449","0.374528169631958","0.374528169631958","0.374528169631958","1058","1058","1058"
"52499","0.44905364513397217","0.44905364513397217","0.44905364513397217","1059","1059","1059"
"52549","0.4515458643436432","0.4515458643436432","0.4515458643436432","1060","1060","1060"
"52599","0.37386083602905273","0.37386083602905273","0.37386083602905273","1061","1061","1061"
"52649","0.34762662649154663","0.34762662649154663","0.34762662649154663","1062","1062","1062"
"52699","0.3522319197654724","0.3522319197654724","0.3522319197654724","1063","1063","1063"
"52749","0.30865463614463806","0.30865463614463806","0.30865463614463806","1064","1064","1064"
"52799","0.31067976355552673","0.31067976355552673","0.31067976355552673","1065","1065","1065"
"52849","0.38643890619277954","0.38643890619277954","0.38643890619277954","1066","1066","1066"
"52899","0.33956801891326904","0.33956801891326904","0.33956801891326904","1067","1067","1067"
"52949","0.3065597414970398","0.3065597414970398","0.3065597414970398","1068","1068","1068"
"52999","0.30292659997940063","0.30292659997940063","0.30292659997940063","1069","1069","1069"
"53049","0.3515324890613556","0.3515324890613556","0.3515324890613556","1070","1070","1070"
"53099","0.38964200019836426","0.38964200019836426","0.38964200019836426","1071","1071","1071"
"53149","0.39818596839904785","0.39818596839904785","0.39818596839904785","1072","1072","1072"
"53199","0.34619778394699097","0.34619778394699097","0.34619778394699097","1073","1073","1073"
"53249","0.3643098473548889","0.3643098473548889","0.3643098473548889","1074","1074","1074"
"53299","0.43151378631591797","0.43151378631591797","0.43151378631591797","1075","1075","1075"
"53349","0.3870323598384857","0.3870323598384857","0.3870323598384857","1076","1076","1076"
"53399","0.33379828929901123","0.33379828929901123","0.33379828929901123","1077","1077","1077"
"53449","0.393422394990921","0.393422394990921","0.393422394990921","1078","1078","1078"
"53499","0.37465471029281616","0.37465471029281616","0.37465471029281616","1079","1079","1079"
"53549","0.555667519569397","0.555667519569397","0.555667519569397","1080","1080","1080"
"53599","0.596001148223877","0.596001148223877","0.596001148223877","1081","1081","1081"
"53649","0.3810916543006897","0.3810916543006897","0.3810916543006897","1082","1082","1082"
"53699","0.311548113822937","0.311548113822937","0.311548113822937","1083","1083","1083"
"53749","0.31113922595977783","0.31113922595977783","0.31113922595977783","1084","1084","1084"
"53799","0.33604371547698975","0.33604371547698975","0.33604371547698975","1085","1085","1085"
"53849","0.33866289258003235","0.33866289258003235","0.33866289258003235","1086","1086","1086"
"53899","0.5308123826980591","0.5308123826980591","0.5308123826980591","1087","1087","1087"
"53949","0.36278051137924194","0.36278051137924194","0.36278051137924194","1088","1088","1088"
"53999","0.39591413736343384","0.39591413736343384","0.39591413736343384","1089","1089","1089"
"54049","0.389211505651474","0.389211505651474","0.389211505651474","1090","1090","1090"
"54099","0.39653879404067993","0.39653879404067993","0.39653879404067993","1091","1091","1091"
"54149","0.266575425863266","0.266575425863266","0.266575425863266","1092","1092","1092"
"54199","0.2879713773727417","0.2879713773727417","0.2879713773727417","1093","1093","1093"
"54249","0.3307480216026306","0.3307480216026306","0.3307480216026306","1094","1094","1094"
"54299","0.42901813983917236","0.42901813983917236","0.42901813983917236","1095","1095","1095"
"54349","0.4339267611503601","0.4339267611503601","0.4339267611503601","1096","1096","1096"
"54399","0.3711824417114258","0.3711824417114258","0.3711824417114258","1097","1097","1097"
"54449","0.44474586844444275","0.44474586844444275","0.44474586844444275","1098","1098","1098"
"54499","0.34864693880081177","0.34864693880081177","0.34864693880081177","1099","1099","1099"
"54549","0.3646221160888672","0.3646221160888672","0.3646221160888672","1100","1100","1100"
"54599","0.3452507555484772","0.3452507555484772","0.3452507555484772","1101","1101","1101"
"54649","0.4673817753791809","0.4673817753791809","0.4673817753791809","1102","1102","1102"
"54699","0.473201721906662","0.473201721906662","0.473201721906662","1103","1103","1103"
"54749","0.4110395312309265","0.4110395312309265","0.4110395312309265","1104","1104","1104"
"54799","0.36967313289642334","0.36967313289642334","0.36967313289642334","1105","1105","1105"
"54849","0.5312677621841431","0.5312677621841431","0.5312677621841431","1106","1106","1106"
"54899","0.4416660666465759","0.4416660666465759","0.4416660666465759","1107","1107","1107"
"54949","0.45263582468032837","0.45263582468032837","0.45263582468032837","1108","1108","1108"
"54999","0.3730137348175049","0.3730137348175049","0.3730137348175049","1109","1109","1109"
"55049","0.35489827394485474","0.35489827394485474","0.35489827394485474","1111","1111","1111"
"55099","0.29443174600601196","0.29443174600601196","0.29443174600601196","1112","1112","1112"
"55149","0.3711153268814087","0.3711153268814087","0.3711153268814087","1113","1113","1113"
"55199","0.43027427792549133","0.43027427792549133","0.43027427792549133","1114","1114","1114"
"55249","0.4193049669265747","0.4193049669265747","0.4193049669265747","1115","1115","1115"
"55299","0.42701464891433716","0.42701464891433716","0.42701464891433716","1116","1116","1116"
"55349","0.28005117177963257","0.28005117177963257","0.28005117177963257","1117","1117","1117"
"55399","0.34255433082580566","0.34255433082580566","0.34255433082580566","1118","1118","1118"
"55449","0.5151267647743225","0.5151267647743225","0.5151267647743225","1119","1119","1119"
"55499","0.39435574412345886","0.39435574412345886","0.39435574412345886","1120","1120","1120"
"55549","0.4290976822376251","0.4290976822376251","0.4290976822376251","1121","1121","1121"
"55599","0.4472527503967285","0.4472527503967285","0.4472527503967285","1122","1122","1122"
"55649","0.39140960574150085","0.39140960574150085","0.39140960574150085","1123","1123","1123"
"55699","0.44973862171173096","0.44973862171173096","0.44973862171173096","1124","1124","1124"
"55749","0.36704421043395996","0.36704421043395996","0.36704421043395996","1125","1125","1125"
"55799","0.5682016611099243","0.5682016611099243","0.5682016611099243","1126","1126","1126"
"55849","0.3913128972053528","0.3913128972053528","0.3913128972053528","1127","1127","1127"
"55899","0.3352033495903015","0.3352033495903015","0.3352033495903015","1128","1128","1128"
"55949","0.335591197013855","0.335591197013855","0.335591197013855","1129","1129","1129"
"55999","0.3449695408344269","0.3449695408344269","0.3449695408344269","1130","1130","1130"
"56049","0.5366738438606262","0.5366738438606262","0.5366738438606262","1131","1131","1131"
"56099","0.4094296097755432","0.4094296097755432","0.4094296097755432","1132","1132","1132"
"56149","0.28800511360168457","0.28800511360168457","0.28800511360168457","1133","1133","1133"
"56199","0.43406692147254944","0.43406692147254944","0.43406692147254944","1134","1134","1134"
"56249","0.3980203866958618","0.3980203866958618","0.3980203866958618","1135","1135","1135"
"56299","0.3899815082550049","0.3899815082550049","0.3899815082550049","1136","1136","1136"
"56349","0.3317953944206238","0.3317953944206238","0.3317953944206238","1137","1137","1137"
"56399","0.5347410440444946","0.5347410440444946","0.5347410440444946","1138","1138","1138"
"56449","0.3103662431240082","0.3103662431240082","0.3103662431240082","1139","1139","1139"
"56499","0.3108833432197571","0.3108833432197571","0.3108833432197571","1140","1140","1140"
"56549","0.3045830726623535","0.3045830726623535","0.3045830726623535","1141","1141","1141"
"56599","0.39272499084472656","0.39272499084472656","0.39272499084472656","1142","1142","1142"
"56649","0.48778384923934937","0.48778384923934937","0.48778384923934937","1143","1143","1143"
"56699","0.377078652381897","0.377078652381897","0.377078652381897","1144","1144","1144"
"56749","0.34767258167266846","0.34767258167266846","0.34767258167266846","1145","1145","1145"
"56799","0.2820699214935303","0.2820699214935303","0.2820699214935303","1146","1146","1146"
"56849","0.5733169913291931","0.5733169913291931","0.5733169913291931","1147","1147","1147"
"56899","0.31735607981681824","0.31735607981681824","0.31735607981681824","1148","1148","1148"
"56949","0.32364320755004883","0.32364320755004883","0.32364320755004883","1149","1149","1149"
"56999","0.33976781368255615","0.33976781368255615","0.33976781368255615","1150","1150","1150"
"57049","0.4463422894477844","0.4463422894477844","0.4463422894477844","1151","1151","1151"
"57099","0.3675936758518219","0.3675936758518219","0.3675936758518219","1152","1152","1152"
"57149","0.3441449999809265","0.3441449999809265","0.3441449999809265","1153","1153","1153"
"57199","0.3477688431739807","0.3477688431739807","0.3477688431739807","1154","1154","1154"
"57249","0.5187696218490601","0.5187696218490601","0.5187696218490601","1155","1155","1155"
"57299","0.4474722146987915","0.4474722146987915","0.4474722146987915","1156","1156","1156"
"57349","0.3790603578090668","0.3790603578090668","0.3790603578090668","1157","1157","1157"
"57399","0.3202381432056427","0.3202381432056427","0.3202381432056427","1158","1158","1158"
"57449","0.4036736488342285","0.4036736488342285","0.4036736488342285","1159","1159","1159"
"57499","0.35535454750061035","0.35535454750061035","0.35535454750061035","1160","1160","1160"
"57549","0.3805132210254669","0.3805132210254669","0.3805132210254669","1161","1161","1161"
"57599","0.3573700189590454","0.3573700189590454","0.3573700189590454","1162","1162","1162"
"57649","0.3733752369880676","0.3733752369880676","0.3733752369880676","1163","1163","1163"
"57699","0.32812708616256714","0.32812708616256714","0.32812708616256714","1164","1164","1164"
"57749","0.3498021066188812","0.3498021066188812","0.3498021066188812","1165","1165","1165"
"57799","0.5508340001106262","0.5508340001106262","0.5508340001106262","1166","1166","1166"
"57849","0.38730430603027344","0.38730430603027344","0.38730430603027344","1167","1167","1167"
"57899","0.3973658084869385","0.3973658084869385","0.3973658084869385","1168","1168","1168"
"57949","0.40250396728515625","0.40250396728515625","0.40250396728515625","1169","1169","1169"
"57999","0.41796502470970154","0.41796502470970154","0.41796502470970154","1170","1170","1170"
"58049","0.4822812080383301","0.4822812080383301","0.4822812080383301","1171","1171","1171"
"58099","0.4009031355381012","0.4009031355381012","0.4009031355381012","1172","1172","1172"
"58149","0.36250656843185425","0.36250656843185425","0.36250656843185425","1173","1173","1173"
"58199","0.3603861927986145","0.3603861927986145","0.3603861927986145","1174","1174","1174"
"58249","0.34548479318618774","0.34548479318618774","0.34548479318618774","1175","1175","1175"
"58299","0.301458477973938","0.301458477973938","0.301458477973938","1176","1176","1176"
"58349","0.2885701060295105","0.2885701060295105","0.2885701060295105","1177","1177","1177"
"58399","0.3435778319835663","0.3435778319835663","0.3435778319835663","1178","1178","1178"
"58449","0.39484721422195435","0.39484721422195435","0.39484721422195435","1179","1179","1179"
"58499","0.27822694182395935","0.27822694182395935","0.27822694182395935","1180","1180","1180"
"58549","0.36013710498809814","0.36013710498809814","0.36013710498809814","1181","1181","1181"
"58599","0.403638631105423","0.403638631105423","0.403638631105423","1182","1182","1182"
"58649","0.44268888235092163","0.44268888235092163","0.44268888235092163","1183","1183","1183"
"58699","0.31574928760528564","0.31574928760528564","0.31574928760528564","1184","1184","1184"
"58749","0.26794856786727905","0.26794856786727905","0.26794856786727905","1185","1185","1185"
"58799","0.3972693979740143","0.3972693979740143","0.3972693979740143","1186","1186","1186"
"58849","0.39096173644065857","0.39096173644065857","0.39096173644065857","1187","1187","1187"
"58899","0.3235417604446411","0.3235417604446411","0.3235417604446411","1188","1188","1188"
"58949","0.4297887086868286","0.4297887086868286","0.4297887086868286","1189","1189","1189"
"58999","0.34306246042251587","0.34306246042251587","0.34306246042251587","1190","1190","1190"
"59049","0.2531987428665161","0.2531987428665161","0.2531987428665161","1191","1191","1191"
"59099","0.43279576301574707","0.43279576301574707","0.43279576301574707","1192","1192","1192"
"59149","0.31350958347320557","0.31350958347320557","0.31350958347320557","1193","1193","1193"
"59199","0.312685489654541","0.312685489654541","0.312685489654541","1194","1194","1194"
"59249","0.40497949719429016","0.40497949719429016","0.40497949719429016","1195","1195","1195"
"59299","0.3348298668861389","0.3348298668861389","0.3348298668861389","1196","1196","1196"
"59349","0.2851363718509674","0.2851363718509674","0.2851363718509674","1197","1197","1197"
"59399","0.3849271535873413","0.3849271535873413","0.3849271535873413","1198","1198","1198"
"59449","0.3413431644439697","0.3413431644439697","0.3413431644439697","1199","1199","1199"
"59499","0.4250686466693878","0.4250686466693878","0.4250686466693878","1200","1200","1200"
"59549","0.3388329744338989","0.3388329744338989","0.3388329744338989","1201","1201","1201"
"59599","0.3875109553337097","0.3875109553337097","0.3875109553337097","1202","1202","1202"
"59649","0.3782625198364258","0.3782625198364258","0.3782625198364258","1203","1203","1203"
"59699","0.38741999864578247","0.38741999864578247","0.38741999864578247","1204","1204","1204"
"59749","0.40831324458122253","0.40831324458122253","0.40831324458122253","1205","1205","1205"
"59799","0.7347456812858582","0.7347456812858582","0.7347456812858582","1206","1206","1206"
"59849","0.36381620168685913","0.36381620168685913","0.36381620168685913","1207","1207","1207"
"59899","0.3086585998535156","0.3086585998535156","0.3086585998535156","1208","1208","1208"
"59949","0.43982061743736267","0.43982061743736267","0.43982061743736267","1209","1209","1209"
"59999","0.4636884033679962","0.4636884033679962","0.4636884033679962","1210","1210","1210"
"60049","0.312985360622406","0.312985360622406","0.312985360622406","1212","1212","1212"
"60099","0.44206905364990234","0.44206905364990234","0.44206905364990234","1213","1213","1213"
"60149","0.4255334734916687","0.4255334734916687","0.4255334734916687","1214","1214","1214"
"60199","0.3791735768318176","0.3791735768318176","0.3791735768318176","1215","1215","1215"
"60249","0.3572764992713928","0.3572764992713928","0.3572764992713928","1216","1216","1216"
"60299","0.3162694573402405","0.3162694573402405","0.3162694573402405","1217","1217","1217"
"60349","0.3375523090362549","0.3375523090362549","0.3375523090362549","1218","1218","1218"
"60399","0.39551234245300293","0.39551234245300293","0.39551234245300293","1219","1219","1219"
"60449","0.35082072019577026","0.35082072019577026","0.35082072019577026","1220","1220","1220"
"60499","0.3560950756072998","0.3560950756072998","0.3560950756072998","1221","1221","1221"
"60549","0.4626421630382538","0.4626421630382538","0.4626421630382538","1222","1222","1222"
"60599","0.3407914638519287","0.3407914638519287","0.3407914638519287","1223","1223","1223"
"60649","0.32677319645881653","0.32677319645881653","0.32677319645881653","1224","1224","1224"
"60699","0.39963966608047485","0.39963966608047485","0.39963966608047485","1225","1225","1225"
"60749","0.3017667531967163","0.3017667531967163","0.3017667531967163","1226","1226","1226"
"60799","0.26996859908103943","0.26996859908103943","0.26996859908103943","1227","1227","1227"
"60849","0.398876428604126","0.398876428604126","0.398876428604126","1228","1228","1228"
"60899","0.3412296772003174","0.3412296772003174","0.3412296772003174","1229","1229","1229"
"60949","0.30820661783218384","0.30820661783218384","0.30820661783218384","1230","1230","1230"
"60999","0.4888184666633606","0.4888184666633606","0.4888184666633606","1231","1231","1231"
"61049","0.32300883531570435","0.32300883531570435","0.32300883531570435","1232","1232","1232"
"61099","0.3643110990524292","0.3643110990524292","0.3643110990524292","1233","1233","1233"
"61149","0.32987380027770996","0.32987380027770996","0.32987380027770996","1234","1234","1234"
"61199","0.3476494550704956","0.3476494550704956","0.3476494550704956","1235","1235","1235"
"61249","0.3282099664211273","0.3282099664211273","0.3282099664211273","1236","1236","1236"
"61299","0.3268672227859497","0.3268672227859497","0.3268672227859497","1237","1237","1237"
"61349","0.3258365988731384","0.3258365988731384","0.3258365988731384","1238","1238","1238"
"61399","0.3886895179748535","0.3886895179748535","0.3886895179748535","1239","1239","1239"
"61449","0.28903836011886597","0.28903836011886597","0.28903836011886597","1240","1240","1240"
"61499","0.3821972608566284","0.3821972608566284","0.3821972608566284","1241","1241","1241"
"61549","0.3111031651496887","0.3111031651496887","0.3111031651496887","1242","1242","1242"
"61599","0.3149788975715637","0.3149788975715637","0.3149788975715637","1243","1243","1243"
"61649","0.39487919211387634","0.39487919211387634","0.39487919211387634","1244","1244","1244"
"61699","0.49134334921836853","0.49134334921836853","0.49134334921836853","1245","1245","1245"
"61749","0.30203670263290405","0.30203670263290405","0.30203670263290405","1246","1246","1246"
"61799","0.3308179974555969","0.3308179974555969","0.3308179974555969","1247","1247","1247"
"61849","0.31027963757514954","0.31027963757514954","0.31027963757514954","1248","1248","1248"
"61899","0.32626086473464966","0.32626086473464966","0.32626086473464966","1249","1249","1249"
"61949","0.44171464443206787","0.44171464443206787","0.44171464443206787","1250","1250","1250"
"61999","0.29944878816604614","0.29944878816604614","0.29944878816604614","1251","1251","1251"
"62049","0.33519884943962097","0.33519884943962097","0.33519884943962097","1252","1252","1252"
"62099","0.34697043895721436","0.34697043895721436","0.34697043895721436","1253","1253","1253"
"62149","0.3310689926147461","0.3310689926147461","0.3310689926147461","1254","1254","1254"
"62199","0.3143773078918457","0.3143773078918457","0.3143773078918457","1255","1255","1255"
"62249","0.3414848744869232","0.3414848744869232","0.3414848744869232","1256","1256","1256"
"62299","0.4260421395301819","0.4260421395301819","0.4260421395301819","1257","1257","1257"
"62349","0.35819780826568604","0.35819780826568604","0.35819780826568604","1258","1258","1258"
"62399","0.46682843565940857","0.46682843565940857","0.46682843565940857","1259","1259","1259"
"62449","0.3867526650428772","0.3867526650428772","0.3867526650428772","1260","1260","1260"
"62499","0.3859159052371979","0.3859159052371979","0.3859159052371979","1261","1261","1261"
"62549","0.3218699097633362","0.3218699097633362","0.3218699097633362","1262","1262","1262"
"62599","0.32876479625701904","0.32876479625701904","0.32876479625701904","1263","1263","1263"
"62649","0.38846537470817566","0.38846537470817566","0.38846537470817566","1264","1264","1264"
"62699","0.37229567766189575","0.37229567766189575","0.37229567766189575","1265","1265","1265"
"62749","0.45759373903274536","0.45759373903274536","0.45759373903274536","1266","1266","1266"
"62799","0.2828313112258911","0.2828313112258911","0.2828313112258911","1267","1267","1267"
"62849","0.24625995755195618","0.24625995755195618","0.24625995755195618","1268","1268","1268"
"62899","0.36297255754470825","0.36297255754470825","0.36297255754470825","1269","1269","1269"
"62949","0.41739290952682495","0.41739290952682495","0.41739290952682495","1270","1270","1270"
"62999","0.30502015352249146","0.30502015352249146","0.30502015352249146","1271","1271","1271"
"63049","0.35312163829803467","0.35312163829803467","0.35312163829803467","1272","1272","1272"
"63099","0.4053940176963806","0.4053940176963806","0.4053940176963806","1273","1273","1273"
"63149","0.3902665376663208","0.3902665376663208","0.3902665376663208","1274","1274","1274"
"63199","0.4117693305015564","0.4117693305015564","0.4117693305015564","1275","1275","1275"
"63249","0.3276621103286743","0.3276621103286743","0.3276621103286743","1276","1276","1276"
"63299","0.4024520516395569","0.4024520516395569","0.4024520516395569","1277","1277","1277"
"63349","0.42597123980522156","0.42597123980522156","0.42597123980522156","1278","1278","1278"
"63399","0.3521918058395386","0.3521918058395386","0.3521918058395386","1279","1279","1279"
"63449","0.34663939476013184","0.34663939476013184","0.34663939476013184","1280","1280","1280"
"63499","0.3391720652580261","0.3391720652580261","0.3391720652580261","1281","1281","1281"
"63549","0.32430481910705566","0.32430481910705566","0.32430481910705566","1282","1282","1282"
"63599","0.34218263626098633","0.34218263626098633","0.34218263626098633","1283","1283","1283"
"63649","0.4406887888908386","0.4406887888908386","0.4406887888908386","1284","1284","1284"
"63699","0.4675319790840149","0.4675319790840149","0.4675319790840149","1285","1285","1285"
"63749","0.3446024954319","0.3446024954319","0.3446024954319","1286","1286","1286"
"63799","0.6559559106826782","0.6559559106826782","0.6559559106826782","1287","1287","1287"
"63849","0.39231055974960327","0.39231055974960327","0.39231055974960327","1288","1288","1288"
"63899","0.4645822048187256","0.4645822048187256","0.4645822048187256","1289","1289","1289"
"63949","0.3419390022754669","0.3419390022754669","0.3419390022754669","1290","1290","1290"
"63999","0.3187509775161743","0.3187509775161743","0.3187509775161743","1291","1291","1291"
"64049","0.37256836891174316","0.37256836891174316","0.37256836891174316","1292","1292","1292"
"64099","0.3195751905441284","0.3195751905441284","0.3195751905441284","1293","1293","1293"
"64149","0.45070499181747437","0.45070499181747437","0.45070499181747437","1294","1294","1294"
"64199","0.350061297416687","0.350061297416687","0.350061297416687","1295","1295","1295"
"64249","0.457020103931427","0.457020103931427","0.457020103931427","1296","1296","1296"
"64299","0.3423868715763092","0.3423868715763092","0.3423868715763092","1297","1297","1297"
"64349","0.3754422664642334","0.3754422664642334","0.3754422664642334","1298","1298","1298"
"64399","0.36949342489242554","0.36949342489242554","0.36949342489242554","1299","1299","1299"
"64449","0.37386396527290344","0.37386396527290344","0.37386396527290344","1300","1300","1300"
"64499","0.29551437497138977","0.29551437497138977","0.29551437497138977","1301","1301","1301"
"64549","0.3668314218521118","0.3668314218521118","0.3668314218521118","1302","1302","1302"
"64599","0.3653104305267334","0.3653104305267334","0.3653104305267334","1303","1303","1303"
"64649","0.4434666931629181","0.4434666931629181","0.4434666931629181","1304","1304","1304"
"64699","0.4274905323982239","0.4274905323982239","0.4274905323982239","1305","1305","1305"
"64749","0.4076690673828125","0.4076690673828125","0.4076690673828125","1306","1306","1306"
"64799","0.40833163261413574","0.40833163261413574","0.40833163261413574","1307","1307","1307"
"64849","0.27118372917175293","0.27118372917175293","0.27118372917175293","1308","1308","1308"
"64899","0.4511207342147827","0.4511207342147827","0.4511207342147827","1309","1309","1309"
"64949","0.530413031578064","0.530413031578064","0.530413031578064","1310","1310","1310"
"64999","0.42062699794769287","0.42062699794769287","0.42062699794769287","1311","1311","1311"
"65049","0.27197203040122986","0.27197203040122986","0.27197203040122986","1313","1313","1313"
"65099","0.37438783049583435","0.37438783049583435","0.37438783049583435","1314","1314","1314"
"65149","0.2813146114349365","0.2813146114349365","0.2813146114349365","1315","1315","1315"
"65199","0.4509755074977875","0.4509755074977875","0.4509755074977875","1316","1316","1316"
"65249","0.3841037154197693","0.3841037154197693","0.3841037154197693","1317","1317","1317"
"65299","0.45391884446144104","0.45391884446144104","0.45391884446144104","1318","1318","1318"
"65349","0.39628997445106506","0.39628997445106506","0.39628997445106506","1319","1319","1319"
"65399","0.36679112911224365","0.36679112911224365","0.36679112911224365","1320","1320","1320"
"65449","0.4975655674934387","0.4975655674934387","0.4975655674934387","1321","1321","1321"
"65499","0.3107941746711731","0.3107941746711731","0.3107941746711731","1322","1322","1322"
"65549","0.40995991230010986","0.40995991230010986","0.40995991230010986","1323","1323","1323"
"65599","0.3843710422515869","0.3843710422515869","0.3843710422515869","1324","1324","1324"
"65649","0.32918402552604675","0.32918402552604675","0.32918402552604675","1325","1325","1325"
"65699","0.32977843284606934","0.32977843284606934","0.32977843284606934","1326","1326","1326"
"65749","0.3975979685783386","0.3975979685783386","0.3975979685783386","1327","1327","1327"
"65799","0.32573050260543823","0.32573050260543823","0.32573050260543823","1328","1328","1328"
"65849","0.4134494662284851","0.4134494662284851","0.4134494662284851","1329","1329","1329"
"65899","0.347360759973526","0.347360759973526","0.347360759973526","1330","1330","1330"
"65949","0.37702247500419617","0.37702247500419617","0.37702247500419617","1331","1331","1331"
"65999","0.46493950486183167","0.46493950486183167","0.46493950486183167","1332","1332","1332"
"66049","0.4091949462890625","0.4091949462890625","0.4091949462890625","1333","1333","1333"
"66099","0.369560182094574","0.369560182094574","0.369560182094574","1334","1334","1334"
"66149","0.3325355052947998","0.3325355052947998","0.3325355052947998","1335","1335","1335"
"66199","0.3055778741836548","0.3055778741836548","0.3055778741836548","1336","1336","1336"
"66249","0.29728102684020996","0.29728102684020996","0.29728102684020996","1337","1337","1337"
"66299","0.35152244567871094","0.35152244567871094","0.35152244567871094","1338","1338","1338"
"66349","0.4097394645214081","0.4097394645214081","0.4097394645214081","1339","1339","1339"
"66399","0.44745415449142456","0.44745415449142456","0.44745415449142456","1340","1340","1340"
"66449","0.39661532640457153","0.39661532640457153","0.39661532640457153","1341","1341","1341"
"66499","0.3163483142852783","0.3163483142852783","0.3163483142852783","1342","1342","1342"
"66549","0.3401300311088562","0.3401300311088562","0.3401300311088562","1343","1343","1343"
"66599","0.4651832580566406","0.4651832580566406","0.4651832580566406","1344","1344","1344"
"66649","0.4014962911605835","0.4014962911605835","0.4014962911605835","1345","1345","1345"
"66699","0.36416035890579224","0.36416035890579224","0.36416035890579224","1346","1346","1346"
"66749","0.2862272560596466","0.2862272560596466","0.2862272560596466","1347","1347","1347"
"66799","0.3447082042694092","0.3447082042694092","0.3447082042694092","1348","1348","1348"
"66849","0.3993527889251709","0.3993527889251709","0.3993527889251709","1349","1349","1349"
"66899","0.4104427099227905","0.4104427099227905","0.4104427099227905","1350","1350","1350"
"66949","0.39755281805992126","0.39755281805992126","0.39755281805992126","1351","1351","1351"
"66999","0.4231443405151367","0.4231443405151367","0.4231443405151367","1352","1352","1352"
"67049","0.33768630027770996","0.33768630027770996","0.33768630027770996","1353","1353","1353"
"67099","0.5357500314712524","0.5357500314712524","0.5357500314712524","1354","1354","1354"
"67149","0.37862932682037354","0.37862932682037354","0.37862932682037354","1355","1355","1355"
"67199","0.43770724534988403","0.43770724534988403","0.43770724534988403","1356","1356","1356"
"67249","0.48557379841804504","0.48557379841804504","0.48557379841804504","1357","1357","1357"
"67299","0.36109459400177","0.36109459400177","0.36109459400177","1358","1358","1358"
"67349","0.42097973823547363","0.42097973823547363","0.42097973823547363","1359","1359","1359"
"67399","0.3123900890350342","0.3123900890350342","0.3123900890350342","1360","1360","1360"
"67449","0.5548465847969055","0.5548465847969055","0.5548465847969055","1361","1361","1361"
"67499","0.35850250720977783","0.35850250720977783","0.35850250720977783","1362","1362","1362"
"67549","0.4126056432723999","0.4126056432723999","0.4126056432723999","1363","1363","1363"
"67599","0.3431311845779419","0.3431311845779419","0.3431311845779419","1364","1364","1364"
"67649","0.34345653653144836","0.34345653653144836","0.34345653653144836","1365","1365","1365"
"67699","0.3753453493118286","0.3753453493118286","0.3753453493118286","1366","1366","1366"
"67749","0.480978786945343","0.480978786945343","0.480978786945343","1367","1367","1367"
"67799","0.3380488157272339","0.3380488157272339","0.3380488157272339","1368","1368","1368"
"67849","0.3667243719100952","0.3667243719100952","0.3667243719100952","1369","1369","1369"
"67899","0.4076741933822632","0.4076741933822632","0.4076741933822632","1370","1370","1370"
"67949","0.3379228711128235","0.3379228711128235","0.3379228711128235","1371","1371","1371"
"67999","0.2773049473762512","0.2773049473762512","0.2773049473762512","1372","1372","1372"
"68049","0.35933008790016174","0.35933008790016174","0.35933008790016174","1373","1373","1373"
"68099","0.4285775423049927","0.4285775423049927","0.4285775423049927","1374","1374","1374"
"68149","0.3500598669052124","0.3500598669052124","0.3500598669052124","1375","1375","1375"
"68199","0.27707624435424805","0.27707624435424805","0.27707624435424805","1376","1376","1376"
"68249","0.40853196382522583","0.40853196382522583","0.40853196382522583","1377","1377","1377"
"68299","0.3367042541503906","0.3367042541503906","0.3367042541503906","1378","1378","1378"
"68349","0.7763152122497559","0.7763152122497559","0.7763152122497559","1379","1379","1379"
"68399","0.3964199423789978","0.3964199423789978","0.3964199423789978","1380","1380","1380"
"68449","0.3635534346103668","0.3635534346103668","0.3635534346103668","1381","1381","1381"
"68499","0.39287638664245605","0.39287638664245605","0.39287638664245605","1382","1382","1382"
"68549","0.37885990738868713","0.37885990738868713","0.37885990738868713","1383","1383","1383"
"68599","0.35189899802207947","0.35189899802207947","0.35189899802207947","1384","1384","1384"
"68649","0.2729014456272125","0.2729014456272125","0.2729014456272125","1385","1385","1385"
"68699","0.2857625484466553","0.2857625484466553","0.2857625484466553","1386","1386","1386"
"68749","0.4626714885234833","0.4626714885234833","0.4626714885234833","1387","1387","1387"
"68799","0.5008141994476318","0.5008141994476318","0.5008141994476318","1388","1388","1388"
"68849","0.36581823229789734","0.36581823229789734","0.36581823229789734","1389","1389","1389"
"68899","0.40091991424560547","0.40091991424560547","0.40091991424560547","1390","1390","1390"
"68949","0.37763673067092896","0.37763673067092896","0.37763673067092896","1391","1391","1391"
"68999","0.3433322012424469","0.3433322012424469","0.3433322012424469","1392","1392","1392"
"69049","0.4667890667915344","0.4667890667915344","0.4667890667915344","1393","1393","1393"
"69099","0.41895073652267456","0.41895073652267456","0.41895073652267456","1394","1394","1394"
"69149","0.33049800992012024","0.33049800992012024","0.33049800992012024","1395","1395","1395"
"69199","0.43486976623535156","0.43486976623535156","0.43486976623535156","1396","1396","1396"
"69249","0.2926400303840637","0.2926400303840637","0.2926400303840637","1397","1397","1397"
"69299","0.3996996283531189","0.3996996283531189","0.3996996283531189","1398","1398","1398"
"69349","0.5006935000419617","0.5006935000419617","0.5006935000419617","1399","1399","1399"
"69399","0.40607690811157227","0.40607690811157227","0.40607690811157227","1400","1400","1400"
"69449","0.3486936092376709","0.3486936092376709","0.3486936092376709","1401","1401","1401"
"69499","0.41506171226501465","0.41506171226501465","0.41506171226501465","1402","1402","1402"
"69549","0.3330792188644409","0.3330792188644409","0.3330792188644409","1403","1403","1403"
"69599","0.4074278473854065","0.4074278473854065","0.4074278473854065","1404","1404","1404"
"69649","0.38237863779067993","0.38237863779067993","0.38237863779067993","1405","1405","1405"
"69699","0.45736968517303467","0.45736968517303467","0.45736968517303467","1406","1406","1406"
"69749","0.42062607407569885","0.42062607407569885","0.42062607407569885","1407","1407","1407"
"69799","0.3225865662097931","0.3225865662097931","0.3225865662097931","1408","1408","1408"
"69849","0.44301626086235046","0.44301626086235046","0.44301626086235046","1409","1409","1409"
"69899","0.354644238948822","0.354644238948822","0.354644238948822","1410","1410","1410"
"69949","0.4457089900970459","0.4457089900970459","0.4457089900970459","1411","1411","1411"
"69999","0.3288049101829529","0.3288049101829529","0.3288049101829529","1412","1412","1412"
"70049","0.3111230134963989","0.3111230134963989","0.3111230134963989","1414","1414","1414"
"70099","0.38111257553100586","0.38111257553100586","0.38111257553100586","1415","1415","1415"
"70149","0.34229230880737305","0.34229230880737305","0.34229230880737305","1416","1416","1416"
"70199","0.357234388589859","0.357234388589859","0.357234388589859","1417","1417","1417"
"70249","0.392471045255661","0.392471045255661","0.392471045255661","1418","1418","1418"
"70299","0.33617037534713745","0.33617037534713745","0.33617037534713745","1419","1419","1419"
"70349","0.39441877603530884","0.39441877603530884","0.39441877603530884","1420","1420","1420"
"70399","0.3681367337703705","0.3681367337703705","0.3681367337703705","1421","1421","1421"
"70449","0.36451321840286255","0.36451321840286255","0.36451321840286255","1422","1422","1422"
"70499","0.3609485626220703","0.3609485626220703","0.3609485626220703","1423","1423","1423"
"70549","0.37241095304489136","0.37241095304489136","0.37241095304489136","1424","1424","1424"
"70599","0.34194087982177734","0.34194087982177734","0.34194087982177734","1425","1425","1425"
"70649","0.3982260823249817","0.3982260823249817","0.3982260823249817","1426","1426","1426"
"70699","0.3672482371330261","0.3672482371330261","0.3672482371330261","1427","1427","1427"
"70749","0.46436870098114014","0.46436870098114014","0.46436870098114014","1428","1428","1428"
"70799","0.41728711128234863","0.41728711128234863","0.41728711128234863","1429","1429","1429"
"70849","0.3187673091888428","0.3187673091888428","0.3187673091888428","1430","1430","1430"
"70899","0.4435553550720215","0.4435553550720215","0.4435553550720215","1431","1431","1431"
"70949","0.5168793201446533","0.5168793201446533","0.5168793201446533","1432","1432","1432"
"70999","0.45297545194625854","0.45297545194625854","0.45297545194625854","1433","1433","1433"
"71049","0.3246796131134033","0.3246796131134033","0.3246796131134033","1434","1434","1434"
"71099","0.3305867910385132","0.3305867910385132","0.3305867910385132","1435","1435","1435"
"71149","0.364052414894104","0.364052414894104","0.364052414894104","1436","1436","1436"
"71199","0.3984924554824829","0.3984924554824829","0.3984924554824829","1437","1437","1437"
"71249","0.41111892461776733","0.41111892461776733","0.41111892461776733","1438","1438","1438"
"71299","0.4050445854663849","0.4050445854663849","0.4050445854663849","1439","1439","1439"
"71349","0.6955087184906006","0.6955087184906006","0.6955087184906006","1440","1440","1440"
"71399","0.3373159170150757","0.3373159170150757","0.3373159170150757","1441","1441","1441"
"71449","0.36568838357925415","0.36568838357925415","0.36568838357925415","1442","1442","1442"
"71499","0.4048027992248535","0.4048027992248535","0.4048027992248535","1443","1443","1443"
"71549","0.35732120275497437","0.35732120275497437","0.35732120275497437","1444","1444","1444"
"71599","0.3433343768119812","0.3433343768119812","0.3433343768119812","1445","1445","1445"
"71649","0.7712540626525879","0.7712540626525879","0.7712540626525879","1446","1446","1446"
"71699","0.5309759974479675","0.5309759974479675","0.5309759974479675","1447","1447","1447"
"71749","0.31240713596343994","0.31240713596343994","0.31240713596343994","1448","1448","1448"
"71799","0.4917090833187103","0.4917090833187103","0.4917090833187103","1449","1449","1449"
"71849","0.3591415584087372","0.3591415584087372","0.3591415584087372","1450","1450","1450"
"71899","0.37885063886642456","0.37885063886642456","0.37885063886642456","1451","1451","1451"
"71949","0.6213169693946838","0.6213169693946838","0.6213169693946838","1452","1452","1452"
"71999","0.4077836275100708","0.4077836275100708","0.4077836275100708","1453","1453","1453"
"72049","0.33040568232536316","0.33040568232536316","0.33040568232536316","1454","1454","1454"
"72099","0.2885175347328186","0.2885175347328186","0.2885175347328186","1455","1455","1455"
"72149","0.34066706895828247","0.34066706895828247","0.34066706895828247","1456","1456","1456"
"72199","0.33854788541793823","0.33854788541793823","0.33854788541793823","1457","1457","1457"
"72249","0.3190935552120209","0.3190935552120209","0.3190935552120209","1458","1458","1458"
"72299","0.29366007447242737","0.29366007447242737","0.29366007447242737","1459","1459","1459"
"72349","0.4375169277191162","0.4375169277191162","0.4375169277191162","1460","1460","1460"
"72399","0.3239422142505646","0.3239422142505646","0.3239422142505646","1461","1461","1461"
"72449","0.3560723066329956","0.3560723066329956","0.3560723066329956","1462","1462","1462"
"72499","0.465500146150589","0.465500146150589","0.465500146150589","1463","1463","1463"
"72549","0.3948412537574768","0.3948412537574768","0.3948412537574768","1464","1464","1464"
"72599","0.3134259879589081","0.3134259879589081","0.3134259879589081","1465","1465","1465"
"72649","0.2962789535522461","0.2962789535522461","0.2962789535522461","1466","1466","1466"
"72699","0.37885916233062744","0.37885916233062744","0.37885916233062744","1467","1467","1467"
"72749","0.4481915831565857","0.4481915831565857","0.4481915831565857","1468","1468","1468"
"72799","0.3447864353656769","0.3447864353656769","0.3447864353656769","1469","1469","1469"
"72849","0.46397504210472107","0.46397504210472107","0.46397504210472107","1470","1470","1470"
"72899","0.2686784267425537","0.2686784267425537","0.2686784267425537","1471","1471","1471"
"72949","0.3045673370361328","0.3045673370361328","0.3045673370361328","1472","1472","1472"
"72999","0.4114351272583008","0.4114351272583008","0.4114351272583008","1473","1473","1473"
"73049","0.3845933973789215","0.3845933973789215","0.3845933973789215","1474","1474","1474"
"73099","0.35500794649124146","0.35500794649124146","0.35500794649124146","1475","1475","1475"
"73149","0.3589469790458679","0.3589469790458679","0.3589469790458679","1476","1476","1476"
"73199","0.3636474013328552","0.3636474013328552","0.3636474013328552","1477","1477","1477"
"73249","0.32532286643981934","0.32532286643981934","0.32532286643981934","1478","1478","1478"
"73299","0.3134765625","0.3134765625","0.3134765625","1479","1479","1479"
"73349","0.44560831785202026","0.44560831785202026","0.44560831785202026","1480","1480","1480"
"73399","0.41767454147338867","0.41767454147338867","0.41767454147338867","1481","1481","1481"
"73449","0.35681912302970886","0.35681912302970886","0.35681912302970886","1482","1482","1482"
"73499","0.3755771517753601","0.3755771517753601","0.3755771517753601","1483","1483","1483"
"73549","0.3955748975276947","0.3955748975276947","0.3955748975276947","1484","1484","1484"
"73599","0.3324347734451294","0.3324347734451294","0.3324347734451294","1485","1485","1485"
"73649","0.3779869079589844","0.3779869079589844","0.3779869079589844","1486","1486","1486"
"73699","0.35118067264556885","0.35118067264556885","0.35118067264556885","1487","1487","1487"
"73749","0.34585335850715637","0.34585335850715637","0.34585335850715637","1488","1488","1488"
"73799","0.3464787006378174","0.3464787006378174","0.3464787006378174","1489","1489","1489"
"73849","0.42802518606185913","0.42802518606185913","0.42802518606185913","1490","1490","1490"
"73899","0.3947260081768036","0.3947260081768036","0.3947260081768036","1491","1491","1491"
"73949","0.4349610209465027","0.4349610209465027","0.4349610209465027","1492","1492","1492"
"73999","0.367212176322937","0.367212176322937","0.367212176322937","1493","1493","1493"
"74049","0.35253775119781494","0.35253775119781494","0.35253775119781494","1494","1494","1494"
"74099","0.3457682728767395","0.3457682728767395","0.3457682728767395","1495","1495","1495"
"74149","0.38138052821159363","0.38138052821159363","0.38138052821159363","1496","1496","1496"
"74199","0.37984588742256165","0.37984588742256165","0.37984588742256165","1497","1497","1497"
"74249","0.3595545291900635","0.3595545291900635","0.3595545291900635","1498","1498","1498"
"74299","0.414938747882843","0.414938747882843","0.414938747882843","1499","1499","1499"
"74349","0.3418859839439392","0.3418859839439392","0.3418859839439392","1500","1500","1500"
"74399","0.34624385833740234","0.34624385833740234","0.34624385833740234","1501","1501","1501"
"74449","0.367159366607666","0.367159366607666","0.367159366607666","1502","1502","1502"
"74499","0.3290119767189026","0.3290119767189026","0.3290119767189026","1503","1503","1503"
"74549","0.3247756063938141","0.3247756063938141","0.3247756063938141","1504","1504","1504"
"74599","0.3162263035774231","0.3162263035774231","0.3162263035774231","1505","1505","1505"
"74649","0.39641302824020386","0.39641302824020386","0.39641302824020386","1506","1506","1506"
"74699","0.4119301438331604","0.4119301438331604","0.4119301438331604","1507","1507","1507"
"74749","0.3876780867576599","0.3876780867576599","0.3876780867576599","1508","1508","1508"
"74799","0.3336808681488037","0.3336808681488037","0.3336808681488037","1509","1509","1509"
"74849","0.3376370668411255","0.3376370668411255","0.3376370668411255","1510","1510","1510"
"74899","0.35260429978370667","0.35260429978370667","0.35260429978370667","1511","1511","1511"
"74949","0.33171898126602173","0.33171898126602173","0.33171898126602173","1512","1512","1512"
"74999","0.3864232897758484","0.3864232897758484","0.3864232897758484","1513","1513","1513"
"75049","0.27260470390319824","0.27260470390319824","0.27260470390319824","1515","1515","1515"
"75099","0.28842833638191223","0.28842833638191223","0.28842833638191223","1516","1516","1516"
"75149","0.3802120089530945","0.3802120089530945","0.3802120089530945","1517","1517","1517"
"75199","0.36054539680480957","0.36054539680480957","0.36054539680480957","1518","1518","1518"
"75249","0.39239609241485596","0.39239609241485596","0.39239609241485596","1519","1519","1519"
"75299","0.3437601625919342","0.3437601625919342","0.3437601625919342","1520","1520","1520"
"75349","0.33425140380859375","0.33425140380859375","0.33425140380859375","1521","1521","1521"
"75399","0.45665091276168823","0.45665091276168823","0.45665091276168823","1522","1522","1522"
"75449","0.39515793323516846","0.39515793323516846","0.39515793323516846","1523","1523","1523"
"75499","0.41310903429985046","0.41310903429985046","0.41310903429985046","1524","1524","1524"
"75549","0.3387555480003357","0.3387555480003357","0.3387555480003357","1525","1525","1525"
"75599","0.3416360020637512","0.3416360020637512","0.3416360020637512","1526","1526","1526"
"75649","0.601963460445404","0.601963460445404","0.601963460445404","1527","1527","1527"
"75699","0.3238600492477417","0.3238600492477417","0.3238600492477417","1528","1528","1528"
"75749","0.3746950328350067","0.3746950328350067","0.3746950328350067","1529","1529","1529"
"75799","0.37102633714675903","0.37102633714675903","0.37102633714675903","1530","1530","1530"
"75849","0.328765332698822","0.328765332698822","0.328765332698822","1531","1531","1531"
"75899","0.31274259090423584","0.31274259090423584","0.31274259090423584","1532","1532","1532"
"75949","0.43617329001426697","0.43617329001426697","0.43617329001426697","1533","1533","1533"
"75999","0.7544291019439697","0.7544291019439697","0.7544291019439697","1534","1534","1534"
"76049","0.3283304274082184","0.3283304274082184","0.3283304274082184","1535","1535","1535"
"76099","0.33628547191619873","0.33628547191619873","0.33628547191619873","1536","1536","1536"
"76149","0.37829864025115967","0.37829864025115967","0.37829864025115967","1537","1537","1537"
"76199","0.43335068225860596","0.43335068225860596","0.43335068225860596","1538","1538","1538"
"76249","0.2815595269203186","0.2815595269203186","0.2815595269203186","1539","1539","1539"
"76299","0.38321736454963684","0.38321736454963684","0.38321736454963684","1540","1540","1540"
"76349","0.35513532161712646","0.35513532161712646","0.35513532161712646","1541","1541","1541"
"76399","0.38854020833969116","0.38854020833969116","0.38854020833969116","1542","1542","1542"
"76449","0.4194590151309967","0.4194590151309967","0.4194590151309967","1543","1543","1543"
"76499","0.3583989143371582","0.3583989143371582","0.3583989143371582","1544","1544","1544"
"76549","0.28035634756088257","0.28035634756088257","0.28035634756088257","1545","1545","1545"
"76599","0.3518635034561157","0.3518635034561157","0.3518635034561157","1546","1546","1546"
"76649","0.3096802830696106","0.3096802830696106","0.3096802830696106","1547","1547","1547"
"76699","0.34027042984962463","0.34027042984962463","0.34027042984962463","1548","1548","1548"
"76749","0.34688085317611694","0.34688085317611694","0.34688085317611694","1549","1549","1549"
"76799","0.3171248137950897","0.3171248137950897","0.3171248137950897","1550","1550","1550"
"76849","0.2832176685333252","0.2832176685333252","0.2832176685333252","1551","1551","1551"
"76899","0.46310174465179443","0.46310174465179443","0.46310174465179443","1552","1552","1552"
"76949","0.3092971742153168","0.3092971742153168","0.3092971742153168","1553","1553","1553"
"76999","0.34585416316986084","0.34585416316986084","0.34585416316986084","1554","1554","1554"
"77049","0.34840404987335205","0.34840404987335205","0.34840404987335205","1555","1555","1555"
"77099","0.3958801329135895","0.3958801329135895","0.3958801329135895","1556","1556","1556"
"77149","0.29314494132995605","0.29314494132995605","0.29314494132995605","1557","1557","1557"
"77199","0.3730645775794983","0.3730645775794983","0.3730645775794983","1558","1558","1558"
"77249","0.48296427726745605","0.48296427726745605","0.48296427726745605","1559","1559","1559"
"77299","0.34182512760162354","0.34182512760162354","0.34182512760162354","1560","1560","1560"
"77349","0.3473967909812927","0.3473967909812927","0.3473967909812927","1561","1561","1561"
"77399","0.452795147895813","0.452795147895813","0.452795147895813","1562","1562","1562"
"77449","0.39412808418273926","0.39412808418273926","0.39412808418273926","1563","1563","1563"
"77499","0.33741897344589233","0.33741897344589233","0.33741897344589233","1564","1564","1564"
"77549","0.28081393241882324","0.28081393241882324","0.28081393241882324","1565","1565","1565"
"77599","0.49754613637924194","0.49754613637924194","0.49754613637924194","1566","1566","1566"
"77649","0.5190210342407227","0.5190210342407227","0.5190210342407227","1567","1567","1567"
"77699","0.3821465075016022","0.3821465075016022","0.3821465075016022","1568","1568","1568"
"77749","0.2838851809501648","0.2838851809501648","0.2838851809501648","1569","1569","1569"
"77799","0.7970263361930847","0.7970263361930847","0.7970263361930847","1570","1570","1570"
"77849","0.2692217230796814","0.2692217230796814","0.2692217230796814","1571","1571","1571"
"77899","0.27959567308425903","0.27959567308425903","0.27959567308425903","1572","1572","1572"
"77949","0.29645487666130066","0.29645487666130066","0.29645487666130066","1573","1573","1573"
"77999","0.323395311832428","0.323395311832428","0.323395311832428","1574","1574","1574"
"78049","0.39049315452575684","0.39049315452575684","0.39049315452575684","1575","1575","1575"
"78099","0.30982205271720886","0.30982205271720886","0.30982205271720886","1576","1576","1576"
"78149","0.46601468324661255","0.46601468324661255","0.46601468324661255","1577","1577","1577"
"78199","0.41841164231300354","0.41841164231300354","0.41841164231300354","1578","1578","1578"
"78249","0.2970919907093048","0.2970919907093048","0.2970919907093048","1579","1579","1579"
"78299","0.25394755601882935","0.25394755601882935","0.25394755601882935","1580","1580","1580"
"78349","0.4832596182823181","0.4832596182823181","0.4832596182823181","1581","1581","1581"
"78399","0.35408157110214233","0.35408157110214233","0.35408157110214233","1582","1582","1582"
"78449","0.340084046125412","0.340084046125412","0.340084046125412","1583","1583","1583"
"78499","0.40460503101348877","0.40460503101348877","0.40460503101348877","1584","1584","1584"
"78549","0.31976771354675293","0.31976771354675293","0.31976771354675293","1585","1585","1585"
"78599","0.3215450942516327","0.3215450942516327","0.3215450942516327","1586","1586","1586"
"78649","0.40938323736190796","0.40938323736190796","0.40938323736190796","1587","1587","1587"
"78699","0.3783606290817261","0.3783606290817261","0.3783606290817261","1588","1588","1588"
"78749","0.44935721158981323","0.44935721158981323","0.44935721158981323","1589","1589","1589"
"78799","0.5292742848396301","0.5292742848396301","0.5292742848396301","1590","1590","1590"
"78849","0.5000865459442139","0.5000865459442139","0.5000865459442139","1591","1591","1591"
"78899","0.415944367647171","0.415944367647171","0.415944367647171","1592","1592","1592"
"78949","0.41870567202568054","0.41870567202568054","0.41870567202568054","1593","1593","1593"
"78999","0.4045141935348511","0.4045141935348511","0.4045141935348511","1594","1594","1594"
"79049","0.3043583631515503","0.3043583631515503","0.3043583631515503","1595","1595","1595"
"79099","0.3918854594230652","0.3918854594230652","0.3918854594230652","1596","1596","1596"
"79149","0.29965102672576904","0.29965102672576904","0.29965102672576904","1597","1597","1597"
"79199","0.3797769844532013","0.3797769844532013","0.3797769844532013","1598","1598","1598"
"79249","0.319774329662323","0.319774329662323","0.319774329662323","1599","1599","1599"
"79299","0.36235761642456055","0.36235761642456055","0.36235761642456055","1600","1600","1600"
"79349","0.4167057275772095","0.4167057275772095","0.4167057275772095","1601","1601","1601"
"79399","0.4017678499221802","0.4017678499221802","0.4017678499221802","1602","1602","1602"
"79449","0.3311440646648407","0.3311440646648407","0.3311440646648407","1603","1603","1603"
"79499","0.30898821353912354","0.30898821353912354","0.30898821353912354","1604","1604","1604"
"79549","0.37062281370162964","0.37062281370162964","0.37062281370162964","1605","1605","1605"
"79599","0.28725361824035645","0.28725361824035645","0.28725361824035645","1606","1606","1606"
"79649","0.33920562267303467","0.33920562267303467","0.33920562267303467","1607","1607","1607"
"79699","0.3186492919921875","0.3186492919921875","0.3186492919921875","1608","1608","1608"
"79749","0.2910420894622803","0.2910420894622803","0.2910420894622803","1609","1609","1609"
"79799","0.2656336724758148","0.2656336724758148","0.2656336724758148","1610","1610","1610"
"79849","0.8938516974449158","0.8938516974449158","0.8938516974449158","1611","1611","1611"
"79899","0.3292391896247864","0.3292391896247864","0.3292391896247864","1612","1612","1612"
"79949","0.3816065192222595","0.3816065192222595","0.3816065192222595","1613","1613","1613"
"79999","0.3764551877975464","0.3764551877975464","0.3764551877975464","1614","1614","1614"
"80049","0.3494753837585449","0.3494753837585449","0.3494753837585449","1616","1616","1616"
"80099","0.366652250289917","0.366652250289917","0.366652250289917","1617","1617","1617"
"80149","0.3432461619377136","0.3432461619377136","0.3432461619377136","1618","1618","1618"
"80199","0.3889935314655304","0.3889935314655304","0.3889935314655304","1619","1619","1619"
"80249","0.3165959119796753","0.3165959119796753","0.3165959119796753","1620","1620","1620"
"80299","0.49660828709602356","0.49660828709602356","0.49660828709602356","1621","1621","1621"
"80349","0.36120471358299255","0.36120471358299255","0.36120471358299255","1622","1622","1622"
"80399","0.3043350577354431","0.3043350577354431","0.3043350577354431","1623","1623","1623"
"80449","0.3500763773918152","0.3500763773918152","0.3500763773918152","1624","1624","1624"
"80499","0.37885892391204834","0.37885892391204834","0.37885892391204834","1625","1625","1625"
"80549","0.3521243929862976","0.3521243929862976","0.3521243929862976","1626","1626","1626"
"80599","0.2939460575580597","0.2939460575580597","0.2939460575580597","1627","1627","1627"
"80649","0.41028741002082825","0.41028741002082825","0.41028741002082825","1628","1628","1628"
"80699","0.37449899315834045","0.37449899315834045","0.37449899315834045","1629","1629","1629"
"80749","0.4249279201030731","0.4249279201030731","0.4249279201030731","1630","1630","1630"
"80799","0.4116319715976715","0.4116319715976715","0.4116319715976715","1631","1631","1631"
"80849","0.26384520530700684","0.26384520530700684","0.26384520530700684","1632","1632","1632"
"80899","0.36265814304351807","0.36265814304351807","0.36265814304351807","1633","1633","1633"
"80949","0.26361384987831116","0.26361384987831116","0.26361384987831116","1634","1634","1634"
"80999","0.3811876177787781","0.3811876177787781","0.3811876177787781","1635","1635","1635"
"81049","0.4675292372703552","0.4675292372703552","0.4675292372703552","1636","1636","1636"
"81099","0.29767733812332153","0.29767733812332153","0.29767733812332153","1637","1637","1637"
"81149","0.3343956470489502","0.3343956470489502","0.3343956470489502","1638","1638","1638"
"81199","0.40389636158943176","0.40389636158943176","0.40389636158943176","1639","1639","1639"
"81249","0.38327115774154663","0.38327115774154663","0.38327115774154663","1640","1640","1640"
"81299","0.3770747780799866","0.3770747780799866","0.3770747780799866","1641","1641","1641"
"81349","0.30210328102111816","0.30210328102111816","0.30210328102111816","1642","1642","1642"
"81399","0.28332817554473877","0.28332817554473877","0.28332817554473877","1643","1643","1643"
"81449","0.2873023748397827","0.2873023748397827","0.2873023748397827","1644","1644","1644"
"81499","0.32488852739334106","0.32488852739334106","0.32488852739334106","1645","1645","1645"
"81549","0.29836106300354004","0.29836106300354004","0.29836106300354004","1646","1646","1646"
"81599","0.4784409701824188","0.4784409701824188","0.4784409701824188","1647","1647","1647"
"81649","0.39227575063705444","0.39227575063705444","0.39227575063705444","1648","1648","1648"
"81699","0.34723231196403503","0.34723231196403503","0.34723231196403503","1649","1649","1649"
"81749","0.40002450346946716","0.40002450346946716","0.40002450346946716","1650","1650","1650"
"81799","0.42021644115448","0.42021644115448","0.42021644115448","1651","1651","1651"
"81849","0.5094290971755981","0.5094290971755981","0.5094290971755981","1652","1652","1652"
"81899","0.37220296263694763","0.37220296263694763","0.37220296263694763","1653","1653","1653"
"81949","0.2890268564224243","0.2890268564224243","0.2890268564224243","1654","1654","1654"
"81999","0.37580710649490356","0.37580710649490356","0.37580710649490356","1655","1655","1655"
"82049","0.4767529368400574","0.4767529368400574","0.4767529368400574","1656","1656","1656"
"82099","0.3322087526321411","0.3322087526321411","0.3322087526321411","1657","1657","1657"
"82149","0.28681954741477966","0.28681954741477966","0.28681954741477966","1658","1658","1658"
"82199","0.31356924772262573","0.31356924772262573","0.31356924772262573","1659","1659","1659"
"82249","0.3016359806060791","0.3016359806060791","0.3016359806060791","1660","1660","1660"
"82299","0.4120998680591583","0.4120998680591583","0.4120998680591583","1661","1661","1661"
"82349","0.4906281530857086","0.4906281530857086","0.4906281530857086","1662","1662","1662"
"82399","0.35367196798324585","0.35367196798324585","0.35367196798324585","1663","1663","1663"
"82449","0.2922322452068329","0.2922322452068329","0.2922322452068329","1664","1664","1664"
"82499","0.41406601667404175","0.41406601667404175","0.41406601667404175","1665","1665","1665"
"82549","0.32973384857177734","0.32973384857177734","0.32973384857177734","1666","1666","1666"
"82599","0.6189897060394287","0.6189897060394287","0.6189897060394287","1667","1667","1667"
"82649","0.4269087612628937","0.4269087612628937","0.4269087612628937","1668","1668","1668"
"82699","0.40085655450820923","0.40085655450820923","0.40085655450820923","1669","1669","1669"
"82749","0.3660793900489807","0.3660793900489807","0.3660793900489807","1670","1670","1670"
"82799","0.3909679651260376","0.3909679651260376","0.3909679651260376","1671","1671","1671"
"82849","0.4539964199066162","0.4539964199066162","0.4539964199066162","1672","1672","1672"
"82899","0.3226203918457031","0.3226203918457031","0.3226203918457031","1673","1673","1673"
"82949","0.4194234609603882","0.4194234609603882","0.4194234609603882","1674","1674","1674"
"82999","0.37611693143844604","0.37611693143844604","0.37611693143844604","1675","1675","1675"
"83049","0.43850016593933105","0.43850016593933105","0.43850016593933105","1676","1676","1676"
"83099","0.39190739393234253","0.39190739393234253","0.39190739393234253","1677","1677","1677"
"83149","0.3000146150588989","0.3000146150588989","0.3000146150588989","1678","1678","1678"
"83199","0.4254520833492279","0.4254520833492279","0.4254520833492279","1679","1679","1679"
"83249","0.34690409898757935","0.34690409898757935","0.34690409898757935","1680","1680","1680"
"83299","0.32997003197669983","0.32997003197669983","0.32997003197669983","1681","1681","1681"
"83349","0.41978663206100464","0.41978663206100464","0.41978663206100464","1682","1682","1682"
"83399","0.34493494033813477","0.34493494033813477","0.34493494033813477","1683","1683","1683"
"83449","0.34683626890182495","0.34683626890182495","0.34683626890182495","1684","1684","1684"
"83499","0.33378133177757263","0.33378133177757263","0.33378133177757263","1685","1685","1685"
"83549","0.34737664461135864","0.34737664461135864","0.34737664461135864","1686","1686","1686"
"83599","0.3862259089946747","0.3862259089946747","0.3862259089946747","1687","1687","1687"
"83649","0.38642454147338867","0.38642454147338867","0.38642454147338867","1688","1688","1688"
"83699","0.4763231873512268","0.4763231873512268","0.4763231873512268","1689","1689","1689"
"83749","0.30551546812057495","0.30551546812057495","0.30551546812057495","1690","1690","1690"
"83799","0.6813473701477051","0.6813473701477051","0.6813473701477051","1691","1691","1691"
"83849","0.4535326063632965","0.4535326063632965","0.4535326063632965","1692","1692","1692"
"83899","0.3883250057697296","0.3883250057697296","0.3883250057697296","1693","1693","1693"
"83949","0.3051775097846985","0.3051775097846985","0.3051775097846985","1694","1694","1694"
"83999","0.3828241527080536","0.3828241527080536","0.3828241527080536","1695","1695","1695"
"84049","0.4386671781539917","0.4386671781539917","0.4386671781539917","1696","1696","1696"
"84099","0.3698856830596924","0.3698856830596924","0.3698856830596924","1697","1697","1697"
"84149","0.35819289088249207","0.35819289088249207","0.35819289088249207","1698","1698","1698"
"84199","0.320753276348114","0.320753276348114","0.320753276348114","1699","1699","1699"
"84249","0.3977104425430298","0.3977104425430298","0.3977104425430298","1700","1700","1700"
"84299","0.3229547142982483","0.3229547142982483","0.3229547142982483","1701","1701","1701"
"84349","0.3294529318809509","0.3294529318809509","0.3294529318809509","1702","1702","1702"
"84399","0.5222433805465698","0.5222433805465698","0.5222433805465698","1703","1703","1703"
"84449","0.5244040489196777","0.5244040489196777","0.5244040489196777","1704","1704","1704"
"84499","0.6945295333862305","0.6945295333862305","0.6945295333862305","1705","1705","1705"
"84549","0.4593108594417572","0.4593108594417572","0.4593108594417572","1706","1706","1706"
"84599","0.48608148097991943","0.48608148097991943","0.48608148097991943","1707","1707","1707"
"84649","0.3914363384246826","0.3914363384246826","0.3914363384246826","1708","1708","1708"
"84699","0.34813380241394043","0.34813380241394043","0.34813380241394043","1709","1709","1709"
"84749","0.5415481328964233","0.5415481328964233","0.5415481328964233","1710","1710","1710"
"84799","0.5609697699546814","0.5609697699546814","0.5609697699546814","1711","1711","1711"
"84849","0.5972915291786194","0.5972915291786194","0.5972915291786194","1712","1712","1712"
"84899","0.472816526889801","0.472816526889801","0.472816526889801","1713","1713","1713"
"84949","0.5128827095031738","0.5128827095031738","0.5128827095031738","1714","1714","1714"
"84999","0.41227734088897705","0.41227734088897705","0.41227734088897705","1715","1715","1715"
"85049","0.45694291591644287","0.45694291591644287","0.45694291591644287","1717","1717","1717"
"85099","0.5197830200195312","0.5197830200195312","0.5197830200195312","1718","1718","1718"
"85149","0.28222015500068665","0.28222015500068665","0.28222015500068665","1719","1719","1719"
"85199","0.745453417301178","0.745453417301178","0.745453417301178","1720","1720","1720"
"85249","0.4125034809112549","0.4125034809112549","0.4125034809112549","1721","1721","1721"
"85299","0.3879014849662781","0.3879014849662781","0.3879014849662781","1722","1722","1722"
"85349","0.49750375747680664","0.49750375747680664","0.49750375747680664","1723","1723","1723"
"85399","0.5558452606201172","0.5558452606201172","0.5558452606201172","1724","1724","1724"
"85449","0.3652837872505188","0.3652837872505188","0.3652837872505188","1725","1725","1725"
"85499","0.4620107412338257","0.4620107412338257","0.4620107412338257","1726","1726","1726"
"85549","0.4237746000289917","0.4237746000289917","0.4237746000289917","1727","1727","1727"
"85599","0.4265393018722534","0.4265393018722534","0.4265393018722534","1728","1728","1728"
"85649","0.41441747546195984","0.41441747546195984","0.41441747546195984","1729","1729","1729"
"85699","0.4051801860332489","0.4051801860332489","0.4051801860332489","1730","1730","1730"
"85749","0.5328221321105957","0.5328221321105957","0.5328221321105957","1731","1731","1731"
"85799","0.5917199850082397","0.5917199850082397","0.5917199850082397","1732","1732","1732"
"85849","0.4864981472492218","0.4864981472492218","0.4864981472492218","1733","1733","1733"
"85899","0.3616310954093933","0.3616310954093933","0.3616310954093933","1734","1734","1734"
"85949","0.3661034405231476","0.3661034405231476","0.3661034405231476","1735","1735","1735"
"85999","0.6684712171554565","0.6684712171554565","0.6684712171554565","1736","1736","1736"
"86049","0.41818293929100037","0.41818293929100037","0.41818293929100037","1737","1737","1737"
"86099","0.3939371705055237","0.3939371705055237","0.3939371705055237","1738","1738","1738"
"86149","0.48521989583969116","0.48521989583969116","0.48521989583969116","1739","1739","1739"
"86199","0.5591830015182495","0.5591830015182495","0.5591830015182495","1740","1740","1740"
"86249","0.35074013471603394","0.35074013471603394","0.35074013471603394","1741","1741","1741"
"86299","0.5244647860527039","0.5244647860527039","0.5244647860527039","1742","1742","1742"
"86349","0.48491519689559937","0.48491519689559937","0.48491519689559937","1743","1743","1743"
"86399","0.4361439645290375","0.4361439645290375","0.4361439645290375","1744","1744","1744"
"86449","0.6247983574867249","0.6247983574867249","0.6247983574867249","1745","1745","1745"
"86499","0.44652149081230164","0.44652149081230164","0.44652149081230164","1746","1746","1746"
"86549","0.42225730419158936","0.42225730419158936","0.42225730419158936","1747","1747","1747"
"86599","0.39255815744400024","0.39255815744400024","0.39255815744400024","1748","1748","1748"
"86649","0.4925774335861206","0.4925774335861206","0.4925774335861206","1749","1749","1749"
"86699","0.35053300857543945","0.35053300857543945","0.35053300857543945","1750","1750","1750"
"86749","0.5023359656333923","0.5023359656333923","0.5023359656333923","1751","1751","1751"
"86799","0.37959733605384827","0.37959733605384827","0.37959733605384827","1752","1752","1752"
"86849","0.45772266387939453","0.45772266387939453","0.45772266387939453","1753","1753","1753"
"86899","0.33936190605163574","0.33936190605163574","0.33936190605163574","1754","1754","1754"
"86949","0.38001900911331177","0.38001900911331177","0.38001900911331177","1755","1755","1755"
"86999","0.42441242933273315","0.42441242933273315","0.42441242933273315","1756","1756","1756"
"87049","0.2729031443595886","0.2729031443595886","0.2729031443595886","1757","1757","1757"
"87099","0.4197924733161926","0.4197924733161926","0.4197924733161926","1758","1758","1758"
"87149","0.4418542981147766","0.4418542981147766","0.4418542981147766","1759","1759","1759"
"87199","0.5653550624847412","0.5653550624847412","0.5653550624847412","1760","1760","1760"
"87249","0.4009259045124054","0.4009259045124054","0.4009259045124054","1761","1761","1761"
"87299","0.31251227855682373","0.31251227855682373","0.31251227855682373","1762","1762","1762"
"87349","0.3680375814437866","0.3680375814437866","0.3680375814437866","1763","1763","1763"
"87399","0.6210770606994629","0.6210770606994629","0.6210770606994629","1764","1764","1764"
"87449","0.731648862361908","0.731648862361908","0.731648862361908","1765","1765","1765"
"87499","0.4559209942817688","0.4559209942817688","0.4559209942817688","1766","1766","1766"
"87549","0.751618504524231","0.751618504524231","0.751618504524231","1767","1767","1767"
"87599","0.5034509897232056","0.5034509897232056","0.5034509897232056","1768","1768","1768"
"87649","0.4066848158836365","0.4066848158836365","0.4066848158836365","1769","1769","1769"
"87699","0.5802252292633057","0.5802252292633057","0.5802252292633057","1770","1770","1770"
"87749","0.44130218029022217","0.44130218029022217","0.44130218029022217","1771","1771","1771"
"87799","0.4287351667881012","0.4287351667881012","0.4287351667881012","1772","1772","1772"
"87849","0.6270567774772644","0.6270567774772644","0.6270567774772644","1773","1773","1773"
"87899","0.48903924226760864","0.48903924226760864","0.48903924226760864","1774","1774","1774"
"87949","0.4487070143222809","0.4487070143222809","0.4487070143222809","1775","1775","1775"
"87999","0.3650624752044678","0.3650624752044678","0.3650624752044678","1776","1776","1776"
"88049","0.43538638949394226","0.43538638949394226","0.43538638949394226","1777","1777","1777"
"88099","0.5994864702224731","0.5994864702224731","0.5994864702224731","1778","1778","1778"
"88149","0.4981662333011627","0.4981662333011627","0.4981662333011627","1779","1779","1779"
"88199","0.5023170709609985","0.5023170709609985","0.5023170709609985","1780","1780","1780"
"88249","0.45672035217285156","0.45672035217285156","0.45672035217285156","1781","1781","1781"
"88299","0.46905264258384705","0.46905264258384705","0.46905264258384705","1782","1782","1782"
"88349","0.32295477390289307","0.32295477390289307","0.32295477390289307","1783","1783","1783"
"88399","0.48758548498153687","0.48758548498153687","0.48758548498153687","1784","1784","1784"
"88449","0.6695564389228821","0.6695564389228821","0.6695564389228821","1785","1785","1785"
"88499","0.3290610611438751","0.3290610611438751","0.3290610611438751","1786","1786","1786"
"88549","0.4943687617778778","0.4943687617778778","0.4943687617778778","1787","1787","1787"
"88599","0.3500714898109436","0.3500714898109436","0.3500714898109436","1788","1788","1788"
"88649","0.4728628396987915","0.4728628396987915","0.4728628396987915","1789","1789","1789"
"88699","0.5269043445587158","0.5269043445587158","0.5269043445587158","1790","1790","1790"
"88749","0.5164531469345093","0.5164531469345093","0.5164531469345093","1791","1791","1791"
"88799","0.3532993197441101","0.3532993197441101","0.3532993197441101","1792","1792","1792"
"88849","0.4582618474960327","0.4582618474960327","0.4582618474960327","1793","1793","1793"
"88899","0.48711633682250977","0.48711633682250977","0.48711633682250977","1794","1794","1794"
"88949","0.35845786333084106","0.35845786333084106","0.35845786333084106","1795","1795","1795"
"88999","0.5442980527877808","0.5442980527877808","0.5442980527877808","1796","1796","1796"
"89049","0.6397912502288818","0.6397912502288818","0.6397912502288818","1797","1797","1797"
"89099","0.4731892943382263","0.4731892943382263","0.4731892943382263","1798","1798","1798"
"89149","0.4683840870857239","0.4683840870857239","0.4683840870857239","1799","1799","1799"
"89199","0.6165687441825867","0.6165687441825867","0.6165687441825867","1800","1800","1800"
"89249","0.3376944065093994","0.3376944065093994","0.3376944065093994","1801","1801","1801"
"89299","0.33237749338150024","0.33237749338150024","0.33237749338150024","1802","1802","1802"
"89349","0.331632524728775","0.331632524728775","0.331632524728775","1803","1803","1803"
"89399","0.5999252796173096","0.5999252796173096","0.5999252796173096","1804","1804","1804"
"89449","0.47679734230041504","0.47679734230041504","0.47679734230041504","1805","1805","1805"
"89499","0.7687480449676514","0.7687480449676514","0.7687480449676514","1806","1806","1806"
"89549","0.4240150451660156","0.4240150451660156","0.4240150451660156","1807","1807","1807"
"89599","0.7792760133743286","0.7792760133743286","0.7792760133743286","1808","1808","1808"
"89649","0.3857426047325134","0.3857426047325134","0.3857426047325134","1809","1809","1809"
"89699","0.3570149540901184","0.3570149540901184","0.3570149540901184","1810","1810","1810"
"89749","0.4378731846809387","0.4378731846809387","0.4378731846809387","1811","1811","1811"
"89799","0.33751988410949707","0.33751988410949707","0.33751988410949707","1812","1812","1812"
"89849","0.38837212324142456","0.38837212324142456","0.38837212324142456","1813","1813","1813"
"89899","0.3397291898727417","0.3397291898727417","0.3397291898727417","1814","1814","1814"
"89949","0.2990131378173828","0.2990131378173828","0.2990131378173828","1815","1815","1815"
"89999","0.4225074052810669","0.4225074052810669","0.4225074052810669","1816","1816","1816"
"90049","0.45258307456970215","0.45258307456970215","0.45258307456970215","1818","1818","1818"
"90099","0.4428507387638092","0.4428507387638092","0.4428507387638092","1819","1819","1819"
"90149","0.6190625429153442","0.6190625429153442","0.6190625429153442","1820","1820","1820"
"90199","0.2935904264450073","0.2935904264450073","0.2935904264450073","1821","1821","1821"
"90249","0.47691991925239563","0.47691991925239563","0.47691991925239563","1822","1822","1822"
"90299","0.5336953401565552","0.5336953401565552","0.5336953401565552","1823","1823","1823"
"90349","0.4076308608055115","0.4076308608055115","0.4076308608055115","1824","1824","1824"
"90399","0.4764905869960785","0.4764905869960785","0.4764905869960785","1825","1825","1825"
"90449","0.48597270250320435","0.48597270250320435","0.48597270250320435","1826","1826","1826"
"90499","0.42958271503448486","0.42958271503448486","0.42958271503448486","1827","1827","1827"
"90549","0.4456600546836853","0.4456600546836853","0.4456600546836853","1828","1828","1828"
"90599","0.6594812273979187","0.6594812273979187","0.6594812273979187","1829","1829","1829"
"90649","0.8301045894622803","0.8301045894622803","0.8301045894622803","1830","1830","1830"
"90699","0.6150050163269043","0.6150050163269043","0.6150050163269043","1831","1831","1831"
"90749","0.5017268657684326","0.5017268657684326","0.5017268657684326","1832","1832","1832"
"90799","0.41791966557502747","0.41791966557502747","0.41791966557502747","1833","1833","1833"
"90849","0.4431988000869751","0.4431988000869751","0.4431988000869751","1834","1834","1834"
"90899","0.4551526606082916","0.4551526606082916","0.4551526606082916","1835","1835","1835"
"90949","0.5439670085906982","0.5439670085906982","0.5439670085906982","1836","1836","1836"
"90999","0.3267148435115814","0.3267148435115814","0.3267148435115814","1837","1837","1837"
"91049","0.5289838314056396","0.5289838314056396","0.5289838314056396","1838","1838","1838"
"91099","0.42456063628196716","0.42456063628196716","0.42456063628196716","1839","1839","1839"
"91149","0.37072277069091797","0.37072277069091797","0.37072277069091797","1840","1840","1840"
"91199","0.6325902938842773","0.6325902938842773","0.6325902938842773","1841","1841","1841"
"91249","0.37385934591293335","0.37385934591293335","0.37385934591293335","1842","1842","1842"
"91299","0.3839071989059448","0.3839071989059448","0.3839071989059448","1843","1843","1843"
"91349","0.4247906804084778","0.4247906804084778","0.4247906804084778","1844","1844","1844"
"91399","0.3938522934913635","0.3938522934913635","0.3938522934913635","1845","1845","1845"
"91449","0.39979854226112366","0.39979854226112366","0.39979854226112366","1846","1846","1846"
"91499","0.4299164414405823","0.4299164414405823","0.4299164414405823","1847","1847","1847"
"91549","0.49034813046455383","0.49034813046455383","0.49034813046455383","1848","1848","1848"
"91599","0.396375447511673","0.396375447511673","0.396375447511673","1849","1849","1849"
"91649","0.4480605125427246","0.4480605125427246","0.4480605125427246","1850","1850","1850"
"91699","0.4330791234970093","0.4330791234970093","0.4330791234970093","1851","1851","1851"
"91749","0.4076347351074219","0.4076347351074219","0.4076347351074219","1852","1852","1852"
"91799","0.5487579107284546","0.5487579107284546","0.5487579107284546","1853","1853","1853"
"91849","0.4914776682853699","0.4914776682853699","0.4914776682853699","1854","1854","1854"
"91899","0.5041638016700745","0.5041638016700745","0.5041638016700745","1855","1855","1855"
"91949","0.5085079669952393","0.5085079669952393","0.5085079669952393","1856","1856","1856"
"91999","0.49478816986083984","0.49478816986083984","0.49478816986083984","1857","1857","1857"
"92049","0.6503838300704956","0.6503838300704956","0.6503838300704956","1858","1858","1858"
"92099","0.45453542470932007","0.45453542470932007","0.45453542470932007","1859","1859","1859"
"92149","0.5976531505584717","0.5976531505584717","0.5976531505584717","1860","1860","1860"
"92199","0.5537668466567993","0.5537668466567993","0.5537668466567993","1861","1861","1861"
"92249","0.37965670228004456","0.37965670228004456","0.37965670228004456","1862","1862","1862"
"92299","0.6941601037979126","0.6941601037979126","0.6941601037979126","1863","1863","1863"
"92349","0.549972653388977","0.549972653388977","0.549972653388977","1864","1864","1864"
"92399","0.6429891586303711","0.6429891586303711","0.6429891586303711","1865","1865","1865"
"92449","0.7802457213401794","0.7802457213401794","0.7802457213401794","1866","1866","1866"
"92499","0.3838815689086914","0.3838815689086914","0.3838815689086914","1867","1867","1867"
"92549","0.38239049911499023","0.38239049911499023","0.38239049911499023","1868","1868","1868"
"92599","0.5161478519439697","0.5161478519439697","0.5161478519439697","1869","1869","1869"
"92649","0.5714491605758667","0.5714491605758667","0.5714491605758667","1870","1870","1870"
"92699","0.4233628809452057","0.4233628809452057","0.4233628809452057","1871","1871","1871"
"92749","0.6635315418243408","0.6635315418243408","0.6635315418243408","1872","1872","1872"
"92799","0.5882357358932495","0.5882357358932495","0.5882357358932495","1873","1873","1873"
"92849","0.4368321895599365","0.4368321895599365","0.4368321895599365","1874","1874","1874"
"92899","0.6894490122795105","0.6894490122795105","0.6894490122795105","1875","1875","1875"
"92949","0.3510217070579529","0.3510217070579529","0.3510217070579529","1876","1876","1876"
"92999","0.4144517779350281","0.4144517779350281","0.4144517779350281","1877","1877","1877"
"93049","0.40596649050712585","0.40596649050712585","0.40596649050712585","1878","1878","1878"
"93099","0.2807585597038269","0.2807585597038269","0.2807585597038269","1879","1879","1879"
"93149","0.7088205218315125","0.7088205218315125","0.7088205218315125","1880","1880","1880"
"93199","0.6899268627166748","0.6899268627166748","0.6899268627166748","1881","1881","1881"
"93249","0.5033224821090698","0.5033224821090698","0.5033224821090698","1882","1882","1882"
"93299","0.35017678141593933","0.35017678141593933","0.35017678141593933","1883","1883","1883"
"93349","0.28211528062820435","0.28211528062820435","0.28211528062820435","1884","1884","1884"
"93399","0.38590091466903687","0.38590091466903687","0.38590091466903687","1885","1885","1885"
"93449","0.38623368740081787","0.38623368740081787","0.38623368740081787","1886","1886","1886"
"93499","0.3268299698829651","0.3268299698829651","0.3268299698829651","1887","1887","1887"
"93549","0.5177169442176819","0.5177169442176819","0.5177169442176819","1888","1888","1888"
"93599","0.414765864610672","0.414765864610672","0.414765864610672","1889","1889","1889"
"93649","0.3331911563873291","0.3331911563873291","0.3331911563873291","1890","1890","1890"
"93699","0.4183177649974823","0.4183177649974823","0.4183177649974823","1891","1891","1891"
"93749","0.42522358894348145","0.42522358894348145","0.42522358894348145","1892","1892","1892"
"93799","0.42485520243644714","0.42485520243644714","0.42485520243644714","1893","1893","1893"
"93849","0.41578131914138794","0.41578131914138794","0.41578131914138794","1894","1894","1894"
"93899","0.3657243847846985","0.3657243847846985","0.3657243847846985","1895","1895","1895"
"93949","0.5011599063873291","0.5011599063873291","0.5011599063873291","1896","1896","1896"
"93999","0.4558851718902588","0.4558851718902588","0.4558851718902588","1897","1897","1897"
"94049","0.44305387139320374","0.44305387139320374","0.44305387139320374","1898","1898","1898"
"94099","0.3506430685520172","0.3506430685520172","0.3506430685520172","1899","1899","1899"
"94149","0.4151933193206787","0.4151933193206787","0.4151933193206787","1900","1900","1900"
"94199","0.45391905307769775","0.45391905307769775","0.45391905307769775","1901","1901","1901"
"94249","0.6099714040756226","0.6099714040756226","0.6099714040756226","1902","1902","1902"
"94299","0.5035028457641602","0.5035028457641602","0.5035028457641602","1903","1903","1903"
"94349","0.3946494460105896","0.3946494460105896","0.3946494460105896","1904","1904","1904"
"94399","0.5105909109115601","0.5105909109115601","0.5105909109115601","1905","1905","1905"
"94449","0.3353995680809021","0.3353995680809021","0.3353995680809021","1906","1906","1906"
"94499","0.3730819821357727","0.3730819821357727","0.3730819821357727","1907","1907","1907"
"94549","0.4112512171268463","0.4112512171268463","0.4112512171268463","1908","1908","1908"
"94599","0.34893798828125","0.34893798828125","0.34893798828125","1909","1909","1909"
"94649","0.5894773006439209","0.5894773006439209","0.5894773006439209","1910","1910","1910"
"94699","0.5213478803634644","0.5213478803634644","0.5213478803634644","1911","1911","1911"
"94749","0.38654598593711853","0.38654598593711853","0.38654598593711853","1912","1912","1912"
"94799","0.39644208550453186","0.39644208550453186","0.39644208550453186","1913","1913","1913"
"94849","0.6479471325874329","0.6479471325874329","0.6479471325874329","1914","1914","1914"
"94899","0.5417248010635376","0.5417248010635376","0.5417248010635376","1915","1915","1915"
"94949","0.46456149220466614","0.46456149220466614","0.46456149220466614","1916","1916","1916"
"94999","0.5687710642814636","0.5687710642814636","0.5687710642814636","1917","1917","1917"
"95049","0.330708771944046","0.330708771944046","0.330708771944046","1919","1919","1919"
"95099","0.42359212040901184","0.42359212040901184","0.42359212040901184","1920","1920","1920"
"95149","0.42404231429100037","0.42404231429100037","0.42404231429100037","1921","1921","1921"
"95199","0.4806150197982788","0.4806150197982788","0.4806150197982788","1922","1922","1922"
"95249","0.49407142400741577","0.49407142400741577","0.49407142400741577","1923","1923","1923"
"95299","0.38533857464790344","0.38533857464790344","0.38533857464790344","1924","1924","1924"
"95349","0.4925554692745209","0.4925554692745209","0.4925554692745209","1925","1925","1925"
"95399","0.4286472797393799","0.4286472797393799","0.4286472797393799","1926","1926","1926"
"95449","0.42213869094848633","0.42213869094848633","0.42213869094848633","1927","1927","1927"
"95499","0.513992965221405","0.513992965221405","0.513992965221405","1928","1928","1928"
"95549","0.5745593309402466","0.5745593309402466","0.5745593309402466","1929","1929","1929"
"95599","0.41305434703826904","0.41305434703826904","0.41305434703826904","1930","1930","1930"
"95649","0.41031038761138916","0.41031038761138916","0.41031038761138916","1931","1931","1931"
"95699","0.4705631732940674","0.4705631732940674","0.4705631732940674","1932","1932","1932"
"95749","0.34726032614707947","0.34726032614707947","0.34726032614707947","1933","1933","1933"
"95799","0.7182853817939758","0.7182853817939758","0.7182853817939758","1934","1934","1934"
"95849","0.33390313386917114","0.33390313386917114","0.33390313386917114","1935","1935","1935"
"95899","0.43187475204467773","0.43187475204467773","0.43187475204467773","1936","1936","1936"
"95949","0.43572095036506653","0.43572095036506653","0.43572095036506653","1937","1937","1937"
"95999","0.34122738242149353","0.34122738242149353","0.34122738242149353","1938","1938","1938"
"96049","0.49201878905296326","0.49201878905296326","0.49201878905296326","1939","1939","1939"
"96099","0.6050218343734741","0.6050218343734741","0.6050218343734741","1940","1940","1940"
"96149","0.4687621295452118","0.4687621295452118","0.4687621295452118","1941","1941","1941"
"96199","0.34562790393829346","0.34562790393829346","0.34562790393829346","1942","1942","1942"
"96249","0.41268160939216614","0.41268160939216614","0.41268160939216614","1943","1943","1943"
"96299","0.3367255628108978","0.3367255628108978","0.3367255628108978","1944","1944","1944"
"96349","0.62229984998703","0.62229984998703","0.62229984998703","1945","1945","1945"
"96399","0.47635436058044434","0.47635436058044434","0.47635436058044434","1946","1946","1946"
"96449","0.41786253452301025","0.41786253452301025","0.41786253452301025","1947","1947","1947"
"96499","0.3235417306423187","0.3235417306423187","0.3235417306423187","1948","1948","1948"
"96549","0.49414756894111633","0.49414756894111633","0.49414756894111633","1949","1949","1949"
"96599","0.49849316477775574","0.49849316477775574","0.49849316477775574","1950","1950","1950"
"96649","0.47436416149139404","0.47436416149139404","0.47436416149139404","1951","1951","1951"
"96699","0.3658999800682068","0.3658999800682068","0.3658999800682068","1952","1952","1952"
"96749","0.47841209173202515","0.47841209173202515","0.47841209173202515","1953","1953","1953"
"96799","0.43710237741470337","0.43710237741470337","0.43710237741470337","1954","1954","1954"
"96849","0.4028046131134033","0.4028046131134033","0.4028046131134033","1955","1955","1955"
"96899","0.2717328667640686","0.2717328667640686","0.2717328667640686","1956","1956","1956"
"96949","0.33194589614868164","0.33194589614868164","0.33194589614868164","1957","1957","1957"
"96999","0.4983307421207428","0.4983307421207428","0.4983307421207428","1958","1958","1958"
"97049","0.5470259189605713","0.5470259189605713","0.5470259189605713","1959","1959","1959"
"97099","0.6652781963348389","0.6652781963348389","0.6652781963348389","1960","1960","1960"
"97149","0.4517785310745239","0.4517785310745239","0.4517785310745239","1961","1961","1961"
"97199","0.5153920650482178","0.5153920650482178","0.5153920650482178","1962","1962","1962"
"97249","0.49514806270599365","0.49514806270599365","0.49514806270599365","1963","1963","1963"
"97299","0.3468574285507202","0.3468574285507202","0.3468574285507202","1964","1964","1964"
"97349","0.421084463596344","0.421084463596344","0.421084463596344","1965","1965","1965"
"97399","0.4056146740913391","0.4056146740913391","0.4056146740913391","1966","1966","1966"
"97449","0.6546801924705505","0.6546801924705505","0.6546801924705505","1967","1967","1967"
"97499","0.5289533138275146","0.5289533138275146","0.5289533138275146","1968","1968","1968"
"97549","0.6174899339675903","0.6174899339675903","0.6174899339675903","1969","1969","1969"
"97599","0.44156917929649353","0.44156917929649353","0.44156917929649353","1970","1970","1970"
"97649","0.5289244651794434","0.5289244651794434","0.5289244651794434","1971","1971","1971"
"97699","0.4553133249282837","0.4553133249282837","0.4553133249282837","1972","1972","1972"
"97749","0.46343177556991577","0.46343177556991577","0.46343177556991577","1973","1973","1973"
"97799","0.6198029518127441","0.6198029518127441","0.6198029518127441","1974","1974","1974"
"97849","0.44735395908355713","0.44735395908355713","0.44735395908355713","1975","1975","1975"
"97899","0.43154454231262207","0.43154454231262207","0.43154454231262207","1976","1976","1976"
"97949","0.3682437539100647","0.3682437539100647","0.3682437539100647","1977","1977","1977"
"97999","0.46744513511657715","0.46744513511657715","0.46744513511657715","1978","1978","1978"
"98049","0.5426973700523376","0.5426973700523376","0.5426973700523376","1979","1979","1979"
"98099","0.4599815011024475","0.4599815011024475","0.4599815011024475","1980","1980","1980"
"98149","0.40529459714889526","0.40529459714889526","0.40529459714889526","1981","1981","1981"
"98199","0.6095453500747681","0.6095453500747681","0.6095453500747681","1982","1982","1982"
"98249","0.8036068677902222","0.8036068677902222","0.8036068677902222","1983","1983","1983"
"98299","0.4480462670326233","0.4480462670326233","0.4480462670326233","1984","1984","1984"
"98349","0.5367563962936401","0.5367563962936401","0.5367563962936401","1985","1985","1985"
"98399","0.4608917832374573","0.4608917832374573","0.4608917832374573","1986","1986","1986"
"98449","0.5135221481323242","0.5135221481323242","0.5135221481323242","1987","1987","1987"
"98499","0.40823793411254883","0.40823793411254883","0.40823793411254883","1988","1988","1988"
"98549","0.41054046154022217","0.41054046154022217","0.41054046154022217","1989","1989","1989"
"98599","0.5530330538749695","0.5530330538749695","0.5530330538749695","1990","1990","1990"
"98649","0.5930107831954956","0.5930107831954956","0.5930107831954956","1991","1991","1991"
"98699","0.5909862518310547","0.5909862518310547","0.5909862518310547","1992","1992","1992"
"98749","0.5432143211364746","0.5432143211364746","0.5432143211364746","1993","1993","1993"
"98799","0.5239315629005432","0.5239315629005432","0.5239315629005432","1994","1994","1994"
"98849","0.7280723452568054","0.7280723452568054","0.7280723452568054","1995","1995","1995"
"98899","0.3732447028160095","0.3732447028160095","0.3732447028160095","1996","1996","1996"
"98949","0.37160205841064453","0.37160205841064453","0.37160205841064453","1997","1997","1997"
"98999","0.40633276104927063","0.40633276104927063","0.40633276104927063","1998","1998","1998"
"99049","0.31397753953933716","0.31397753953933716","0.31397753953933716","1999","1999","1999"
"99099","0.34501761198043823","0.34501761198043823","0.34501761198043823","2000","2000","2000"
"99149","0.7383397817611694","0.7383397817611694","0.7383397817611694","2001","2001","2001"
"99199","0.464494913816452","0.464494913816452","0.464494913816452","2002","2002","2002"
"99249","0.47751227021217346","0.47751227021217346","0.47751227021217346","2003","2003","2003"
"99299","0.5940967798233032","0.5940967798233032","0.5940967798233032","2004","2004","2004"
"99349","0.616220235824585","0.616220235824585","0.616220235824585","2005","2005","2005"
"99399","0.5346746444702148","0.5346746444702148","0.5346746444702148","2006","2006","2006"
"99449","0.640143871307373","0.640143871307373","0.640143871307373","2007","2007","2007"
"99499","0.28654393553733826","0.28654393553733826","0.28654393553733826","2008","2008","2008"
"99549","0.7271857857704163","0.7271857857704163","0.7271857857704163","2009","2009","2009"
"99599","0.6413426399230957","0.6413426399230957","0.6413426399230957","2010","2010","2010"
"99649","0.4661816656589508","0.4661816656589508","0.4661816656589508","2011","2011","2011"
"99699","0.3309081196784973","0.3309081196784973","0.3309081196784973","2012","2012","2012"
"99749","0.4520283341407776","0.4520283341407776","0.4520283341407776","2013","2013","2013"
"99799","0.48936980962753296","0.48936980962753296","0.48936980962753296","2014","2014","2014"
"99849","0.40131932497024536","0.40131932497024536","0.40131932497024536","2015","2015","2015"
"99899","0.36195212602615356","0.36195212602615356","0.36195212602615356","2016","2016","2016"
"99949","0.38628676533699036","0.38628676533699036","0.38628676533699036","2017","2017","2017"
"99999","0.4022146761417389","0.4022146761417389","0.4022146761417389","2018","2018","2018"
"100049","0.42005306482315063","0.42005306482315063","0.42005306482315063","2020","2020","2020"
"100099","0.4484786093235016","0.4484786093235016","0.4484786093235016","2021","2021","2021"
"100149","0.43070530891418457","0.43070530891418457","0.43070530891418457","2022","2022","2022"
"100199","0.5418764352798462","0.5418764352798462","0.5418764352798462","2023","2023","2023"
"100249","0.4853225648403168","0.4853225648403168","0.4853225648403168","2024","2024","2024"
"100299","0.7081100344657898","0.7081100344657898","0.7081100344657898","2025","2025","2025"
"100349","0.3654114603996277","0.3654114603996277","0.3654114603996277","2026","2026","2026"
"100399","0.4381060302257538","0.4381060302257538","0.4381060302257538","2027","2027","2027"
"100449","0.658219575881958","0.658219575881958","0.658219575881958","2028","2028","2028"
"100499","0.6390078067779541","0.6390078067779541","0.6390078067779541","2029","2029","2029"
"100549","0.5166882276535034","0.5166882276535034","0.5166882276535034","2030","2030","2030"
"100599","0.4333608150482178","0.4333608150482178","0.4333608150482178","2031","2031","2031"
"100649","0.4067290425300598","0.4067290425300598","0.4067290425300598","2032","2032","2032"
"100699","0.5061240792274475","0.5061240792274475","0.5061240792274475","2033","2033","2033"
"100749","0.48408523201942444","0.48408523201942444","0.48408523201942444","2034","2034","2034"
"100799","0.45981258153915405","0.45981258153915405","0.45981258153915405","2035","2035","2035"
"100849","0.5695593953132629","0.5695593953132629","0.5695593953132629","2036","2036","2036"
"100899","0.3872728645801544","0.3872728645801544","0.3872728645801544","2037","2037","2037"
"100949","0.7872370481491089","0.7872370481491089","0.7872370481491089","2038","2038","2038"
"100999","0.49155694246292114","0.49155694246292114","0.49155694246292114","2039","2039","2039"
"101049","0.3968456983566284","0.3968456983566284","0.3968456983566284","2040","2040","2040"
"101099","0.7197384834289551","0.7197384834289551","0.7197384834289551","2041","2041","2041"
"101149","0.5464955568313599","0.5464955568313599","0.5464955568313599","2042","2042","2042"
"101199","0.38293299078941345","0.38293299078941345","0.38293299078941345","2043","2043","2043"
"101249","0.4181194603443146","0.4181194603443146","0.4181194603443146","2044","2044","2044"
"101299","0.38688987493515015","0.38688987493515015","0.38688987493515015","2045","2045","2045"
"101349","0.43138113617897034","0.43138113617897034","0.43138113617897034","2046","2046","2046"
"101399","0.5501735806465149","0.5501735806465149","0.5501735806465149","2047","2047","2047"
"101449","0.6303248405456543","0.6303248405456543","0.6303248405456543","2048","2048","2048"
"101499","0.47212734818458557","0.47212734818458557","0.47212734818458557","2049","2049","2049"
"101549","0.422169953584671","0.422169953584671","0.422169953584671","2050","2050","2050"
"101599","0.3472956418991089","0.3472956418991089","0.3472956418991089","2051","2051","2051"
"101649","0.8055689334869385","0.8055689334869385","0.8055689334869385","2052","2052","2052"
"101699","0.36389267444610596","0.36389267444610596","0.36389267444610596","2053","2053","2053"
"101749","0.42591792345046997","0.42591792345046997","0.42591792345046997","2054","2054","2054"
"101799","0.6149325370788574","0.6149325370788574","0.6149325370788574","2055","2055","2055"
"101849","0.8644640445709229","0.8644640445709229","0.8644640445709229","2056","2056","2056"
"101899","0.5387253761291504","0.5387253761291504","0.5387253761291504","2057","2057","2057"
"101949","0.6332489848136902","0.6332489848136902","0.6332489848136902","2058","2058","2058"
"101999","0.431547075510025","0.431547075510025","0.431547075510025","2059","2059","2059"
"102049","0.43137866258621216","0.43137866258621216","0.43137866258621216","2060","2060","2060"
"102099","0.5116333961486816","0.5116333961486816","0.5116333961486816","2061","2061","2061"
"102149","0.4456205666065216","0.4456205666065216","0.4456205666065216","2062","2062","2062"
"102199","0.41380059719085693","0.41380059719085693","0.41380059719085693","2063","2063","2063"
"102249","0.42399418354034424","0.42399418354034424","0.42399418354034424","2064","2064","2064"
"102299","0.35220736265182495","0.35220736265182495","0.35220736265182495","2065","2065","2065"
"102349","0.3582870364189148","0.3582870364189148","0.3582870364189148","2066","2066","2066"
"102399","0.35568493604660034","0.35568493604660034","0.35568493604660034","2067","2067","2067"
"102449","0.5064258575439453","0.5064258575439453","0.5064258575439453","2068","2068","2068"
"102499","0.48412254452705383","0.48412254452705383","0.48412254452705383","2069","2069","2069"
"102549","0.6605249643325806","0.6605249643325806","0.6605249643325806","2070","2070","2070"
"102599","0.4292300343513489","0.4292300343513489","0.4292300343513489","2071","2071","2071"
"102649","0.3547302782535553","0.3547302782535553","0.3547302782535553","2072","2072","2072"
"102699","0.44048982858657837","0.44048982858657837","0.44048982858657837","2073","2073","2073"
"102749","0.37421077489852905","0.37421077489852905","0.37421077489852905","2074","2074","2074"
"102799","0.34606873989105225","0.34606873989105225","0.34606873989105225","2075","2075","2075"
"102849","0.6199519634246826","0.6199519634246826","0.6199519634246826","2076","2076","2076"
"102899","0.38834115862846375","0.38834115862846375","0.38834115862846375","2077","2077","2077"
"102949","0.49408096075057983","0.49408096075057983","0.49408096075057983","2078","2078","2078"
"102999","0.7587721347808838","0.7587721347808838","0.7587721347808838","2079","2079","2079"
"103049","0.4050162732601166","0.4050162732601166","0.4050162732601166","2080","2080","2080"
"103099","0.4245777428150177","0.4245777428150177","0.4245777428150177","2081","2081","2081"
"103149","0.3740948438644409","0.3740948438644409","0.3740948438644409","2082","2082","2082"
"103199","0.5741865038871765","0.5741865038871765","0.5741865038871765","2083","2083","2083"
"103249","0.5663928985595703","0.5663928985595703","0.5663928985595703","2084","2084","2084"
"103299","0.41174328327178955","0.41174328327178955","0.41174328327178955","2085","2085","2085"
"103349","0.6918050050735474","0.6918050050735474","0.6918050050735474","2086","2086","2086"
"103399","0.28877073526382446","0.28877073526382446","0.28877073526382446","2087","2087","2087"
"103449","0.5015396475791931","0.5015396475791931","0.5015396475791931","2088","2088","2088"
"103499","0.48170459270477295","0.48170459270477295","0.48170459270477295","2089","2089","2089"
"103549","0.38074496388435364","0.38074496388435364","0.38074496388435364","2090","2090","2090"
"103599","0.5813166499137878","0.5813166499137878","0.5813166499137878","2091","2091","2091"
"103649","0.6197645664215088","0.6197645664215088","0.6197645664215088","2092","2092","2092"
"103699","0.3944016098976135","0.3944016098976135","0.3944016098976135","2093","2093","2093"
"103749","0.5096517205238342","0.5096517205238342","0.5096517205238342","2094","2094","2094"
"103799","0.527411162853241","0.527411162853241","0.527411162853241","2095","2095","2095"
"103849","0.6120625734329224","0.6120625734329224","0.6120625734329224","2096","2096","2096"
"103899","0.4787309169769287","0.4787309169769287","0.4787309169769287","2097","2097","2097"
"103949","0.41093945503234863","0.41093945503234863","0.41093945503234863","2098","2098","2098"
"103999","0.5869190096855164","0.5869190096855164","0.5869190096855164","2099","2099","2099"
"104049","0.31917604804039","0.31917604804039","0.31917604804039","2100","2100","2100"
"104099","0.33690130710601807","0.33690130710601807","0.33690130710601807","2101","2101","2101"
"104149","0.3901047706604004","0.3901047706604004","0.3901047706604004","2102","2102","2102"
"104199","0.4521203935146332","0.4521203935146332","0.4521203935146332","2103","2103","2103"
"104249","0.7589083313941956","0.7589083313941956","0.7589083313941956","2104","2104","2104"
"104299","0.4611445963382721","0.4611445963382721","0.4611445963382721","2105","2105","2105"
"104349","0.34724414348602295","0.34724414348602295","0.34724414348602295","2106","2106","2106"
"104399","0.436607301235199","0.436607301235199","0.436607301235199","2107","2107","2107"
"104449","0.43706539273262024","0.43706539273262024","0.43706539273262024","2108","2108","2108"
"104499","0.34557706117630005","0.34557706117630005","0.34557706117630005","2109","2109","2109"
"104549","0.562645435333252","0.562645435333252","0.562645435333252","2110","2110","2110"
"104599","0.37291210889816284","0.37291210889816284","0.37291210889816284","2111","2111","2111"
"104649","0.3731951117515564","0.3731951117515564","0.3731951117515564","2112","2112","2112"
"104699","0.3760368824005127","0.3760368824005127","0.3760368824005127","2113","2113","2113"
"104749","0.3038331866264343","0.3038331866264343","0.3038331866264343","2114","2114","2114"
"104799","0.2791483998298645","0.2791483998298645","0.2791483998298645","2115","2115","2115"
"104849","0.32384926080703735","0.32384926080703735","0.32384926080703735","2116","2116","2116"
"104899","0.34664982557296753","0.34664982557296753","0.34664982557296753","2117","2117","2117"
"104949","0.706869900226593","0.706869900226593","0.706869900226593","2118","2118","2118"
"104999","0.6159986853599548","0.6159986853599548","0.6159986853599548","2119","2119","2119"
"105049","0.45948436856269836","0.45948436856269836","0.45948436856269836","2121","2121","2121"
"105099","0.7240981459617615","0.7240981459617615","0.7240981459617615","2122","2122","2122"
"105149","0.5361180901527405","0.5361180901527405","0.5361180901527405","2123","2123","2123"
"105199","0.5300029516220093","0.5300029516220093","0.5300029516220093","2124","2124","2124"
"105249","0.2880331873893738","0.2880331873893738","0.2880331873893738","2125","2125","2125"
"105299","0.5159202814102173","0.5159202814102173","0.5159202814102173","2126","2126","2126"
"105349","0.49273210763931274","0.49273210763931274","0.49273210763931274","2127","2127","2127"
"105399","0.3698526918888092","0.3698526918888092","0.3698526918888092","2128","2128","2128"
"105449","0.5265892744064331","0.5265892744064331","0.5265892744064331","2129","2129","2129"
"105499","0.3896278142929077","0.3896278142929077","0.3896278142929077","2130","2130","2130"
"105549","0.3529488444328308","0.3529488444328308","0.3529488444328308","2131","2131","2131"
"105599","0.4514278769493103","0.4514278769493103","0.4514278769493103","2132","2132","2132"
"105649","0.43682730197906494","0.43682730197906494","0.43682730197906494","2133","2133","2133"
"105699","0.4449291527271271","0.4449291527271271","0.4449291527271271","2134","2134","2134"
"105749","0.32050859928131104","0.32050859928131104","0.32050859928131104","2135","2135","2135"
"105799","0.43365478515625","0.43365478515625","0.43365478515625","2136","2136","2136"
"105849","0.5737999677658081","0.5737999677658081","0.5737999677658081","2137","2137","2137"
"105899","0.3596651256084442","0.3596651256084442","0.3596651256084442","2138","2138","2138"
"105949","0.38767579197883606","0.38767579197883606","0.38767579197883606","2139","2139","2139"
"105999","0.6415196061134338","0.6415196061134338","0.6415196061134338","2140","2140","2140"
"106049","0.47642895579338074","0.47642895579338074","0.47642895579338074","2141","2141","2141"
"106099","0.7306244373321533","0.7306244373321533","0.7306244373321533","2142","2142","2142"
"106149","0.5803272724151611","0.5803272724151611","0.5803272724151611","2143","2143","2143"
"106199","0.4775712490081787","0.4775712490081787","0.4775712490081787","2144","2144","2144"
"106249","0.53178870677948","0.53178870677948","0.53178870677948","2145","2145","2145"
"106299","0.6665794849395752","0.6665794849395752","0.6665794849395752","2146","2146","2146"
"106349","0.36467239260673523","0.36467239260673523","0.36467239260673523","2147","2147","2147"
"106399","0.4796367287635803","0.4796367287635803","0.4796367287635803","2148","2148","2148"
"106449","0.3905847668647766","0.3905847668647766","0.3905847668647766","2149","2149","2149"
"106499","0.3776070475578308","0.3776070475578308","0.3776070475578308","2150","2150","2150"
"106549","0.3412690758705139","0.3412690758705139","0.3412690758705139","2151","2151","2151"
"106599","0.5490515232086182","0.5490515232086182","0.5490515232086182","2152","2152","2152"
"106649","0.3192119300365448","0.3192119300365448","0.3192119300365448","2153","2153","2153"
"106699","0.698198676109314","0.698198676109314","0.698198676109314","2154","2154","2154"
"106749","0.4398411512374878","0.4398411512374878","0.4398411512374878","2155","2155","2155"
"106799","0.4284221827983856","0.4284221827983856","0.4284221827983856","2156","2156","2156"
"106849","0.5746203064918518","0.5746203064918518","0.5746203064918518","2157","2157","2157"
"106899","0.45789051055908203","0.45789051055908203","0.45789051055908203","2158","2158","2158"
"106949","0.4654693305492401","0.4654693305492401","0.4654693305492401","2159","2159","2159"
"106999","0.4543367028236389","0.4543367028236389","0.4543367028236389","2160","2160","2160"
"107049","0.5930132269859314","0.5930132269859314","0.5930132269859314","2161","2161","2161"
"107099","0.3779395818710327","0.3779395818710327","0.3779395818710327","2162","2162","2162"
"107149","0.5114759206771851","0.5114759206771851","0.5114759206771851","2163","2163","2163"
"107199","0.7068980932235718","0.7068980932235718","0.7068980932235718","2164","2164","2164"
"107249","0.598563551902771","0.598563551902771","0.598563551902771","2165","2165","2165"
"107299","0.35302838683128357","0.35302838683128357","0.35302838683128357","2166","2166","2166"
"107349","0.42215871810913086","0.42215871810913086","0.42215871810913086","2167","2167","2167"
"107399","0.3681270480155945","0.3681270480155945","0.3681270480155945","2168","2168","2168"
"107449","0.4420882761478424","0.4420882761478424","0.4420882761478424","2169","2169","2169"
"107499","0.6917718648910522","0.6917718648910522","0.6917718648910522","2170","2170","2170"
"107549","0.3498349189758301","0.3498349189758301","0.3498349189758301","2171","2171","2171"
"107599","0.366116464138031","0.366116464138031","0.366116464138031","2172","2172","2172"
"107649","0.43000638484954834","0.43000638484954834","0.43000638484954834","2173","2173","2173"
"107699","0.759767472743988","0.759767472743988","0.759767472743988","2174","2174","2174"
"107749","0.5871474146842957","0.5871474146842957","0.5871474146842957","2175","2175","2175"
"107799","0.4339643120765686","0.4339643120765686","0.4339643120765686","2176","2176","2176"
"107849","0.572046160697937","0.572046160697937","0.572046160697937","2177","2177","2177"
"107899","0.451272189617157","0.451272189617157","0.451272189617157","2178","2178","2178"
"107949","0.45948052406311035","0.45948052406311035","0.45948052406311035","2179","2179","2179"
"107999","0.5073111057281494","0.5073111057281494","0.5073111057281494","2180","2180","2180"
"108049","0.3570566773414612","0.3570566773414612","0.3570566773414612","2181","2181","2181"
"108099","0.8018931150436401","0.8018931150436401","0.8018931150436401","2182","2182","2182"
"108149","0.694106936454773","0.694106936454773","0.694106936454773","2183","2183","2183"
"108199","0.398969829082489","0.398969829082489","0.398969829082489","2184","2184","2184"
"108249","0.4024404287338257","0.4024404287338257","0.4024404287338257","2185","2185","2185"
"108299","0.3771873712539673","0.3771873712539673","0.3771873712539673","2186","2186","2186"
"108349","0.36966317892074585","0.36966317892074585","0.36966317892074585","2187","2187","2187"
"108399","0.4033791422843933","0.4033791422843933","0.4033791422843933","2188","2188","2188"
"108449","0.3910285234451294","0.3910285234451294","0.3910285234451294","2189","2189","2189"
"108499","0.5345461368560791","0.5345461368560791","0.5345461368560791","2190","2190","2190"
"108549","0.33166319131851196","0.33166319131851196","0.33166319131851196","2191","2191","2191"
"108599","0.45021530985832214","0.45021530985832214","0.45021530985832214","2192","2192","2192"
"108649","0.4961727559566498","0.4961727559566498","0.4961727559566498","2193","2193","2193"
"108699","0.5408336520195007","0.5408336520195007","0.5408336520195007","2194","2194","2194"
"108749","0.3110268712043762","0.3110268712043762","0.3110268712043762","2195","2195","2195"
"108799","0.473635196685791","0.473635196685791","0.473635196685791","2196","2196","2196"
"108849","0.4872824549674988","0.4872824549674988","0.4872824549674988","2197","2197","2197"
"108899","0.5183607339859009","0.5183607339859009","0.5183607339859009","2198","2198","2198"
"108949","0.42883729934692383","0.42883729934692383","0.42883729934692383","2199","2199","2199"
"108999","0.3916299641132355","0.3916299641132355","0.3916299641132355","2200","2200","2200"
"109049","0.4249730706214905","0.4249730706214905","0.4249730706214905","2201","2201","2201"
"109099","0.46620896458625793","0.46620896458625793","0.46620896458625793","2202","2202","2202"
"109149","0.5171968936920166","0.5171968936920166","0.5171968936920166","2203","2203","2203"
"109199","0.3101479113101959","0.3101479113101959","0.3101479113101959","2204","2204","2204"
"109249","0.4796745777130127","0.4796745777130127","0.4796745777130127","2205","2205","2205"
"109299","0.5447959899902344","0.5447959899902344","0.5447959899902344","2206","2206","2206"
"109349","0.5305805802345276","0.5305805802345276","0.5305805802345276","2207","2207","2207"
"109399","0.5210680365562439","0.5210680365562439","0.5210680365562439","2208","2208","2208"
"109449","0.47411438822746277","0.47411438822746277","0.47411438822746277","2209","2209","2209"
"109499","0.38984769582748413","0.38984769582748413","0.38984769582748413","2210","2210","2210"
"109549","0.5191673040390015","0.5191673040390015","0.5191673040390015","2211","2211","2211"
"109599","0.3849153220653534","0.3849153220653534","0.3849153220653534","2212","2212","2212"
"109649","0.5011342763900757","0.5011342763900757","0.5011342763900757","2213","2213","2213"
"109699","0.26075848937034607","0.26075848937034607","0.26075848937034607","2214","2214","2214"
"109749","0.3817256689071655","0.3817256689071655","0.3817256689071655","2215","2215","2215"
"109799","0.6200913190841675","0.6200913190841675","0.6200913190841675","2216","2216","2216"
"109849","0.3533203601837158","0.3533203601837158","0.3533203601837158","2217","2217","2217"
"109899","0.38171467185020447","0.38171467185020447","0.38171467185020447","2218","2218","2218"
"109949","0.43091142177581787","0.43091142177581787","0.43091142177581787","2219","2219","2219"
"109999","0.43440526723861694","0.43440526723861694","0.43440526723861694","2220","2220","2220"
"110049","0.35759973526000977","0.35759973526000977","0.35759973526000977","2222","2222","2222"
"110099","0.4376527667045593","0.4376527667045593","0.4376527667045593","2223","2223","2223"
"110149","0.5475596189498901","0.5475596189498901","0.5475596189498901","2224","2224","2224"
"110199","0.5766443014144897","0.5766443014144897","0.5766443014144897","2225","2225","2225"
"110249","0.36612468957901","0.36612468957901","0.36612468957901","2226","2226","2226"
"110299","0.5917419791221619","0.5917419791221619","0.5917419791221619","2227","2227","2227"
"110349","0.4468895196914673","0.4468895196914673","0.4468895196914673","2228","2228","2228"
"110399","0.5062021017074585","0.5062021017074585","0.5062021017074585","2229","2229","2229"
"110449","0.5004990100860596","0.5004990100860596","0.5004990100860596","2230","2230","2230"
"110499","0.4441760778427124","0.4441760778427124","0.4441760778427124","2231","2231","2231"
"110549","0.4556296467781067","0.4556296467781067","0.4556296467781067","2232","2232","2232"
"110599","0.49099496006965637","0.49099496006965637","0.49099496006965637","2233","2233","2233"
"110649","0.467254102230072","0.467254102230072","0.467254102230072","2234","2234","2234"
"110699","0.41989439725875854","0.41989439725875854","0.41989439725875854","2235","2235","2235"
"110749","0.38800036907196045","0.38800036907196045","0.38800036907196045","2236","2236","2236"
"110799","0.415226548910141","0.415226548910141","0.415226548910141","2237","2237","2237"
"110849","0.7363802194595337","0.7363802194595337","0.7363802194595337","2238","2238","2238"
"110899","0.6080236434936523","0.6080236434936523","0.6080236434936523","2239","2239","2239"
"110949","0.583073616027832","0.583073616027832","0.583073616027832","2240","2240","2240"
"110999","0.2831157445907593","0.2831157445907593","0.2831157445907593","2241","2241","2241"
"111049","0.5248141288757324","0.5248141288757324","0.5248141288757324","2242","2242","2242"
"111099","0.3416767716407776","0.3416767716407776","0.3416767716407776","2243","2243","2243"
"111149","0.4189957082271576","0.4189957082271576","0.4189957082271576","2244","2244","2244"
"111199","0.42533355951309204","0.42533355951309204","0.42533355951309204","2245","2245","2245"
"111249","0.4232165217399597","0.4232165217399597","0.4232165217399597","2246","2246","2246"
"111299","0.4509143829345703","0.4509143829345703","0.4509143829345703","2247","2247","2247"
"111349","0.4975840151309967","0.4975840151309967","0.4975840151309967","2248","2248","2248"
"111399","0.4887780249118805","0.4887780249118805","0.4887780249118805","2249","2249","2249"
"111449","0.8268104195594788","0.8268104195594788","0.8268104195594788","2250","2250","2250"
"111499","0.3414496183395386","0.3414496183395386","0.3414496183395386","2251","2251","2251"
"111549","0.7686772346496582","0.7686772346496582","0.7686772346496582","2252","2252","2252"
"111599","0.4616031050682068","0.4616031050682068","0.4616031050682068","2253","2253","2253"
"111649","0.6125781536102295","0.6125781536102295","0.6125781536102295","2254","2254","2254"
"111699","0.6216557621955872","0.6216557621955872","0.6216557621955872","2255","2255","2255"
"111749","0.39258095622062683","0.39258095622062683","0.39258095622062683","2256","2256","2256"
"111799","0.37258151173591614","0.37258151173591614","0.37258151173591614","2257","2257","2257"
"111849","0.3007599711418152","0.3007599711418152","0.3007599711418152","2258","2258","2258"
"111899","0.33249998092651367","0.33249998092651367","0.33249998092651367","2259","2259","2259"
"111949","0.37078648805618286","0.37078648805618286","0.37078648805618286","2260","2260","2260"
"111999","0.38203170895576477","0.38203170895576477","0.38203170895576477","2261","2261","2261"
"112049","0.43865686655044556","0.43865686655044556","0.43865686655044556","2262","2262","2262"
"112099","0.3908664286136627","0.3908664286136627","0.3908664286136627","2263","2263","2263"
"112149","0.4130854606628418","0.4130854606628418","0.4130854606628418","2264","2264","2264"
"112199","0.5188069343566895","0.5188069343566895","0.5188069343566895","2265","2265","2265"
"112249","0.42050641775131226","0.42050641775131226","0.42050641775131226","2266","2266","2266"
"112299","0.5161845684051514","0.5161845684051514","0.5161845684051514","2267","2267","2267"
"112349","0.3153771162033081","0.3153771162033081","0.3153771162033081","2268","2268","2268"
"112399","0.5722693204879761","0.5722693204879761","0.5722693204879761","2269","2269","2269"
"112449","0.5525723695755005","0.5525723695755005","0.5525723695755005","2270","2270","2270"
"112499","0.5471043586730957","0.5471043586730957","0.5471043586730957","2271","2271","2271"
"112549","0.6296570301055908","0.6296570301055908","0.6296570301055908","2272","2272","2272"
"112599","0.5405800938606262","0.5405800938606262","0.5405800938606262","2273","2273","2273"
"112649","0.426474928855896","0.426474928855896","0.426474928855896","2274","2274","2274"
"112699","0.6684313416481018","0.6684313416481018","0.6684313416481018","2275","2275","2275"
"112749","0.3147486448287964","0.3147486448287964","0.3147486448287964","2276","2276","2276"
"112799","0.4148802161216736","0.4148802161216736","0.4148802161216736","2277","2277","2277"
"112849","0.48169463872909546","0.48169463872909546","0.48169463872909546","2278","2278","2278"
"112899","0.4697696268558502","0.4697696268558502","0.4697696268558502","2279","2279","2279"
"112949","0.5219075083732605","0.5219075083732605","0.5219075083732605","2280","2280","2280"
"112999","0.37585800886154175","0.37585800886154175","0.37585800886154175","2281","2281","2281"
"113049","0.6097536087036133","0.6097536087036133","0.6097536087036133","2282","2282","2282"
"113099","0.4540725350379944","0.4540725350379944","0.4540725350379944","2283","2283","2283"
"113149","0.7545628547668457","0.7545628547668457","0.7545628547668457","2284","2284","2284"
"113199","0.5427179336547852","0.5427179336547852","0.5427179336547852","2285","2285","2285"
"113249","0.39055895805358887","0.39055895805358887","0.39055895805358887","2286","2286","2286"
"113299","0.3650975227355957","0.3650975227355957","0.3650975227355957","2287","2287","2287"
"113349","0.39585167169570923","0.39585167169570923","0.39585167169570923","2288","2288","2288"
"113399","0.3800598978996277","0.3800598978996277","0.3800598978996277","2289","2289","2289"
"113449","0.47513025999069214","0.47513025999069214","0.47513025999069214","2290","2290","2290"
"113499","0.39890968799591064","0.39890968799591064","0.39890968799591064","2291","2291","2291"
"113549","0.581303060054779","0.581303060054779","0.581303060054779","2292","2292","2292"
"113599","0.4406147003173828","0.4406147003173828","0.4406147003173828","2293","2293","2293"
"113649","0.325499951839447","0.325499951839447","0.325499951839447","2294","2294","2294"
"113699","0.37900087237358093","0.37900087237358093","0.37900087237358093","2295","2295","2295"
"113749","0.454501748085022","0.454501748085022","0.454501748085022","2296","2296","2296"
"113799","0.5120353102684021","0.5120353102684021","0.5120353102684021","2297","2297","2297"
"113849","0.4639774262905121","0.4639774262905121","0.4639774262905121","2298","2298","2298"
"113899","0.4053688049316406","0.4053688049316406","0.4053688049316406","2299","2299","2299"
"113949","0.5704155564308167","0.5704155564308167","0.5704155564308167","2300","2300","2300"
"113999","0.5504922866821289","0.5504922866821289","0.5504922866821289","2301","2301","2301"
"114049","0.5662827491760254","0.5662827491760254","0.5662827491760254","2302","2302","2302"
"114099","0.6716573238372803","0.6716573238372803","0.6716573238372803","2303","2303","2303"
"114149","0.38806724548339844","0.38806724548339844","0.38806724548339844","2304","2304","2304"
"114199","0.5405561923980713","0.5405561923980713","0.5405561923980713","2305","2305","2305"
"114249","0.292947918176651","0.292947918176651","0.292947918176651","2306","2306","2306"
"114299","0.4366198480129242","0.4366198480129242","0.4366198480129242","2307","2307","2307"
"114349","0.4971849024295807","0.4971849024295807","0.4971849024295807","2308","2308","2308"
"114399","0.3248964548110962","0.3248964548110962","0.3248964548110962","2309","2309","2309"
"114449","0.37733712792396545","0.37733712792396545","0.37733712792396545","2310","2310","2310"
"114499","0.6062397956848145","0.6062397956848145","0.6062397956848145","2311","2311","2311"
"114549","0.5432981848716736","0.5432981848716736","0.5432981848716736","2312","2312","2312"
"114599","0.3547915518283844","0.3547915518283844","0.3547915518283844","2313","2313","2313"
"114649","0.5376280546188354","0.5376280546188354","0.5376280546188354","2314","2314","2314"
"114699","0.6107195019721985","0.6107195019721985","0.6107195019721985","2315","2315","2315"
"114749","0.34127140045166016","0.34127140045166016","0.34127140045166016","2316","2316","2316"
"114799","0.32795125246047974","0.32795125246047974","0.32795125246047974","2317","2317","2317"
"114849","0.37660953402519226","0.37660953402519226","0.37660953402519226","2318","2318","2318"
"114899","0.34103772044181824","0.34103772044181824","0.34103772044181824","2319","2319","2319"
"114949","0.42359817028045654","0.42359817028045654","0.42359817028045654","2320","2320","2320"
"114999","0.4182918965816498","0.4182918965816498","0.4182918965816498","2321","2321","2321"
"115049","0.4568119943141937","0.4568119943141937","0.4568119943141937","2323","2323","2323"
"115099","0.4691678583621979","0.4691678583621979","0.4691678583621979","2324","2324","2324"
"115149","0.4029296040534973","0.4029296040534973","0.4029296040534973","2325","2325","2325"
"115199","0.3475690484046936","0.3475690484046936","0.3475690484046936","2326","2326","2326"
"115249","0.4342571198940277","0.4342571198940277","0.4342571198940277","2327","2327","2327"
"115299","0.5357620716094971","0.5357620716094971","0.5357620716094971","2328","2328","2328"
"115349","0.5288903117179871","0.5288903117179871","0.5288903117179871","2329","2329","2329"
"115399","0.5662747621536255","0.5662747621536255","0.5662747621536255","2330","2330","2330"
"115449","0.5329804420471191","0.5329804420471191","0.5329804420471191","2331","2331","2331"
"115499","0.5262125730514526","0.5262125730514526","0.5262125730514526","2332","2332","2332"
"115549","0.41669782996177673","0.41669782996177673","0.41669782996177673","2333","2333","2333"
"115599","0.5518347024917603","0.5518347024917603","0.5518347024917603","2334","2334","2334"
"115649","0.5394905805587769","0.5394905805587769","0.5394905805587769","2335","2335","2335"
"115699","0.4830469489097595","0.4830469489097595","0.4830469489097595","2336","2336","2336"
"115749","0.6381855010986328","0.6381855010986328","0.6381855010986328","2337","2337","2337"
"115799","0.6717920303344727","0.6717920303344727","0.6717920303344727","2338","2338","2338"
"115849","0.3539882004261017","0.3539882004261017","0.3539882004261017","2339","2339","2339"
"115899","0.41950464248657227","0.41950464248657227","0.41950464248657227","2340","2340","2340"
"115949","0.30158329010009766","0.30158329010009766","0.30158329010009766","2341","2341","2341"
"115999","0.42393848299980164","0.42393848299980164","0.42393848299980164","2342","2342","2342"
"116049","0.4464535713195801","0.4464535713195801","0.4464535713195801","2343","2343","2343"
"116099","0.5205923318862915","0.5205923318862915","0.5205923318862915","2344","2344","2344"
"116149","0.43039336800575256","0.43039336800575256","0.43039336800575256","2345","2345","2345"
"116199","0.34424251317977905","0.34424251317977905","0.34424251317977905","2346","2346","2346"
"116249","0.595596432685852","0.595596432685852","0.595596432685852","2347","2347","2347"
"116299","0.4331125319004059","0.4331125319004059","0.4331125319004059","2348","2348","2348"
"116349","0.49758607149124146","0.49758607149124146","0.49758607149124146","2349","2349","2349"
"116399","0.555575966835022","0.555575966835022","0.555575966835022","2350","2350","2350"
"116449","0.38214993476867676","0.38214993476867676","0.38214993476867676","2351","2351","2351"
"116499","0.4172598123550415","0.4172598123550415","0.4172598123550415","2352","2352","2352"
"116549","0.35325369238853455","0.35325369238853455","0.35325369238853455","2353","2353","2353"
"116599","0.3603244125843048","0.3603244125843048","0.3603244125843048","2354","2354","2354"
"116649","0.4764515459537506","0.4764515459537506","0.4764515459537506","2355","2355","2355"
"116699","0.48992544412612915","0.48992544412612915","0.48992544412612915","2356","2356","2356"
"116749","0.36376675963401794","0.36376675963401794","0.36376675963401794","2357","2357","2357"
"116799","0.510643720626831","0.510643720626831","0.510643720626831","2358","2358","2358"
"116849","0.4122762680053711","0.4122762680053711","0.4122762680053711","2359","2359","2359"
"116899","0.3544486463069916","0.3544486463069916","0.3544486463069916","2360","2360","2360"
"116949","0.3473472595214844","0.3473472595214844","0.3473472595214844","2361","2361","2361"
"116999","0.4995139241218567","0.4995139241218567","0.4995139241218567","2362","2362","2362"
"117049","0.3384968638420105","0.3384968638420105","0.3384968638420105","2363","2363","2363"
"117099","0.36047494411468506","0.36047494411468506","0.36047494411468506","2364","2364","2364"
"117149","0.3936642110347748","0.3936642110347748","0.3936642110347748","2365","2365","2365"
"117199","0.8207297325134277","0.8207297325134277","0.8207297325134277","2366","2366","2366"
"117249","0.5256708860397339","0.5256708860397339","0.5256708860397339","2367","2367","2367"
"117299","0.7417388558387756","0.7417388558387756","0.7417388558387756","2368","2368","2368"
"117349","0.6990447044372559","0.6990447044372559","0.6990447044372559","2369","2369","2369"
"117399","0.49084150791168213","0.49084150791168213","0.49084150791168213","2370","2370","2370"
"117449","0.5358299016952515","0.5358299016952515","0.5358299016952515","2371","2371","2371"
"117499","0.5838983058929443","0.5838983058929443","0.5838983058929443","2372","2372","2372"
"117549","0.3980697691440582","0.3980697691440582","0.3980697691440582","2373","2373","2373"
"117599","0.4776760935783386","0.4776760935783386","0.4776760935783386","2374","2374","2374"
"117649","0.4775138199329376","0.4775138199329376","0.4775138199329376","2375","2375","2375"
"117699","0.543681263923645","0.543681263923645","0.543681263923645","2376","2376","2376"
"117749","0.35653790831565857","0.35653790831565857","0.35653790831565857","2377","2377","2377"
"117799","0.5048795342445374","0.5048795342445374","0.5048795342445374","2378","2378","2378"
"117849","0.34030699729919434","0.34030699729919434","0.34030699729919434","2379","2379","2379"
"117899","0.4417423605918884","0.4417423605918884","0.4417423605918884","2380","2380","2380"
"117949","0.3979721665382385","0.3979721665382385","0.3979721665382385","2381","2381","2381"
"117999","0.39830029010772705","0.39830029010772705","0.39830029010772705","2382","2382","2382"
"118049","0.7272189855575562","0.7272189855575562","0.7272189855575562","2383","2383","2383"
"118099","0.3187660574913025","0.3187660574913025","0.3187660574913025","2384","2384","2384"
"118149","0.6129183769226074","0.6129183769226074","0.6129183769226074","2385","2385","2385"
"118199","0.5122467279434204","0.5122467279434204","0.5122467279434204","2386","2386","2386"
"118249","0.6755028367042542","0.6755028367042542","0.6755028367042542","2387","2387","2387"
"118299","0.45325571298599243","0.45325571298599243","0.45325571298599243","2388","2388","2388"
"118349","0.3496304154396057","0.3496304154396057","0.3496304154396057","2389","2389","2389"
"118399","0.5943843126296997","0.5943843126296997","0.5943843126296997","2390","2390","2390"
"118449","0.521564781665802","0.521564781665802","0.521564781665802","2391","2391","2391"
"118499","0.8038225173950195","0.8038225173950195","0.8038225173950195","2392","2392","2392"
"118549","0.4381147623062134","0.4381147623062134","0.4381147623062134","2393","2393","2393"
"118599","0.6024779081344604","0.6024779081344604","0.6024779081344604","2394","2394","2394"
"118649","0.5935276746749878","0.5935276746749878","0.5935276746749878","2395","2395","2395"
"118699","0.6323128938674927","0.6323128938674927","0.6323128938674927","2396","2396","2396"
"118749","0.44183585047721863","0.44183585047721863","0.44183585047721863","2397","2397","2397"
"118799","0.37735822796821594","0.37735822796821594","0.37735822796821594","2398","2398","2398"
"118849","0.45700401067733765","0.45700401067733765","0.45700401067733765","2399","2399","2399"
"118899","0.29710084199905396","0.29710084199905396","0.29710084199905396","2400","2400","2400"
"118949","0.28984665870666504","0.28984665870666504","0.28984665870666504","2401","2401","2401"
"118999","0.6094040870666504","0.6094040870666504","0.6094040870666504","2402","2402","2402"
"119049","0.7290111780166626","0.7290111780166626","0.7290111780166626","2403","2403","2403"
"119099","0.5282043814659119","0.5282043814659119","0.5282043814659119","2404","2404","2404"
"119149","0.4745071530342102","0.4745071530342102","0.4745071530342102","2405","2405","2405"
"119199","0.5536872148513794","0.5536872148513794","0.5536872148513794","2406","2406","2406"
"119249","0.6304470896720886","0.6304470896720886","0.6304470896720886","2407","2407","2407"
"119299","0.4955073595046997","0.4955073595046997","0.4955073595046997","2408","2408","2408"
"119349","0.31091684103012085","0.31091684103012085","0.31091684103012085","2409","2409","2409"
"119399","0.4089265465736389","0.4089265465736389","0.4089265465736389","2410","2410","2410"
"119449","0.4870331883430481","0.4870331883430481","0.4870331883430481","2411","2411","2411"
"119499","0.6699202060699463","0.6699202060699463","0.6699202060699463","2412","2412","2412"
"119549","0.3680027425289154","0.3680027425289154","0.3680027425289154","2413","2413","2413"
"119599","0.3387290835380554","0.3387290835380554","0.3387290835380554","2414","2414","2414"
"119649","0.35487449169158936","0.35487449169158936","0.35487449169158936","2415","2415","2415"
"119699","0.48404520750045776","0.48404520750045776","0.48404520750045776","2416","2416","2416"
"119749","0.5163118839263916","0.5163118839263916","0.5163118839263916","2417","2417","2417"
"119799","0.43480587005615234","0.43480587005615234","0.43480587005615234","2418","2418","2418"
"119849","0.5698144435882568","0.5698144435882568","0.5698144435882568","2419","2419","2419"
"119899","0.5384464859962463","0.5384464859962463","0.5384464859962463","2420","2420","2420"
"119949","0.44215211272239685","0.44215211272239685","0.44215211272239685","2421","2421","2421"
"119999","0.5142337083816528","0.5142337083816528","0.5142337083816528","2422","2422","2422"
"120049","0.5060547590255737","0.5060547590255737","0.5060547590255737","2424","2424","2424"
"120099","0.3782171607017517","0.3782171607017517","0.3782171607017517","2425","2425","2425"
"120149","0.5422688126564026","0.5422688126564026","0.5422688126564026","2426","2426","2426"
"120199","0.40587207674980164","0.40587207674980164","0.40587207674980164","2427","2427","2427"
"120249","0.6707444787025452","0.6707444787025452","0.6707444787025452","2428","2428","2428"
"120299","0.7182635068893433","0.7182635068893433","0.7182635068893433","2429","2429","2429"
"120349","0.5416297912597656","0.5416297912597656","0.5416297912597656","2430","2430","2430"
"120399","0.553167998790741","0.553167998790741","0.553167998790741","2431","2431","2431"
"120449","0.41395288705825806","0.41395288705825806","0.41395288705825806","2432","2432","2432"
"120499","0.40297144651412964","0.40297144651412964","0.40297144651412964","2433","2433","2433"
"120549","0.41515403985977173","0.41515403985977173","0.41515403985977173","2434","2434","2434"
"120599","0.5802891850471497","0.5802891850471497","0.5802891850471497","2435","2435","2435"
"120649","0.556228518486023","0.556228518486023","0.556228518486023","2436","2436","2436"
"120699","0.3535764515399933","0.3535764515399933","0.3535764515399933","2437","2437","2437"
"120749","0.3860068917274475","0.3860068917274475","0.3860068917274475","2438","2438","2438"
"120799","0.6036330461502075","0.6036330461502075","0.6036330461502075","2439","2439","2439"
"120849","0.7711304426193237","0.7711304426193237","0.7711304426193237","2440","2440","2440"
"120899","0.3218311667442322","0.3218311667442322","0.3218311667442322","2441","2441","2441"
"120949","0.5241768956184387","0.5241768956184387","0.5241768956184387","2442","2442","2442"
"120999","0.4508412480354309","0.4508412480354309","0.4508412480354309","2443","2443","2443"
"121049","0.5450748801231384","0.5450748801231384","0.5450748801231384","2444","2444","2444"
"121099","0.5448893308639526","0.5448893308639526","0.5448893308639526","2445","2445","2445"
"121149","0.5067285895347595","0.5067285895347595","0.5067285895347595","2446","2446","2446"
"121199","0.3475407660007477","0.3475407660007477","0.3475407660007477","2447","2447","2447"
"121249","0.4941248893737793","0.4941248893737793","0.4941248893737793","2448","2448","2448"
"121299","0.5150611400604248","0.5150611400604248","0.5150611400604248","2449","2449","2449"
"121349","0.418967068195343","0.418967068195343","0.418967068195343","2450","2450","2450"
"121399","0.40765053033828735","0.40765053033828735","0.40765053033828735","2451","2451","2451"
"121449","0.7036926746368408","0.7036926746368408","0.7036926746368408","2452","2452","2452"
"121499","0.4916817545890808","0.4916817545890808","0.4916817545890808","2453","2453","2453"
"121549","0.675502598285675","0.675502598285675","0.675502598285675","2454","2454","2454"
"121599","0.6516083478927612","0.6516083478927612","0.6516083478927612","2455","2455","2455"
"121649","0.2681485116481781","0.2681485116481781","0.2681485116481781","2456","2456","2456"
"121699","0.6526261568069458","0.6526261568069458","0.6526261568069458","2457","2457","2457"
"121749","0.336661159992218","0.336661159992218","0.336661159992218","2458","2458","2458"
"121799","0.7361030578613281","0.7361030578613281","0.7361030578613281","2459","2459","2459"
"121849","0.45050448179244995","0.45050448179244995","0.45050448179244995","2460","2460","2460"
"121899","0.4010906517505646","0.4010906517505646","0.4010906517505646","2461","2461","2461"
"121949","0.3340635895729065","0.3340635895729065","0.3340635895729065","2462","2462","2462"
"121999","0.40291109681129456","0.40291109681129456","0.40291109681129456","2463","2463","2463"
"122049","0.4364260137081146","0.4364260137081146","0.4364260137081146","2464","2464","2464"
"122099","0.344890296459198","0.344890296459198","0.344890296459198","2465","2465","2465"
"122149","0.8873960971832275","0.8873960971832275","0.8873960971832275","2466","2466","2466"
"122199","0.47319281101226807","0.47319281101226807","0.47319281101226807","2467","2467","2467"
"122249","0.36324483156204224","0.36324483156204224","0.36324483156204224","2468","2468","2468"
"122299","0.456867516040802","0.456867516040802","0.456867516040802","2469","2469","2469"
"122349","0.3695966899394989","0.3695966899394989","0.3695966899394989","2470","2470","2470"
"122399","0.5227916240692139","0.5227916240692139","0.5227916240692139","2471","2471","2471"