"trainer/global_step","pixeldit_rr_kee100_150kimgs_pairsum_dense_signed_gain05_repa_200k_2gpu - swap_semantic_strength_pred_max","pixeldit_rr_kee100_150kimgs_pairsum_dense_signed_gain05_repa_200k_2gpu - swap_semantic_strength_pred_max__MIN","pixeldit_rr_kee100_150kimgs_pairsum_dense_signed_gain05_repa_200k_2gpu - swap_semantic_strength_pred_max__MAX","pixeldit_rr_kee100_150kimgs_pairsum_dense_signed_gain05_repa_200k_2gpu - _step","pixeldit_rr_kee100_150kimgs_pairsum_dense_signed_gain05_repa_200k_2gpu - _step__MIN","pixeldit_rr_kee100_150kimgs_pairsum_dense_signed_gain05_repa_200k_2gpu - _step__MAX"
"49","0.04443359375","0.04443359375","0.04443359375","0","0","0"
"99","0.0615234375","0.0615234375","0.0615234375","1","1","1"
"149","0.0703125","0.0703125","0.0703125","2","2","2"
"199","0.059814453125","0.059814453125","0.059814453125","3","3","3"
"249","0.07666015625","0.07666015625","0.07666015625","4","4","4"
"299","0.06298828125","0.06298828125","0.06298828125","5","5","5"
"349","0.061767578125","0.061767578125","0.061767578125","6","6","6"
"399","0.10009765625","0.10009765625","0.10009765625","7","7","7"
"449","0.0859375","0.0859375","0.0859375","8","8","8"
"499","0.032958984375","0.032958984375","0.032958984375","9","9","9"
"549","0.06396484375","0.06396484375","0.06396484375","10","10","10"
"599","0.091796875","0.091796875","0.091796875","11","11","11"
"649","0.091796875","0.091796875","0.091796875","12","12","12"
"699","0.0147705078125","0.0147705078125","0.0147705078125","13","13","13"
"749","0.049560546875","0.049560546875","0.049560546875","14","14","14"
"799","0.08544921875","0.08544921875","0.08544921875","15","15","15"
"849","0.072265625","0.072265625","0.072265625","16","16","16"
"899","0.08447265625","0.08447265625","0.08447265625","17","17","17"
"949","0.064453125","0.064453125","0.064453125","18","18","18"
"999","0.0712890625","0.0712890625","0.0712890625","19","19","19"
"1049","0.062255859375","0.062255859375","0.062255859375","20","20","20"
"1099","0.049560546875","0.049560546875","0.049560546875","21","21","21"
"1149","0.08935546875","0.08935546875","0.08935546875","22","22","22"
"1199","0.0703125","0.0703125","0.0703125","23","23","23"
"1249","0.05419921875","0.05419921875","0.05419921875","24","24","24"
"1299","0.080078125","0.080078125","0.080078125","25","25","25"
"1349","0.076171875","0.076171875","0.076171875","26","26","26"
"1399","0.0654296875","0.0654296875","0.0654296875","27","27","27"
"1449","0.0927734375","0.0927734375","0.0927734375","28","28","28"
"1499","0.056884765625","0.056884765625","0.056884765625","29","29","29"
"1549","0.064453125","0.064453125","0.064453125","30","30","30"
"1599","0.05615234375","0.05615234375","0.05615234375","31","31","31"
"1649","0.09619140625","0.09619140625","0.09619140625","32","32","32"
"1699","0.07470703125","0.07470703125","0.07470703125","33","33","33"
"1749","0.1025390625","0.1025390625","0.1025390625","34","34","34"
"1799","0.059814453125","0.059814453125","0.059814453125","35","35","35"
"1849","0.0693359375","0.0693359375","0.0693359375","36","36","36"
"1899","0.10009765625","0.10009765625","0.10009765625","37","37","37"
"1949","0.0869140625","0.0869140625","0.0869140625","38","38","38"
"1999","0.09130859375","0.09130859375","0.09130859375","39","39","39"
"2049","0.12353515625","0.12353515625","0.12353515625","40","40","40"
"2099","0.11279296875","0.11279296875","0.11279296875","41","41","41"
"2149","0.158203125","0.158203125","0.158203125","42","42","42"
"2199","0.12353515625","0.12353515625","0.12353515625","43","43","43"
"2249","0.06982421875","0.06982421875","0.06982421875","44","44","44"
"2299","0.1591796875","0.1591796875","0.1591796875","45","45","45"
"2349","0.06396484375","0.06396484375","0.06396484375","46","46","46"
"2399","0.13671875","0.13671875","0.13671875","47","47","47"
"2449","0.064453125","0.064453125","0.064453125","48","48","48"
"2499","0.1455078125","0.1455078125","0.1455078125","49","49","49"
"2549","0.09423828125","0.09423828125","0.09423828125","50","50","50"
"2599","0.07958984375","0.07958984375","0.07958984375","51","51","51"
"2649","0.08251953125","0.08251953125","0.08251953125","52","52","52"
"2699","0.1298828125","0.1298828125","0.1298828125","53","53","53"
"2749","0.095703125","0.095703125","0.095703125","54","54","54"
"2799","0.1201171875","0.1201171875","0.1201171875","55","55","55"
"2849","0.140625","0.140625","0.140625","56","56","56"
"2899","0.10498046875","0.10498046875","0.10498046875","57","57","57"
"2949","0.169921875","0.169921875","0.169921875","58","58","58"
"2999","0.1337890625","0.1337890625","0.1337890625","59","59","59"
"3049","0.11328125","0.11328125","0.11328125","60","60","60"
"3099","0.1865234375","0.1865234375","0.1865234375","61","61","61"
"3149","0.1923828125","0.1923828125","0.1923828125","62","62","62"
"3199","0.1474609375","0.1474609375","0.1474609375","63","63","63"
"3249","0.162109375","0.162109375","0.162109375","64","64","64"
"3299","0.13671875","0.13671875","0.13671875","65","65","65"
"3349","0.224609375","0.224609375","0.224609375","66","66","66"
"3399","0.10400390625","0.10400390625","0.10400390625","67","67","67"
"3449","0.107421875","0.107421875","0.107421875","68","68","68"
"3499","0.09716796875","0.09716796875","0.09716796875","69","69","69"
"3549","0.1171875","0.1171875","0.1171875","70","70","70"
"3599","0.224609375","0.224609375","0.224609375","71","71","71"
"3649","0.1728515625","0.1728515625","0.1728515625","72","72","72"
"3699","0.12451171875","0.12451171875","0.12451171875","73","73","73"
"3749","0.10009765625","0.10009765625","0.10009765625","74","74","74"
"3799","0.171875","0.171875","0.171875","75","75","75"
"3849","0.244140625","0.244140625","0.244140625","76","76","76"
"3899","0.23046875","0.23046875","0.23046875","77","77","77"
"3949","0.28125","0.28125","0.28125","78","78","78"
"3999","0.2138671875","0.2138671875","0.2138671875","79","79","79"
"4049","0.1943359375","0.1943359375","0.1943359375","80","80","80"
"4099","0.1279296875","0.1279296875","0.1279296875","81","81","81"
"4149","0.2060546875","0.2060546875","0.2060546875","82","82","82"
"4199","0.1708984375","0.1708984375","0.1708984375","83","83","83"
"4249","0.10546875","0.10546875","0.10546875","84","84","84"
"4299","0.2412109375","0.2412109375","0.2412109375","85","85","85"
"4349","0.166015625","0.166015625","0.166015625","86","86","86"
"4399","0.2578125","0.2578125","0.2578125","87","87","87"
"4449","0.31640625","0.31640625","0.31640625","88","88","88"
"4499","0.244140625","0.244140625","0.244140625","89","89","89"
"4549","0.328125","0.328125","0.328125","90","90","90"
"4599","0.2119140625","0.2119140625","0.2119140625","91","91","91"
"4649","0.244140625","0.244140625","0.244140625","92","92","92"
"4699","0.36328125","0.36328125","0.36328125","93","93","93"
"4749","0.1328125","0.1328125","0.1328125","94","94","94"
"4799","0.21875","0.21875","0.21875","95","95","95"
"4849","0.40625","0.40625","0.40625","96","96","96"
"4899","0.255859375","0.255859375","0.255859375","97","97","97"
"4949","0.15625","0.15625","0.15625","98","98","98"
"4999","0.07861328125","0.07861328125","0.07861328125","99","99","99"
"5049","0.3125","0.3125","0.3125","101","101","101"
"5099","0.37890625","0.37890625","0.37890625","102","102","102"
"5149","0.10107421875","0.10107421875","0.10107421875","103","103","103"
"5199","0.33984375","0.33984375","0.33984375","104","104","104"
"5249","0.1376953125","0.1376953125","0.1376953125","105","105","105"
"5299","0.15625","0.15625","0.15625","106","106","106"
"5349","0.328125","0.328125","0.328125","107","107","107"
"5399","0.306640625","0.306640625","0.306640625","108","108","108"
"5449","0.19921875","0.19921875","0.19921875","109","109","109"
"5499","0.369140625","0.369140625","0.369140625","110","110","110"
"5549","0.1474609375","0.1474609375","0.1474609375","111","111","111"
"5599","0.267578125","0.267578125","0.267578125","112","112","112"
"5649","0.2294921875","0.2294921875","0.2294921875","113","113","113"
"5699","0.28515625","0.28515625","0.28515625","114","114","114"
"5749","0.1240234375","0.1240234375","0.1240234375","115","115","115"
"5799","0.2578125","0.2578125","0.2578125","116","116","116"
"5849","0.34765625","0.34765625","0.34765625","117","117","117"
"5899","0.1748046875","0.1748046875","0.1748046875","118","118","118"
"5949","0.08984375","0.08984375","0.08984375","119","119","119"
"5999","0.306640625","0.306640625","0.306640625","120","120","120"
"6049","0.2099609375","0.2099609375","0.2099609375","121","121","121"
"6099","0.333984375","0.333984375","0.333984375","122","122","122"
"6149","0.25","0.25","0.25","123","123","123"
"6199","0.1806640625","0.1806640625","0.1806640625","124","124","124"
"6249","0.404296875","0.404296875","0.404296875","125","125","125"
"6299","0.1669921875","0.1669921875","0.1669921875","126","126","126"
"6349","0.376953125","0.376953125","0.376953125","127","127","127"
"6399","0.384765625","0.384765625","0.384765625","128","128","128"
"6449","0.10791015625","0.10791015625","0.10791015625","129","129","129"
"6499","0.224609375","0.224609375","0.224609375","130","130","130"
"6549","0.37109375","0.37109375","0.37109375","131","131","131"
"6599","0.365234375","0.365234375","0.365234375","132","132","132"
"6649","0.263671875","0.263671875","0.263671875","133","133","133"
"6699","0.267578125","0.267578125","0.267578125","134","134","134"
"6749","0.46484375","0.46484375","0.46484375","135","135","135"
"6799","0.45703125","0.45703125","0.45703125","136","136","136"
"6849","0.2578125","0.2578125","0.2578125","137","137","137"
"6899","0.341796875","0.341796875","0.341796875","138","138","138"
"6949","0.232421875","0.232421875","0.232421875","139","139","139"
"6999","0.201171875","0.201171875","0.201171875","140","140","140"
"7049","0.28125","0.28125","0.28125","141","141","141"
"7099","0.16796875","0.16796875","0.16796875","142","142","142"
"7149","0.23046875","0.23046875","0.23046875","143","143","143"
"7199","0.2734375","0.2734375","0.2734375","144","144","144"
"7249","0.2001953125","0.2001953125","0.2001953125","145","145","145"
"7299","0.193359375","0.193359375","0.193359375","146","146","146"
"7349","0.1962890625","0.1962890625","0.1962890625","147","147","147"
"7399","0.396484375","0.396484375","0.396484375","148","148","148"
"7449","0.3125","0.3125","0.3125","149","149","149"
"7499","0.255859375","0.255859375","0.255859375","150","150","150"
"7549","0.27734375","0.27734375","0.27734375","151","151","151"
"7599","0.189453125","0.189453125","0.189453125","152","152","152"
"7649","0.22265625","0.22265625","0.22265625","153","153","153"
"7699","0.302734375","0.302734375","0.302734375","154","154","154"
"7749","0.373046875","0.373046875","0.373046875","155","155","155"
"7799","0.111328125","0.111328125","0.111328125","156","156","156"
"7849","0.33203125","0.33203125","0.33203125","157","157","157"
"7899","0.44921875","0.44921875","0.44921875","158","158","158"
"7949","0.216796875","0.216796875","0.216796875","159","159","159"
"7999","0.486328125","0.486328125","0.486328125","160","160","160"
"8049","0.2734375","0.2734375","0.2734375","161","161","161"
"8099","0.435546875","0.435546875","0.435546875","162","162","162"
"8149","0.232421875","0.232421875","0.232421875","163","163","163"
"8199","0.38671875","0.38671875","0.38671875","164","164","164"
"8249","0.625","0.625","0.625","165","165","165"
"8299","0.1796875","0.1796875","0.1796875","166","166","166"
"8349","0.298828125","0.298828125","0.298828125","167","167","167"
"8399","0.455078125","0.455078125","0.455078125","168","168","168"
"8449","0.2412109375","0.2412109375","0.2412109375","169","169","169"
"8499","0.328125","0.328125","0.328125","170","170","170"
"8549","0.328125","0.328125","0.328125","171","171","171"
"8599","0.443359375","0.443359375","0.443359375","172","172","172"
"8649","0.30859375","0.30859375","0.30859375","173","173","173"
"8699","0.25390625","0.25390625","0.25390625","174","174","174"
"8749","0.26953125","0.26953125","0.26953125","175","175","175"
"8799","0.4921875","0.4921875","0.4921875","176","176","176"
"8849","0.271484375","0.271484375","0.271484375","177","177","177"
"8899","0.177734375","0.177734375","0.177734375","178","178","178"
"8949","0.36328125","0.36328125","0.36328125","179","179","179"
"8999","0.44140625","0.44140625","0.44140625","180","180","180"
"9049","0.4921875","0.4921875","0.4921875","181","181","181"
"9099","0.546875","0.546875","0.546875","182","182","182"
"9149","0.25390625","0.25390625","0.25390625","183","183","183"
"9199","0.2578125","0.2578125","0.2578125","184","184","184"
"9249","0.23828125","0.23828125","0.23828125","185","185","185"
"9299","0.283203125","0.283203125","0.283203125","186","186","186"
"9349","0.203125","0.203125","0.203125","187","187","187"
"9399","0.10693359375","0.10693359375","0.10693359375","188","188","188"
"9449","0.2255859375","0.2255859375","0.2255859375","189","189","189"
"9499","0.40625","0.40625","0.40625","190","190","190"
"9549","0.1962890625","0.1962890625","0.1962890625","191","191","191"
"9599","0.189453125","0.189453125","0.189453125","192","192","192"
"9649","0.29296875","0.29296875","0.29296875","193","193","193"
"9699","0.400390625","0.400390625","0.400390625","194","194","194"
"9749","0.314453125","0.314453125","0.314453125","195","195","195"
"9799","0.0849609375","0.0849609375","0.0849609375","196","196","196"
"9849","0.296875","0.296875","0.296875","197","197","197"
"9899","0.5390625","0.5390625","0.5390625","198","198","198"
"9949","0.376953125","0.376953125","0.376953125","199","199","199"
"9999","0.54296875","0.54296875","0.54296875","200","200","200"
"10049","0.361328125","0.361328125","0.361328125","202","202","202"
"10099","0.435546875","0.435546875","0.435546875","203","203","203"
"10149","0.291015625","0.291015625","0.291015625","204","204","204"
"10199","0.310546875","0.310546875","0.310546875","205","205","205"
"10249","0.271484375","0.271484375","0.271484375","206","206","206"
"10299","0.3203125","0.3203125","0.3203125","207","207","207"
"10349","0.259765625","0.259765625","0.259765625","208","208","208"
"10399","0.29296875","0.29296875","0.29296875","209","209","209"
"10449","0.255859375","0.255859375","0.255859375","210","210","210"
"10499","0.310546875","0.310546875","0.310546875","211","211","211"
"10549","0.13671875","0.13671875","0.13671875","212","212","212"
"10599","0.33984375","0.33984375","0.33984375","213","213","213"
"10649","0.435546875","0.435546875","0.435546875","214","214","214"
"10699","0.2294921875","0.2294921875","0.2294921875","215","215","215"
"10749","0.2255859375","0.2255859375","0.2255859375","216","216","216"
"10799","0.404296875","0.404296875","0.404296875","217","217","217"
"10849","0.32421875","0.32421875","0.32421875","218","218","218"
"10899","0.5390625","0.5390625","0.5390625","219","219","219"
"10949","0.240234375","0.240234375","0.240234375","220","220","220"
"10999","0.162109375","0.162109375","0.162109375","221","221","221"
"11049","0.302734375","0.302734375","0.302734375","222","222","222"
"11099","0.26953125","0.26953125","0.26953125","223","223","223"
"11149","0.38671875","0.38671875","0.38671875","224","224","224"
"11199","0.435546875","0.435546875","0.435546875","225","225","225"
"11249","0.5625","0.5625","0.5625","226","226","226"
"11299","0.55078125","0.55078125","0.55078125","227","227","227"
"11349","0.2490234375","0.2490234375","0.2490234375","228","228","228"
"11399","0.404296875","0.404296875","0.404296875","229","229","229"
"11449","0.69140625","0.69140625","0.69140625","230","230","230"
"11499","0.490234375","0.490234375","0.490234375","231","231","231"
"11549","0.474609375","0.474609375","0.474609375","232","232","232"
"11599","0.59375","0.59375","0.59375","233","233","233"
"11649","0.2470703125","0.2470703125","0.2470703125","234","234","234"
"11699","0.23828125","0.23828125","0.23828125","235","235","235"
"11749","0.30078125","0.30078125","0.30078125","236","236","236"
"11799","0.375","0.375","0.375","237","237","237"
"11849","0.23046875","0.23046875","0.23046875","238","238","238"
"11899","0.263671875","0.263671875","0.263671875","239","239","239"
"11949","0.423828125","0.423828125","0.423828125","240","240","240"
"11999","0.25390625","0.25390625","0.25390625","241","241","241"
"12049","0.255859375","0.255859375","0.255859375","242","242","242"
"12099","0.345703125","0.345703125","0.345703125","243","243","243"
"12149","0.349609375","0.349609375","0.349609375","244","244","244"
"12199","0.373046875","0.373046875","0.373046875","245","245","245"
"12249","0.2255859375","0.2255859375","0.2255859375","246","246","246"
"12299","0.34765625","0.34765625","0.34765625","247","247","247"
"12349","0.51171875","0.51171875","0.51171875","248","248","248"
"12399","0.1748046875","0.1748046875","0.1748046875","249","249","249"
"12449","0.4140625","0.4140625","0.4140625","250","250","250"
"12499","0.36328125","0.36328125","0.36328125","251","251","251"
"12549","0.326171875","0.326171875","0.326171875","252","252","252"
"12599","0.39453125","0.39453125","0.39453125","253","253","253"
"12649","0.330078125","0.330078125","0.330078125","254","254","254"
"12699","0.55859375","0.55859375","0.55859375","255","255","255"
"12749","0.283203125","0.283203125","0.283203125","256","256","256"
"12799","0.36328125","0.36328125","0.36328125","257","257","257"
"12849","0.29296875","0.29296875","0.29296875","258","258","258"
"12899","0.337890625","0.337890625","0.337890625","259","259","259"
"12949","0.369140625","0.369140625","0.369140625","260","260","260"
"12999","0.16015625","0.16015625","0.16015625","261","261","261"
"13049","0.3203125","0.3203125","0.3203125","262","262","262"
"13099","0.28125","0.28125","0.28125","263","263","263"
"13149","0.63671875","0.63671875","0.63671875","264","264","264"
"13199","0.5703125","0.5703125","0.5703125","265","265","265"
"13249","0.50390625","0.50390625","0.50390625","266","266","266"
"13299","0.498046875","0.498046875","0.498046875","267","267","267"
"13349","0.27734375","0.27734375","0.27734375","268","268","268"
"13399","0.5","0.5","0.5","269","269","269"
"13449","0.357421875","0.357421875","0.357421875","270","270","270"
"13499","0.2470703125","0.2470703125","0.2470703125","271","271","271"
"13549","0.50390625","0.50390625","0.50390625","272","272","272"
"13599","0.2236328125","0.2236328125","0.2236328125","273","273","273"
"13649","0.275390625","0.275390625","0.275390625","274","274","274"
"13699","0.439453125","0.439453125","0.439453125","275","275","275"
"13749","0.1650390625","0.1650390625","0.1650390625","276","276","276"
"13799","0.52734375","0.52734375","0.52734375","277","277","277"
"13849","0.5","0.5","0.5","278","278","278"
"13899","0.4375","0.4375","0.4375","279","279","279"
"13949","0.341796875","0.341796875","0.341796875","280","280","280"
"13999","0.326171875","0.326171875","0.326171875","281","281","281"
"14049","0.2373046875","0.2373046875","0.2373046875","282","282","282"
"14099","0.2080078125","0.2080078125","0.2080078125","283","283","283"
"14149","0.1982421875","0.1982421875","0.1982421875","284","284","284"
"14199","0.51171875","0.51171875","0.51171875","285","285","285"
"14249","0.423828125","0.423828125","0.423828125","286","286","286"
"14299","0.259765625","0.259765625","0.259765625","287","287","287"
"14349","0.65234375","0.65234375","0.65234375","288","288","288"
"14399","0.240234375","0.240234375","0.240234375","289","289","289"
"14449","0.578125","0.578125","0.578125","290","290","290"
"14499","0.2470703125","0.2470703125","0.2470703125","291","291","291"
"14549","0.26953125","0.26953125","0.26953125","292","292","292"
"14599","0.3203125","0.3203125","0.3203125","293","293","293"
"14649","0.390625","0.390625","0.390625","294","294","294"
"14699","0.55078125","0.55078125","0.55078125","295","295","295"
"14749","0.369140625","0.369140625","0.369140625","296","296","296"
"14799","0.431640625","0.431640625","0.431640625","297","297","297"
"14849","0.3515625","0.3515625","0.3515625","298","298","298"
"14899","0.55859375","0.55859375","0.55859375","299","299","299"
"14949","0.57421875","0.57421875","0.57421875","300","300","300"
"14999","0.578125","0.578125","0.578125","301","301","301"
"15049","0.2275390625","0.2275390625","0.2275390625","303","303","303"
"15099","0.7109375","0.7109375","0.7109375","304","304","304"
"15149","0.498046875","0.498046875","0.498046875","305","305","305"
"15199","0.34375","0.34375","0.34375","306","306","306"
"15249","0.42578125","0.42578125","0.42578125","307","307","307"
"15299","0.28125","0.28125","0.28125","308","308","308"
"15349","0.3828125","0.3828125","0.3828125","309","309","309"
"15399","0.53125","0.53125","0.53125","310","310","310"
"15449","0.26953125","0.26953125","0.26953125","311","311","311"
"15499","0.3203125","0.3203125","0.3203125","312","312","312"
"15549","0.1787109375","0.1787109375","0.1787109375","313","313","313"
"15599","0.37109375","0.37109375","0.37109375","314","314","314"
"15649","0.26171875","0.26171875","0.26171875","315","315","315"
"15699","0.2119140625","0.2119140625","0.2119140625","316","316","316"
"15749","0.357421875","0.357421875","0.357421875","317","317","317"
"15799","0.55859375","0.55859375","0.55859375","318","318","318"
"15849","0.3828125","0.3828125","0.3828125","319","319","319"
"15899","0.1474609375","0.1474609375","0.1474609375","320","320","320"
"15949","0.427734375","0.427734375","0.427734375","321","321","321"
"15999","0.671875","0.671875","0.671875","322","322","322"
"16049","0.1767578125","0.1767578125","0.1767578125","323","323","323"
"16099","0.310546875","0.310546875","0.310546875","324","324","324"
"16149","0.36328125","0.36328125","0.36328125","325","325","325"
"16199","0.48046875","0.48046875","0.48046875","326","326","326"
"16249","0.201171875","0.201171875","0.201171875","327","327","327"
"16299","0.55859375","0.55859375","0.55859375","328","328","328"
"16349","0.353515625","0.353515625","0.353515625","329","329","329"
"16399","0.455078125","0.455078125","0.455078125","330","330","330"
"16449","0.59765625","0.59765625","0.59765625","331","331","331"
"16499","0.306640625","0.306640625","0.306640625","332","332","332"
"16549","0.56640625","0.56640625","0.56640625","333","333","333"
"16599","0.2353515625","0.2353515625","0.2353515625","334","334","334"
"16649","0.4375","0.4375","0.4375","335","335","335"
"16699","0.205078125","0.205078125","0.205078125","336","336","336"
"16749","0.25390625","0.25390625","0.25390625","337","337","337"
"16799","0.3125","0.3125","0.3125","338","338","338"
"16849","0.1279296875","0.1279296875","0.1279296875","339","339","339"
"16899","0.357421875","0.357421875","0.357421875","340","340","340"
"16949","0.1767578125","0.1767578125","0.1767578125","341","341","341"
"16999","0.2890625","0.2890625","0.2890625","342","342","342"
"17049","0.392578125","0.392578125","0.392578125","343","343","343"
"17099","0.5390625","0.5390625","0.5390625","344","344","344"
"17149","0.423828125","0.423828125","0.423828125","345","345","345"
"17199","0.470703125","0.470703125","0.470703125","346","346","346"
"17249","0.255859375","0.255859375","0.255859375","347","347","347"
"17299","0.416015625","0.416015625","0.416015625","348","348","348"
"17349","0.2333984375","0.2333984375","0.2333984375","349","349","349"
"17399","0.3828125","0.3828125","0.3828125","350","350","350"
"17449","0.56640625","0.56640625","0.56640625","351","351","351"
"17499","0.4609375","0.4609375","0.4609375","352","352","352"
"17549","0.431640625","0.431640625","0.431640625","353","353","353"
"17599","0.419921875","0.419921875","0.419921875","354","354","354"
"17649","0.32421875","0.32421875","0.32421875","355","355","355"
"17699","0.1923828125","0.1923828125","0.1923828125","356","356","356"
"17749","0.2197265625","0.2197265625","0.2197265625","357","357","357"
"17799","0.2734375","0.2734375","0.2734375","358","358","358"
"17849","0.376953125","0.376953125","0.376953125","359","359","359"
"17899","0.640625","0.640625","0.640625","360","360","360"
"17949","0.490234375","0.490234375","0.490234375","361","361","361"
"17999","0.32421875","0.32421875","0.32421875","362","362","362"
"18049","0.326171875","0.326171875","0.326171875","363","363","363"
"18099","0.291015625","0.291015625","0.291015625","364","364","364"
"18149","0.3828125","0.3828125","0.3828125","365","365","365"
"18199","0.4765625","0.4765625","0.4765625","366","366","366"
"18249","0.25","0.25","0.25","367","367","367"
"18299","0.1494140625","0.1494140625","0.1494140625","368","368","368"
"18349","0.40234375","0.40234375","0.40234375","369","369","369"
"18399","0.2421875","0.2421875","0.2421875","370","370","370"
"18449","0.4375","0.4375","0.4375","371","371","371"
"18499","0.435546875","0.435546875","0.435546875","372","372","372"
"18549","0.49609375","0.49609375","0.49609375","373","373","373"
"18599","0.60546875","0.60546875","0.60546875","374","374","374"
"18649","0.2421875","0.2421875","0.2421875","375","375","375"
"18699","0.404296875","0.404296875","0.404296875","376","376","376"
"18749","0.298828125","0.298828125","0.298828125","377","377","377"
"18799","0.2333984375","0.2333984375","0.2333984375","378","378","378"
"18849","0.35546875","0.35546875","0.35546875","379","379","379"
"18899","0.26953125","0.26953125","0.26953125","380","380","380"
"18949","0.2197265625","0.2197265625","0.2197265625","381","381","381"
"18999","0.5078125","0.5078125","0.5078125","382","382","382"
"19049","0.30859375","0.30859375","0.30859375","383","383","383"
"19099","0.32421875","0.32421875","0.32421875","384","384","384"
"19149","0.330078125","0.330078125","0.330078125","385","385","385"
"19199","0.294921875","0.294921875","0.294921875","386","386","386"
"19249","0.435546875","0.435546875","0.435546875","387","387","387"
"19299","0.279296875","0.279296875","0.279296875","388","388","388"
"19349","0.55859375","0.55859375","0.55859375","389","389","389"
"19399","0.2412109375","0.2412109375","0.2412109375","390","390","390"
"19449","0.37109375","0.37109375","0.37109375","391","391","391"
"19499","0.4921875","0.4921875","0.4921875","392","392","392"
"19549","0.447265625","0.447265625","0.447265625","393","393","393"
"19599","0.263671875","0.263671875","0.263671875","394","394","394"
"19649","0.5234375","0.5234375","0.5234375","395","395","395"
"19699","0.38671875","0.38671875","0.38671875","396","396","396"
"19749","0.1298828125","0.1298828125","0.1298828125","397","397","397"
"19799","0.1357421875","0.1357421875","0.1357421875","398","398","398"
"19849","0.25390625","0.25390625","0.25390625","399","399","399"
"19899","0.37890625","0.37890625","0.37890625","400","400","400"
"19949","0.470703125","0.470703125","0.470703125","401","401","401"
"19999","0.48046875","0.48046875","0.48046875","402","402","402"
"20049","0.703125","0.703125","0.703125","404","404","404"
"20099","0.578125","0.578125","0.578125","405","405","405"
"20149","0.38671875","0.38671875","0.38671875","406","406","406"
"20199","0.322265625","0.322265625","0.322265625","407","407","407"
"20249","0.2294921875","0.2294921875","0.2294921875","408","408","408"
"20299","0.2099609375","0.2099609375","0.2099609375","409","409","409"
"20349","0.474609375","0.474609375","0.474609375","410","410","410"
"20399","0.1259765625","0.1259765625","0.1259765625","411","411","411"
"20449","0.296875","0.296875","0.296875","412","412","412"
"20499","0.341796875","0.341796875","0.341796875","413","413","413"
"20549","0.447265625","0.447265625","0.447265625","414","414","414"
"20599","0.2412109375","0.2412109375","0.2412109375","415","415","415"
"20649","0.5","0.5","0.5","416","416","416"
"20699","0.3515625","0.3515625","0.3515625","417","417","417"
"20749","0.298828125","0.298828125","0.298828125","418","418","418"
"20799","0.431640625","0.431640625","0.431640625","419","419","419"
"20849","0.53125","0.53125","0.53125","420","420","420"
"20899","0.216796875","0.216796875","0.216796875","421","421","421"
"20949","0.251953125","0.251953125","0.251953125","422","422","422"
"20999","0.498046875","0.498046875","0.498046875","423","423","423"
"21049","0.30078125","0.30078125","0.30078125","424","424","424"
"21099","0.30859375","0.30859375","0.30859375","425","425","425"
"21149","0.455078125","0.455078125","0.455078125","426","426","426"
"21199","0.15234375","0.15234375","0.15234375","427","427","427"
"21249","0.330078125","0.330078125","0.330078125","428","428","428"
"21299","0.423828125","0.423828125","0.423828125","429","429","429"
"21349","0.76953125","0.76953125","0.76953125","430","430","430"
"21399","0.57421875","0.57421875","0.57421875","431","431","431"
"21449","0.404296875","0.404296875","0.404296875","432","432","432"
"21499","0.318359375","0.318359375","0.318359375","433","433","433"
"21549","0.380859375","0.380859375","0.380859375","434","434","434"
"21599","0.7578125","0.7578125","0.7578125","435","435","435"
"21649","0.56640625","0.56640625","0.56640625","436","436","436"
"21699","0.51171875","0.51171875","0.51171875","437","437","437"
"21749","0.400390625","0.400390625","0.400390625","438","438","438"
"21799","0.4609375","0.4609375","0.4609375","439","439","439"
"21849","0.310546875","0.310546875","0.310546875","440","440","440"
"21899","0.515625","0.515625","0.515625","441","441","441"
"21949","0.357421875","0.357421875","0.357421875","442","442","442"
"21999","0.27734375","0.27734375","0.27734375","443","443","443"
"22049","0.4375","0.4375","0.4375","444","444","444"
"22099","0.62109375","0.62109375","0.62109375","445","445","445"
"22149","0.46484375","0.46484375","0.46484375","446","446","446"
"22199","0.26953125","0.26953125","0.26953125","447","447","447"
"22249","0.263671875","0.263671875","0.263671875","448","448","448"
"22299","0.412109375","0.412109375","0.412109375","449","449","449"
"22349","0.255859375","0.255859375","0.255859375","450","450","450"
"22399","0.314453125","0.314453125","0.314453125","451","451","451"
"22449","0.2080078125","0.2080078125","0.2080078125","452","452","452"
"22499","0.51171875","0.51171875","0.51171875","453","453","453"
"22549","0.1396484375","0.1396484375","0.1396484375","454","454","454"
"22599","0.390625","0.390625","0.390625","455","455","455"
"22649","0.357421875","0.357421875","0.357421875","456","456","456"
"22699","0.40625","0.40625","0.40625","457","457","457"
"22749","0.52734375","0.52734375","0.52734375","458","458","458"
"22799","0.419921875","0.419921875","0.419921875","459","459","459"
"22849","0.333984375","0.333984375","0.333984375","460","460","460"
"22899","0.52734375","0.52734375","0.52734375","461","461","461"
"22949","0.25390625","0.25390625","0.25390625","462","462","462"
"22999","0.357421875","0.357421875","0.357421875","463","463","463"
"23049","0.1875","0.1875","0.1875","464","464","464"
"23099","0.408203125","0.408203125","0.408203125","465","465","465"
"23149","0.25","0.25","0.25","466","466","466"
"23199","0.326171875","0.326171875","0.326171875","467","467","467"
"23249","0.26953125","0.26953125","0.26953125","468","468","468"
"23299","0.2578125","0.2578125","0.2578125","469","469","469"
"23349","0.57421875","0.57421875","0.57421875","470","470","470"
"23399","0.2158203125","0.2158203125","0.2158203125","471","471","471"
"23449","0.10693359375","0.10693359375","0.10693359375","472","472","472"
"23499","0.58984375","0.58984375","0.58984375","473","473","473"
"23549","0.1728515625","0.1728515625","0.1728515625","474","474","474"
"23599","0.474609375","0.474609375","0.474609375","475","475","475"
"23649","0.37109375","0.37109375","0.37109375","476","476","476"
"23699","0.384765625","0.384765625","0.384765625","477","477","477"
"23749","0.53125","0.53125","0.53125","478","478","478"
"23799","0.54296875","0.54296875","0.54296875","479","479","479"
"23849","0.6640625","0.6640625","0.6640625","480","480","480"
"23899","0.259765625","0.259765625","0.259765625","481","481","481"
"23949","0.400390625","0.400390625","0.400390625","482","482","482"
"23999","0.322265625","0.322265625","0.322265625","483","483","483"
"24049","0.259765625","0.259765625","0.259765625","484","484","484"
"24099","0.53125","0.53125","0.53125","485","485","485"
"24149","0.326171875","0.326171875","0.326171875","486","486","486"
"24199","0.1513671875","0.1513671875","0.1513671875","487","487","487"
"24249","0.67578125","0.67578125","0.67578125","488","488","488"
"24299","0.26953125","0.26953125","0.26953125","489","489","489"
"24349","0.318359375","0.318359375","0.318359375","490","490","490"
"24399","0.59765625","0.59765625","0.59765625","491","491","491"
"24449","0.34375","0.34375","0.34375","492","492","492"
"24499","0.28515625","0.28515625","0.28515625","493","493","493"
"24549","0.177734375","0.177734375","0.177734375","494","494","494"
"24599","0.2275390625","0.2275390625","0.2275390625","495","495","495"
"24649","0.39453125","0.39453125","0.39453125","496","496","496"
"24699","0.53515625","0.53515625","0.53515625","497","497","497"
"24749","0.392578125","0.392578125","0.392578125","498","498","498"
"24799","0.2578125","0.2578125","0.2578125","499","499","499"
"24849","0.3828125","0.3828125","0.3828125","500","500","500"
"24899","0.4609375","0.4609375","0.4609375","501","501","501"
"24949","0.2470703125","0.2470703125","0.2470703125","502","502","502"
"24999","0.5234375","0.5234375","0.5234375","503","503","503"
"25049","0.421875","0.421875","0.421875","505","505","505"
"25099","0.41796875","0.41796875","0.41796875","506","506","506"
"25149","0.197265625","0.197265625","0.197265625","507","507","507"
"25199","0.22265625","0.22265625","0.22265625","508","508","508"
"25249","0.53125","0.53125","0.53125","509","509","509"
"25299","0.287109375","0.287109375","0.287109375","510","510","510"
"25349","0.1455078125","0.1455078125","0.1455078125","511","511","511"
"25399","0.259765625","0.259765625","0.259765625","512","512","512"
"25449","0.58984375","0.58984375","0.58984375","513","513","513"
"25499","0.279296875","0.279296875","0.279296875","514","514","514"
"25549","0.498046875","0.498046875","0.498046875","515","515","515"
"25599","0.35546875","0.35546875","0.35546875","516","516","516"
"25649","0.388671875","0.388671875","0.388671875","517","517","517"
"25699","0.265625","0.265625","0.265625","518","518","518"
"25749","0.33984375","0.33984375","0.33984375","519","519","519"
"25799","0.37890625","0.37890625","0.37890625","520","520","520"
"25849","0.2431640625","0.2431640625","0.2431640625","521","521","521"
"25899","0.59765625","0.59765625","0.59765625","522","522","522"
"25949","0.4140625","0.4140625","0.4140625","523","523","523"
"25999","0.57421875","0.57421875","0.57421875","524","524","524"
"26049","0.1396484375","0.1396484375","0.1396484375","525","525","525"
"26099","0.486328125","0.486328125","0.486328125","526","526","526"
"26149","0.384765625","0.384765625","0.384765625","527","527","527"
"26199","0.2890625","0.2890625","0.2890625","528","528","528"
"26249","0.37109375","0.37109375","0.37109375","529","529","529"
"26299","0.275390625","0.275390625","0.275390625","530","530","530"
"26349","0.38671875","0.38671875","0.38671875","531","531","531"
"26399","0.326171875","0.326171875","0.326171875","532","532","532"
"26449","0.314453125","0.314453125","0.314453125","533","533","533"
"26499","0.39453125","0.39453125","0.39453125","534","534","534"
"26549","0.69140625","0.69140625","0.69140625","535","535","535"
"26599","0.53515625","0.53515625","0.53515625","536","536","536"
"26649","0.5625","0.5625","0.5625","537","537","537"
"26699","0.421875","0.421875","0.421875","538","538","538"
"26749","0.224609375","0.224609375","0.224609375","539","539","539"
"26799","0.220703125","0.220703125","0.220703125","540","540","540"
"26849","0.58984375","0.58984375","0.58984375","541","541","541"
"26899","0.55078125","0.55078125","0.55078125","542","542","542"
"26949","0.5859375","0.5859375","0.5859375","543","543","543"
"26999","0.279296875","0.279296875","0.279296875","544","544","544"
"27049","0.2431640625","0.2431640625","0.2431640625","545","545","545"
"27099","0.44921875","0.44921875","0.44921875","546","546","546"
"27149","0.345703125","0.345703125","0.345703125","547","547","547"
"27199","0.306640625","0.306640625","0.306640625","548","548","548"
"27249","0.55859375","0.55859375","0.55859375","549","549","549"
"27299","0.15234375","0.15234375","0.15234375","550","550","550"
"27349","0.18359375","0.18359375","0.18359375","551","551","551"
"27399","0.58203125","0.58203125","0.58203125","552","552","552"
"27449","0.265625","0.265625","0.265625","553","553","553"
"27499","0.392578125","0.392578125","0.392578125","554","554","554"
"27549","0.306640625","0.306640625","0.306640625","555","555","555"
"27599","0.61328125","0.61328125","0.61328125","556","556","556"
"27649","0.53125","0.53125","0.53125","557","557","557"
"27699","0.373046875","0.373046875","0.373046875","558","558","558"
"27749","0.32421875","0.32421875","0.32421875","559","559","559"
"27799","0.306640625","0.306640625","0.306640625","560","560","560"
"27849","0.33203125","0.33203125","0.33203125","561","561","561"
"27899","0.53515625","0.53515625","0.53515625","562","562","562"
"27949","0.345703125","0.345703125","0.345703125","563","563","563"
"27999","0.1884765625","0.1884765625","0.1884765625","564","564","564"
"28049","0.3984375","0.3984375","0.3984375","565","565","565"
"28099","0.29296875","0.29296875","0.29296875","566","566","566"
"28149","0.66015625","0.66015625","0.66015625","567","567","567"
"28199","0.482421875","0.482421875","0.482421875","568","568","568"
"28249","0.232421875","0.232421875","0.232421875","569","569","569"
"28299","0.318359375","0.318359375","0.318359375","570","570","570"
"28349","0.392578125","0.392578125","0.392578125","571","571","571"
"28399","0.44921875","0.44921875","0.44921875","572","572","572"
"28449","0.44921875","0.44921875","0.44921875","573","573","573"
"28499","0.2392578125","0.2392578125","0.2392578125","574","574","574"
"28549","0.5390625","0.5390625","0.5390625","575","575","575"
"28599","0.1669921875","0.1669921875","0.1669921875","576","576","576"
"28649","0.57421875","0.57421875","0.57421875","577","577","577"
"28699","0.232421875","0.232421875","0.232421875","578","578","578"
"28749","0.11376953125","0.11376953125","0.11376953125","579","579","579"
"28799","0.34765625","0.34765625","0.34765625","580","580","580"
"28849","0.3359375","0.3359375","0.3359375","581","581","581"
"28899","0.1962890625","0.1962890625","0.1962890625","582","582","582"
"28949","0.392578125","0.392578125","0.392578125","583","583","583"
"28999","0.310546875","0.310546875","0.310546875","584","584","584"
"29049","0.40625","0.40625","0.40625","585","585","585"
"29099","0.50390625","0.50390625","0.50390625","586","586","586"
"29149","0.291015625","0.291015625","0.291015625","587","587","587"
"29199","0.470703125","0.470703125","0.470703125","588","588","588"
"29249","0.50390625","0.50390625","0.50390625","589","589","589"
"29299","0.353515625","0.353515625","0.353515625","590","590","590"
"29349","0.16796875","0.16796875","0.16796875","591","591","591"
"29399","0.59375","0.59375","0.59375","592","592","592"
"29449","0.53125","0.53125","0.53125","593","593","593"
"29499","0.46875","0.46875","0.46875","594","594","594"
"29549","0.33203125","0.33203125","0.33203125","595","595","595"
"29599","0.439453125","0.439453125","0.439453125","596","596","596"
"29649","0.2470703125","0.2470703125","0.2470703125","597","597","597"
"29699","0.58984375","0.58984375","0.58984375","598","598","598"
"29749","0.439453125","0.439453125","0.439453125","599","599","599"
"29799","0.5546875","0.5546875","0.5546875","600","600","600"
"29849","0.625","0.625","0.625","601","601","601"
"29899","0.33984375","0.33984375","0.33984375","602","602","602"
"29949","0.44921875","0.44921875","0.44921875","603","603","603"
"29999","0.6640625","0.6640625","0.6640625","604","604","604"
"30049","0.375","0.375","0.375","606","606","606"
"30099","0.470703125","0.470703125","0.470703125","607","607","607"
"30149","0.37109375","0.37109375","0.37109375","608","608","608"
"30199","0.57421875","0.57421875","0.57421875","609","609","609"
"30249","0.37109375","0.37109375","0.37109375","610","610","610"
"30299","0.392578125","0.392578125","0.392578125","611","611","611"
"30349","0.6875","0.6875","0.6875","612","612","612"
"30399","0.51171875","0.51171875","0.51171875","613","613","613"
"30449","0.423828125","0.423828125","0.423828125","614","614","614"
"30499","0.4453125","0.4453125","0.4453125","615","615","615"
"30549","0.22265625","0.22265625","0.22265625","616","616","616"
"30599","0.291015625","0.291015625","0.291015625","617","617","617"
"30649","0.2451171875","0.2451171875","0.2451171875","618","618","618"
"30699","0.6875","0.6875","0.6875","619","619","619"
"30749","0.3828125","0.3828125","0.3828125","620","620","620"
"30799","0.412109375","0.412109375","0.412109375","621","621","621"
"30849","0.140625","0.140625","0.140625","622","622","622"
"30899","0.37890625","0.37890625","0.37890625","623","623","623"
"30949","0.234375","0.234375","0.234375","624","624","624"
"30999","0.4453125","0.4453125","0.4453125","625","625","625"
"31049","0.51171875","0.51171875","0.51171875","626","626","626"
"31099","0.1025390625","0.1025390625","0.1025390625","627","627","627"
"31149","0.326171875","0.326171875","0.326171875","628","628","628"
"31199","0.85546875","0.85546875","0.85546875","629","629","629"
"31249","0.427734375","0.427734375","0.427734375","630","630","630"
"31299","0.62890625","0.62890625","0.62890625","631","631","631"
"31349","0.3671875","0.3671875","0.3671875","632","632","632"
"31399","0.404296875","0.404296875","0.404296875","633","633","633"
"31449","0.56640625","0.56640625","0.56640625","634","634","634"
"31499","0.55859375","0.55859375","0.55859375","635","635","635"
"31549","0.333984375","0.333984375","0.333984375","636","636","636"
"31599","0.37109375","0.37109375","0.37109375","637","637","637"
"31649","0.462890625","0.462890625","0.462890625","638","638","638"
"31699","0.380859375","0.380859375","0.380859375","639","639","639"
"31749","0.31640625","0.31640625","0.31640625","640","640","640"
"31799","0.2490234375","0.2490234375","0.2490234375","641","641","641"
"31849","0.1767578125","0.1767578125","0.1767578125","642","642","642"
"31899","0.515625","0.515625","0.515625","643","643","643"
"31949","0.486328125","0.486328125","0.486328125","644","644","644"
"31999","0.490234375","0.490234375","0.490234375","645","645","645"
"32049","0.1796875","0.1796875","0.1796875","646","646","646"
"32099","0.53125","0.53125","0.53125","647","647","647"
"32149","0.322265625","0.322265625","0.322265625","648","648","648"
"32199","0.49609375","0.49609375","0.49609375","649","649","649"
"32249","0.306640625","0.306640625","0.306640625","650","650","650"
"32299","0.55078125","0.55078125","0.55078125","651","651","651"
"32349","0.39453125","0.39453125","0.39453125","652","652","652"
"32399","0.392578125","0.392578125","0.392578125","653","653","653"
"32449","0.455078125","0.455078125","0.455078125","654","654","654"
"32499","0.423828125","0.423828125","0.423828125","655","655","655"
"32549","0.2578125","0.2578125","0.2578125","656","656","656"
"32599","0.462890625","0.462890625","0.462890625","657","657","657"
"32649","0.60546875","0.60546875","0.60546875","658","658","658"
"32699","0.146484375","0.146484375","0.146484375","659","659","659"
"32749","0.6640625","0.6640625","0.6640625","660","660","660"
"32799","0.34765625","0.34765625","0.34765625","661","661","661"
"32849","0.63671875","0.63671875","0.63671875","662","662","662"
"32899","0.34375","0.34375","0.34375","663","663","663"
"32949","0.5078125","0.5078125","0.5078125","664","664","664"
"32999","0.3515625","0.3515625","0.3515625","665","665","665"
"33049","0.2294921875","0.2294921875","0.2294921875","666","666","666"
"33099","0.703125","0.703125","0.703125","667","667","667"
"33149","0.34375","0.34375","0.34375","668","668","668"
"33199","0.546875","0.546875","0.546875","669","669","669"
"33249","0.1806640625","0.1806640625","0.1806640625","670","670","670"
"33299","0.4765625","0.4765625","0.4765625","671","671","671"
"33349","0.474609375","0.474609375","0.474609375","672","672","672"
"33399","0.470703125","0.470703125","0.470703125","673","673","673"
"33449","0.4921875","0.4921875","0.4921875","674","674","674"
"33499","0.271484375","0.271484375","0.271484375","675","675","675"
"33549","0.44921875","0.44921875","0.44921875","676","676","676"
"33599","0.51953125","0.51953125","0.51953125","677","677","677"
"33649","0.3671875","0.3671875","0.3671875","678","678","678"
"33699","0.263671875","0.263671875","0.263671875","679","679","679"
"33749","0.5234375","0.5234375","0.5234375","680","680","680"
"33799","0.251953125","0.251953125","0.251953125","681","681","681"
"33849","0.419921875","0.419921875","0.419921875","682","682","682"
"33899","0.3984375","0.3984375","0.3984375","683","683","683"
"33949","0.5078125","0.5078125","0.5078125","684","684","684"
"33999","0.3125","0.3125","0.3125","685","685","685"
"34049","0.1552734375","0.1552734375","0.1552734375","686","686","686"
"34099","0.396484375","0.396484375","0.396484375","687","687","687"
"34149","0.287109375","0.287109375","0.287109375","688","688","688"
"34199","0.1455078125","0.1455078125","0.1455078125","689","689","689"
"34249","0.2001953125","0.2001953125","0.2001953125","690","690","690"
"34299","0.1962890625","0.1962890625","0.1962890625","691","691","691"
"34349","0.31640625","0.31640625","0.31640625","692","692","692"
"34399","0.2265625","0.2265625","0.2265625","693","693","693"
"34449","0.4765625","0.4765625","0.4765625","694","694","694"
"34499","0.6171875","0.6171875","0.6171875","695","695","695"
"34549","0.267578125","0.267578125","0.267578125","696","696","696"
"34599","0.345703125","0.345703125","0.345703125","697","697","697"
"34649","0.28125","0.28125","0.28125","698","698","698"
"34699","0.53515625","0.53515625","0.53515625","699","699","699"
"34749","0.3203125","0.3203125","0.3203125","700","700","700"
"34799","0.306640625","0.306640625","0.306640625","701","701","701"
"34849","0.482421875","0.482421875","0.482421875","702","702","702"
"34899","0.59375","0.59375","0.59375","703","703","703"
"34949","0.42578125","0.42578125","0.42578125","704","704","704"
"34999","0.419921875","0.419921875","0.419921875","705","705","705"
"35049","0.376953125","0.376953125","0.376953125","707","707","707"
"35099","0.1943359375","0.1943359375","0.1943359375","708","708","708"
"35149","0.4921875","0.4921875","0.4921875","709","709","709"
"35199","0.474609375","0.474609375","0.474609375","710","710","710"
"35249","0.375","0.375","0.375","711","711","711"
"35299","0.2451171875","0.2451171875","0.2451171875","712","712","712"
"35349","0.5078125","0.5078125","0.5078125","713","713","713"
"35399","0.421875","0.421875","0.421875","714","714","714"
"35449","0.46484375","0.46484375","0.46484375","715","715","715"
"35499","0.65234375","0.65234375","0.65234375","716","716","716"
"35549","0.451171875","0.451171875","0.451171875","717","717","717"
"35599","0.5390625","0.5390625","0.5390625","718","718","718"
"35649","0.392578125","0.392578125","0.392578125","719","719","719"
"35699","0.439453125","0.439453125","0.439453125","720","720","720"
"35749","0.451171875","0.451171875","0.451171875","721","721","721"
"35799","0.224609375","0.224609375","0.224609375","722","722","722"
"35849","0.46875","0.46875","0.46875","723","723","723"
"35899","0.380859375","0.380859375","0.380859375","724","724","724"
"35949","0.53125","0.53125","0.53125","725","725","725"
"35999","0.38671875","0.38671875","0.38671875","726","726","726"
"36049","0.67578125","0.67578125","0.67578125","727","727","727"
"36099","0.5546875","0.5546875","0.5546875","728","728","728"
"36149","0.26171875","0.26171875","0.26171875","729","729","729"
"36199","0.447265625","0.447265625","0.447265625","730","730","730"
"36249","0.337890625","0.337890625","0.337890625","731","731","731"
"36299","0.482421875","0.482421875","0.482421875","732","732","732"
"36349","0.423828125","0.423828125","0.423828125","733","733","733"
"36399","0.306640625","0.306640625","0.306640625","734","734","734"
"36449","0.5390625","0.5390625","0.5390625","735","735","735"
"36499","0.3125","0.3125","0.3125","736","736","736"
"36549","0.353515625","0.353515625","0.353515625","737","737","737"
"36599","0.51953125","0.51953125","0.51953125","738","738","738"
"36649","0.140625","0.140625","0.140625","739","739","739"
"36699","0.443359375","0.443359375","0.443359375","740","740","740"
"36749","0.48046875","0.48046875","0.48046875","741","741","741"
"36799","0.275390625","0.275390625","0.275390625","742","742","742"
"36849","0.330078125","0.330078125","0.330078125","743","743","743"
"36899","0.396484375","0.396484375","0.396484375","744","744","744"
"36949","0.11962890625","0.11962890625","0.11962890625","745","745","745"
"36999","0.55078125","0.55078125","0.55078125","746","746","746"
"37049","0.1318359375","0.1318359375","0.1318359375","747","747","747"
"37099","0.2021484375","0.2021484375","0.2021484375","748","748","748"
"37149","0.421875","0.421875","0.421875","749","749","749"
"37199","0.69921875","0.69921875","0.69921875","750","750","750"
"37249","0.224609375","0.224609375","0.224609375","751","751","751"
"37299","0.251953125","0.251953125","0.251953125","752","752","752"
"37349","0.447265625","0.447265625","0.447265625","753","753","753"
"37399","0.60546875","0.60546875","0.60546875","754","754","754"
"37449","0.404296875","0.404296875","0.404296875","755","755","755"
"37499","0.1865234375","0.1865234375","0.1865234375","756","756","756"
"37549","0.671875","0.671875","0.671875","757","757","757"
"37599","0.5859375","0.5859375","0.5859375","758","758","758"
"37649","0.7421875","0.7421875","0.7421875","759","759","759"
"37699","0.57421875","0.57421875","0.57421875","760","760","760"
"37749","0.37109375","0.37109375","0.37109375","761","761","761"
"37799","0.369140625","0.369140625","0.369140625","762","762","762"
"37849","0.4140625","0.4140625","0.4140625","763","763","763"
"37899","0.357421875","0.357421875","0.357421875","764","764","764"
"37949","0.7265625","0.7265625","0.7265625","765","765","765"
"37999","0.62109375","0.62109375","0.62109375","766","766","766"
"38049","0.330078125","0.330078125","0.330078125","767","767","767"
"38099","0.3203125","0.3203125","0.3203125","768","768","768"
"38149","0.62109375","0.62109375","0.62109375","769","769","769"
"38199","0.365234375","0.365234375","0.365234375","770","770","770"
"38249","0.162109375","0.162109375","0.162109375","771","771","771"
"38299","0.345703125","0.345703125","0.345703125","772","772","772"
"38349","0.60546875","0.60546875","0.60546875","773","773","773"
"38399","0.7578125","0.7578125","0.7578125","774","774","774"
"38449","0.51171875","0.51171875","0.51171875","775","775","775"
"38499","0.19140625","0.19140625","0.19140625","776","776","776"
"38549","0.53125","0.53125","0.53125","777","777","777"
"38599","0.1875","0.1875","0.1875","778","778","778"
"38649","0.62890625","0.62890625","0.62890625","779","779","779"
"38699","0.40234375","0.40234375","0.40234375","780","780","780"
"38749","0.39453125","0.39453125","0.39453125","781","781","781"
"38799","0.61328125","0.61328125","0.61328125","782","782","782"
"38849","0.1865234375","0.1865234375","0.1865234375","783","783","783"
"38899","0.404296875","0.404296875","0.404296875","784","784","784"
"38949","0.55078125","0.55078125","0.55078125","785","785","785"
"38999","0.6015625","0.6015625","0.6015625","786","786","786"
"39049","0.7734375","0.7734375","0.7734375","787","787","787"
"39099","0.51953125","0.51953125","0.51953125","788","788","788"
"39149","0.455078125","0.455078125","0.455078125","789","789","789"
"39199","0.29296875","0.29296875","0.29296875","790","790","790"
"39249","0.6875","0.6875","0.6875","791","791","791"
"39299","0.404296875","0.404296875","0.404296875","792","792","792"
"39349","0.34765625","0.34765625","0.34765625","793","793","793"
"39399","0.296875","0.296875","0.296875","794","794","794"
"39449","0.5390625","0.5390625","0.5390625","795","795","795"
"39499","0.7421875","0.7421875","0.7421875","796","796","796"
"39549","0.2265625","0.2265625","0.2265625","797","797","797"
"39599","0.546875","0.546875","0.546875","798","798","798"
"39649","0.404296875","0.404296875","0.404296875","799","799","799"
"39699","0.55078125","0.55078125","0.55078125","800","800","800"
"39749","0.408203125","0.408203125","0.408203125","801","801","801"
"39799","0.3828125","0.3828125","0.3828125","802","802","802"
"39849","0.447265625","0.447265625","0.447265625","803","803","803"
"39899","0.388671875","0.388671875","0.388671875","804","804","804"
"39949","0.46484375","0.46484375","0.46484375","805","805","805"
"39999","0.37890625","0.37890625","0.37890625","806","806","806"
"40049","0.52734375","0.52734375","0.52734375","808","808","808"
"40099","0.11181640625","0.11181640625","0.11181640625","809","809","809"
"40149","0.28515625","0.28515625","0.28515625","810","810","810"
"40199","0.515625","0.515625","0.515625","811","811","811"
"40249","0.37109375","0.37109375","0.37109375","812","812","812"
"40299","0.515625","0.515625","0.515625","813","813","813"
"40349","0.5390625","0.5390625","0.5390625","814","814","814"
"40399","0.388671875","0.388671875","0.388671875","815","815","815"
"40449","0.208984375","0.208984375","0.208984375","816","816","816"
"40499","0.439453125","0.439453125","0.439453125","817","817","817"
"40549","0.416015625","0.416015625","0.416015625","818","818","818"
"40599","0.5546875","0.5546875","0.5546875","819","819","819"
"40649","0.447265625","0.447265625","0.447265625","820","820","820"
"40699","0.5234375","0.5234375","0.5234375","821","821","821"
"40749","0.404296875","0.404296875","0.404296875","822","822","822"
"40799","0.29296875","0.29296875","0.29296875","823","823","823"
"40849","0.2333984375","0.2333984375","0.2333984375","824","824","824"
"40899","0.4140625","0.4140625","0.4140625","825","825","825"
"40949","0.298828125","0.298828125","0.298828125","826","826","826"
"40999","0.1484375","0.1484375","0.1484375","827","827","827"
"41049","0.470703125","0.470703125","0.470703125","828","828","828"
"41099","0.1923828125","0.1923828125","0.1923828125","829","829","829"
"41149","0.4296875","0.4296875","0.4296875","830","830","830"
"41199","0.3984375","0.3984375","0.3984375","831","831","831"
"41249","0.412109375","0.412109375","0.412109375","832","832","832"
"41299","0.6875","0.6875","0.6875","833","833","833"
"41349","0.58984375","0.58984375","0.58984375","834","834","834"
"41399","0.28515625","0.28515625","0.28515625","835","835","835"
"41449","0.29296875","0.29296875","0.29296875","836","836","836"
"41499","0.2578125","0.2578125","0.2578125","837","837","837"
"41549","0.2431640625","0.2431640625","0.2431640625","838","838","838"
"41599","0.5859375","0.5859375","0.5859375","839","839","839"
"41649","0.490234375","0.490234375","0.490234375","840","840","840"
"41699","0.328125","0.328125","0.328125","841","841","841"
"41749","0.375","0.375","0.375","842","842","842"
"41799","0.390625","0.390625","0.390625","843","843","843"
"41849","0.423828125","0.423828125","0.423828125","844","844","844"
"41899","0.23046875","0.23046875","0.23046875","845","845","845"
"41949","0.29296875","0.29296875","0.29296875","846","846","846"
"41999","0.1884765625","0.1884765625","0.1884765625","847","847","847"
"42049","0.392578125","0.392578125","0.392578125","848","848","848"
"42099","0.5625","0.5625","0.5625","849","849","849"
"42149","0.13671875","0.13671875","0.13671875","850","850","850"
"42199","0.5859375","0.5859375","0.5859375","851","851","851"
"42249","0.4765625","0.4765625","0.4765625","852","852","852"
"42299","0.33984375","0.33984375","0.33984375","853","853","853"
"42349","0.39453125","0.39453125","0.39453125","854","854","854"
"42399","0.49609375","0.49609375","0.49609375","855","855","855"
"42449","0.421875","0.421875","0.421875","856","856","856"
"42499","0.640625","0.640625","0.640625","857","857","857"
"42549","0.7109375","0.7109375","0.7109375","858","858","858"
"42599","0.1865234375","0.1865234375","0.1865234375","859","859","859"
"42649","0.76953125","0.76953125","0.76953125","860","860","860"
"42699","0.3984375","0.3984375","0.3984375","861","861","861"
"42749","0.373046875","0.373046875","0.373046875","862","862","862"
"42799","0.181640625","0.181640625","0.181640625","863","863","863"
"42849","0.49609375","0.49609375","0.49609375","864","864","864"
"42899","0.490234375","0.490234375","0.490234375","865","865","865"
"42949","0.39453125","0.39453125","0.39453125","866","866","866"
"42999","0.515625","0.515625","0.515625","867","867","867"
"43049","0.404296875","0.404296875","0.404296875","868","868","868"
"43099","0.640625","0.640625","0.640625","869","869","869"
"43149","0.2890625","0.2890625","0.2890625","870","870","870"
"43199","0.4921875","0.4921875","0.4921875","871","871","871"
"43249","0.39453125","0.39453125","0.39453125","872","872","872"
"43299","0.58203125","0.58203125","0.58203125","873","873","873"
"43349","0.1708984375","0.1708984375","0.1708984375","874","874","874"
"43399","0.365234375","0.365234375","0.365234375","875","875","875"
"43449","0.322265625","0.322265625","0.322265625","876","876","876"
"43499","0.35546875","0.35546875","0.35546875","877","877","877"
"43549","0.455078125","0.455078125","0.455078125","878","878","878"
"43599","0.42578125","0.42578125","0.42578125","879","879","879"
"43649","0.7421875","0.7421875","0.7421875","880","880","880"
"43699","0.5703125","0.5703125","0.5703125","881","881","881"
"43749","0.53515625","0.53515625","0.53515625","882","882","882"
"43799","0.30859375","0.30859375","0.30859375","883","883","883"
"43849","0.52734375","0.52734375","0.52734375","884","884","884"
"43899","0.328125","0.328125","0.328125","885","885","885"
"43949","0.439453125","0.439453125","0.439453125","886","886","886"
"43999","0.62890625","0.62890625","0.62890625","887","887","887"
"44049","0.59765625","0.59765625","0.59765625","888","888","888"
"44099","0.322265625","0.322265625","0.322265625","889","889","889"
"44149","0.53125","0.53125","0.53125","890","890","890"
"44199","0.470703125","0.470703125","0.470703125","891","891","891"
"44249","0.1591796875","0.1591796875","0.1591796875","892","892","892"
"44299","0.72265625","0.72265625","0.72265625","893","893","893"
"44349","0.267578125","0.267578125","0.267578125","894","894","894"
"44399","0.58203125","0.58203125","0.58203125","895","895","895"
"44449","0.546875","0.546875","0.546875","896","896","896"
"44499","0.341796875","0.341796875","0.341796875","897","897","897"
"44549","0.337890625","0.337890625","0.337890625","898","898","898"
"44599","0.37109375","0.37109375","0.37109375","899","899","899"
"44649","0.455078125","0.455078125","0.455078125","900","900","900"
"44699","0.30078125","0.30078125","0.30078125","901","901","901"
"44749","0.2138671875","0.2138671875","0.2138671875","902","902","902"
"44799","0.515625","0.515625","0.515625","903","903","903"
"44849","0.55859375","0.55859375","0.55859375","904","904","904"
"44899","0.6328125","0.6328125","0.6328125","905","905","905"
"44949","0.26171875","0.26171875","0.26171875","906","906","906"
"44999","0.1630859375","0.1630859375","0.1630859375","907","907","907"
"45049","0.2578125","0.2578125","0.2578125","909","909","909"
"45099","0.189453125","0.189453125","0.189453125","910","910","910"
"45149","0.32421875","0.32421875","0.32421875","911","911","911"
"45199","0.1904296875","0.1904296875","0.1904296875","912","912","912"
"45249","0.271484375","0.271484375","0.271484375","913","913","913"
"45299","0.33203125","0.33203125","0.33203125","914","914","914"
"45349","0.57421875","0.57421875","0.57421875","915","915","915"
"45399","0.322265625","0.322265625","0.322265625","916","916","916"
"45449","0.70703125","0.70703125","0.70703125","917","917","917"
"45499","0.451171875","0.451171875","0.451171875","918","918","918"
"45549","0.51953125","0.51953125","0.51953125","919","919","919"
"45599","0.3125","0.3125","0.3125","920","920","920"
"45649","0.36328125","0.36328125","0.36328125","921","921","921"
"45699","0.578125","0.578125","0.578125","922","922","922"
"45749","0.39453125","0.39453125","0.39453125","923","923","923"
"45799","0.5234375","0.5234375","0.5234375","924","924","924"
"45849","0.65625","0.65625","0.65625","925","925","925"
"45899","0.25","0.25","0.25","926","926","926"
"45949","0.380859375","0.380859375","0.380859375","927","927","927"
"45999","0.34375","0.34375","0.34375","928","928","928"
"46049","0.4375","0.4375","0.4375","929","929","929"
"46099","0.298828125","0.298828125","0.298828125","930","930","930"
"46149","0.4765625","0.4765625","0.4765625","931","931","931"
"46199","0.421875","0.421875","0.421875","932","932","932"
"46249","0.375","0.375","0.375","933","933","933"
"46299","0.439453125","0.439453125","0.439453125","934","934","934"
"46349","0.482421875","0.482421875","0.482421875","935","935","935"
"46399","0.25390625","0.25390625","0.25390625","936","936","936"
"46449","0.703125","0.703125","0.703125","937","937","937"
"46499","0.412109375","0.412109375","0.412109375","938","938","938"
"46549","0.2138671875","0.2138671875","0.2138671875","939","939","939"
"46599","0.60546875","0.60546875","0.60546875","940","940","940"
"46649","0.169921875","0.169921875","0.169921875","941","941","941"
"46699","0.1484375","0.1484375","0.1484375","942","942","942"
"46749","0.4140625","0.4140625","0.4140625","943","943","943"
"46799","0.58203125","0.58203125","0.58203125","944","944","944"
"46849","0.53125","0.53125","0.53125","945","945","945"
"46899","0.57421875","0.57421875","0.57421875","946","946","946"
"46949","0.294921875","0.294921875","0.294921875","947","947","947"
"46999","0.455078125","0.455078125","0.455078125","948","948","948"
"47049","0.361328125","0.361328125","0.361328125","949","949","949"
"47099","0.39453125","0.39453125","0.39453125","950","950","950"
"47149","0.29296875","0.29296875","0.29296875","951","951","951"
"47199","0.318359375","0.318359375","0.318359375","952","952","952"
"47249","0.59765625","0.59765625","0.59765625","953","953","953"
"47299","0.53125","0.53125","0.53125","954","954","954"
"47349","0.57421875","0.57421875","0.57421875","955","955","955"
"47399","0.470703125","0.470703125","0.470703125","956","956","956"
"47449","0.365234375","0.365234375","0.365234375","957","957","957"
"47499","0.71484375","0.71484375","0.71484375","958","958","958"
"47549","0.4609375","0.4609375","0.4609375","959","959","959"
"47599","0.390625","0.390625","0.390625","960","960","960"
"47649","0.2099609375","0.2099609375","0.2099609375","961","961","961"
"47699","0.298828125","0.298828125","0.298828125","962","962","962"
"47749","0.2412109375","0.2412109375","0.2412109375","963","963","963"
"47799","0.53125","0.53125","0.53125","964","964","964"
"47849","0.439453125","0.439453125","0.439453125","965","965","965"
"47899","0.240234375","0.240234375","0.240234375","966","966","966"
"47949","0.2734375","0.2734375","0.2734375","967","967","967"
"47999","0.4921875","0.4921875","0.4921875","968","968","968"
"48049","0.41796875","0.41796875","0.41796875","969","969","969"
"48099","0.2578125","0.2578125","0.2578125","970","970","970"
"48149","0.39453125","0.39453125","0.39453125","971","971","971"
"48199","0.2373046875","0.2373046875","0.2373046875","972","972","972"
"48249","0.34765625","0.34765625","0.34765625","973","973","973"
"48299","0.65625","0.65625","0.65625","974","974","974"
"48349","0.1494140625","0.1494140625","0.1494140625","975","975","975"
"48399","0.40234375","0.40234375","0.40234375","976","976","976"
"48449","0.197265625","0.197265625","0.197265625","977","977","977"
"48499","0.625","0.625","0.625","978","978","978"
"48549","0.765625","0.765625","0.765625","979","979","979"
"48599","0.240234375","0.240234375","0.240234375","980","980","980"
"48649","0.55859375","0.55859375","0.55859375","981","981","981"
"48699","0.734375","0.734375","0.734375","982","982","982"
"48749","0.2470703125","0.2470703125","0.2470703125","983","983","983"
"48799","0.2578125","0.2578125","0.2578125","984","984","984"
"48849","0.53515625","0.53515625","0.53515625","985","985","985"
"48899","0.53125","0.53125","0.53125","986","986","986"
"48949","0.6875","0.6875","0.6875","987","987","987"
"48999","0.482421875","0.482421875","0.482421875","988","988","988"
"49049","0.294921875","0.294921875","0.294921875","989","989","989"
"49099","0.51953125","0.51953125","0.51953125","990","990","990"
"49149","0.6015625","0.6015625","0.6015625","991","991","991"
"49199","0.412109375","0.412109375","0.412109375","992","992","992"
"49249","0.33203125","0.33203125","0.33203125","993","993","993"
"49299","0.26953125","0.26953125","0.26953125","994","994","994"
"49349","0.4765625","0.4765625","0.4765625","995","995","995"
"49399","0.39453125","0.39453125","0.39453125","996","996","996"
"49449","0.546875","0.546875","0.546875","997","997","997"
"49499","0.376953125","0.376953125","0.376953125","998","998","998"
"49549","0.498046875","0.498046875","0.498046875","999","999","999"
"49599","0.431640625","0.431640625","0.431640625","1000","1000","1000"
"49649","0.5390625","0.5390625","0.5390625","1001","1001","1001"
"49699","0.63671875","0.63671875","0.63671875","1002","1002","1002"
"49749","0.5390625","0.5390625","0.5390625","1003","1003","1003"
"49799","0.27734375","0.27734375","0.27734375","1004","1004","1004"
"49849","0.48046875","0.48046875","0.48046875","1005","1005","1005"
"49899","0.392578125","0.392578125","0.392578125","1006","1006","1006"
"49949","0.37109375","0.37109375","0.37109375","1007","1007","1007"
"49999","0.44921875","0.44921875","0.44921875","1008","1008","1008"
"50049","0.3359375","0.3359375","0.3359375","1010","1010","1010"
"50099","0.302734375","0.302734375","0.302734375","1011","1011","1011"
"50149","0.59765625","0.59765625","0.59765625","1012","1012","1012"
"50199","0.56640625","0.56640625","0.56640625","1013","1013","1013"
"50249","0.2373046875","0.2373046875","0.2373046875","1014","1014","1014"
"50299","0.5234375","0.5234375","0.5234375","1015","1015","1015"
"50349","0.42578125","0.42578125","0.42578125","1016","1016","1016"
"50399","0.35546875","0.35546875","0.35546875","1017","1017","1017"
"50449","0.1611328125","0.1611328125","0.1611328125","1018","1018","1018"
"50499","0.52734375","0.52734375","0.52734375","1019","1019","1019"
"50549","0.76171875","0.76171875","0.76171875","1020","1020","1020"
"50599","0.765625","0.765625","0.765625","1021","1021","1021"
"50649","0.6953125","0.6953125","0.6953125","1022","1022","1022"
"50699","0.5078125","0.5078125","0.5078125","1023","1023","1023"
"50749","0.3515625","0.3515625","0.3515625","1024","1024","1024"
"50799","0.64453125","0.64453125","0.64453125","1025","1025","1025"
"50849","0.322265625","0.322265625","0.322265625","1026","1026","1026"
"50899","0.37890625","0.37890625","0.37890625","1027","1027","1027"
"50949","0.3984375","0.3984375","0.3984375","1028","1028","1028"
"50999","0.1328125","0.1328125","0.1328125","1029","1029","1029"
"51049","0.43359375","0.43359375","0.43359375","1030","1030","1030"
"51099","0.404296875","0.404296875","0.404296875","1031","1031","1031"
"51149","0.2578125","0.2578125","0.2578125","1032","1032","1032"
"51199","0.83203125","0.83203125","0.83203125","1033","1033","1033"
"51249","0.55859375","0.55859375","0.55859375","1034","1034","1034"
"51299","0.50390625","0.50390625","0.50390625","1035","1035","1035"
"51349","0.55078125","0.55078125","0.55078125","1036","1036","1036"
"51399","0.470703125","0.470703125","0.470703125","1037","1037","1037"
"51449","0.5390625","0.5390625","0.5390625","1038","1038","1038"
"51499","0.458984375","0.458984375","0.458984375","1039","1039","1039"
"51549","0.53125","0.53125","0.53125","1040","1040","1040"
"51599","0.56640625","0.56640625","0.56640625","1041","1041","1041"
"51649","0.74609375","0.74609375","0.74609375","1042","1042","1042"
"51699","0.439453125","0.439453125","0.439453125","1043","1043","1043"
"51749","0.4765625","0.4765625","0.4765625","1044","1044","1044"
"51799","0.4765625","0.4765625","0.4765625","1045","1045","1045"
"51849","0.2001953125","0.2001953125","0.2001953125","1046","1046","1046"
"51899","0.6171875","0.6171875","0.6171875","1047","1047","1047"
"51949","0.625","0.625","0.625","1048","1048","1048"
"51999","0.515625","0.515625","0.515625","1049","1049","1049"
"52049","0.443359375","0.443359375","0.443359375","1050","1050","1050"
"52099","0.447265625","0.447265625","0.447265625","1051","1051","1051"
"52149","0.60546875","0.60546875","0.60546875","1052","1052","1052"
"52199","0.546875","0.546875","0.546875","1053","1053","1053"
"52249","0.55859375","0.55859375","0.55859375","1054","1054","1054"
"52299","0.482421875","0.482421875","0.482421875","1055","1055","1055"
"52349","0.44140625","0.44140625","0.44140625","1056","1056","1056"
"52399","0.6171875","0.6171875","0.6171875","1057","1057","1057"
"52449","0.423828125","0.423828125","0.423828125","1058","1058","1058"
"52499","0.625","0.625","0.625","1059","1059","1059"
"52549","0.267578125","0.267578125","0.267578125","1060","1060","1060"
"52599","0.58984375","0.58984375","0.58984375","1061","1061","1061"
"52649","0.234375","0.234375","0.234375","1062","1062","1062"
"52699","0.4140625","0.4140625","0.4140625","1063","1063","1063"
"52749","0.322265625","0.322265625","0.322265625","1064","1064","1064"
"52799","0.65625","0.65625","0.65625","1065","1065","1065"
"52849","0.5859375","0.5859375","0.5859375","1066","1066","1066"
"52899","0.46484375","0.46484375","0.46484375","1067","1067","1067"
"52949","0.2392578125","0.2392578125","0.2392578125","1068","1068","1068"
"52999","0.2177734375","0.2177734375","0.2177734375","1069","1069","1069"
"53049","0.404296875","0.404296875","0.404296875","1070","1070","1070"
"53099","0.765625","0.765625","0.765625","1071","1071","1071"
"53149","0.51953125","0.51953125","0.51953125","1072","1072","1072"
"53199","0.498046875","0.498046875","0.498046875","1073","1073","1073"
"53249","0.2177734375","0.2177734375","0.2177734375","1074","1074","1074"
"53299","0.50390625","0.50390625","0.50390625","1075","1075","1075"
"53349","0.439453125","0.439453125","0.439453125","1076","1076","1076"
"53399","0.486328125","0.486328125","0.486328125","1077","1077","1077"
"53449","0.56640625","0.56640625","0.56640625","1078","1078","1078"
"53499","0.63671875","0.63671875","0.63671875","1079","1079","1079"
"53549","0.1904296875","0.1904296875","0.1904296875","1080","1080","1080"
"53599","0.4921875","0.4921875","0.4921875","1081","1081","1081"
"53649","0.439453125","0.439453125","0.439453125","1082","1082","1082"
"53699","0.2177734375","0.2177734375","0.2177734375","1083","1083","1083"
"53749","0.267578125","0.267578125","0.267578125","1084","1084","1084"
"53799","0.3671875","0.3671875","0.3671875","1085","1085","1085"
"53849","0.50390625","0.50390625","0.50390625","1086","1086","1086"
"53899","0.6640625","0.6640625","0.6640625","1087","1087","1087"
"53949","0.310546875","0.310546875","0.310546875","1088","1088","1088"
"53999","0.431640625","0.431640625","0.431640625","1089","1089","1089"
"54049","0.5","0.5","0.5","1090","1090","1090"
"54099","0.63671875","0.63671875","0.63671875","1091","1091","1091"
"54149","0.357421875","0.357421875","0.357421875","1092","1092","1092"
"54199","0.6484375","0.6484375","0.6484375","1093","1093","1093"
"54249","0.359375","0.359375","0.359375","1094","1094","1094"
"54299","0.29296875","0.29296875","0.29296875","1095","1095","1095"
"54349","0.71484375","0.71484375","0.71484375","1096","1096","1096"
"54399","0.423828125","0.423828125","0.423828125","1097","1097","1097"
"54449","0.51171875","0.51171875","0.51171875","1098","1098","1098"
"54499","0.46875","0.46875","0.46875","1099","1099","1099"
"54549","0.30078125","0.30078125","0.30078125","1100","1100","1100"
"54599","0.380859375","0.380859375","0.380859375","1101","1101","1101"
"54649","0.5390625","0.5390625","0.5390625","1102","1102","1102"
"54699","0.4765625","0.4765625","0.4765625","1103","1103","1103"
"54749","0.6640625","0.6640625","0.6640625","1104","1104","1104"
"54799","0.341796875","0.341796875","0.341796875","1105","1105","1105"
"54849","0.5390625","0.5390625","0.5390625","1106","1106","1106"
"54899","0.45703125","0.45703125","0.45703125","1107","1107","1107"
"54949","0.490234375","0.490234375","0.490234375","1108","1108","1108"
"54999","0.16796875","0.16796875","0.16796875","1109","1109","1109"
"55049","0.279296875","0.279296875","0.279296875","1111","1111","1111"
"55099","0.232421875","0.232421875","0.232421875","1112","1112","1112"
"55149","0.66015625","0.66015625","0.66015625","1113","1113","1113"
"55199","0.1826171875","0.1826171875","0.1826171875","1114","1114","1114"
"55249","0.4296875","0.4296875","0.4296875","1115","1115","1115"
"55299","0.609375","0.609375","0.609375","1116","1116","1116"
"55349","0.376953125","0.376953125","0.376953125","1117","1117","1117"
"55399","0.427734375","0.427734375","0.427734375","1118","1118","1118"
"55449","0.46875","0.46875","0.46875","1119","1119","1119"
"55499","0.6640625","0.6640625","0.6640625","1120","1120","1120"
"55549","0.306640625","0.306640625","0.306640625","1121","1121","1121"
"55599","0.76953125","0.76953125","0.76953125","1122","1122","1122"
"55649","0.5","0.5","0.5","1123","1123","1123"
"55699","0.5","0.5","0.5","1124","1124","1124"
"55749","0.4921875","0.4921875","0.4921875","1125","1125","1125"
"55799","0.59765625","0.59765625","0.59765625","1126","1126","1126"
"55849","0.58203125","0.58203125","0.58203125","1127","1127","1127"
"55899","0.42578125","0.42578125","0.42578125","1128","1128","1128"
"55949","0.625","0.625","0.625","1129","1129","1129"
"55999","0.330078125","0.330078125","0.330078125","1130","1130","1130"
"56049","0.349609375","0.349609375","0.349609375","1131","1131","1131"
"56099","0.32421875","0.32421875","0.32421875","1132","1132","1132"
"56149","0.36328125","0.36328125","0.36328125","1133","1133","1133"
"56199","0.51953125","0.51953125","0.51953125","1134","1134","1134"
"56249","0.6171875","0.6171875","0.6171875","1135","1135","1135"
"56299","0.482421875","0.482421875","0.482421875","1136","1136","1136"
"56349","0.11572265625","0.11572265625","0.11572265625","1137","1137","1137"
"56399","0.462890625","0.462890625","0.462890625","1138","1138","1138"
"56449","0.38671875","0.38671875","0.38671875","1139","1139","1139"
"56499","0.3203125","0.3203125","0.3203125","1140","1140","1140"
"56549","0.51171875","0.51171875","0.51171875","1141","1141","1141"
"56599","0.5","0.5","0.5","1142","1142","1142"
"56649","0.6015625","0.6015625","0.6015625","1143","1143","1143"
"56699","0.61328125","0.61328125","0.61328125","1144","1144","1144"
"56749","0.447265625","0.447265625","0.447265625","1145","1145","1145"
"56799","0.5234375","0.5234375","0.5234375","1146","1146","1146"
"56849","0.51953125","0.51953125","0.51953125","1147","1147","1147"
"56899","0.27734375","0.27734375","0.27734375","1148","1148","1148"
"56949","0.390625","0.390625","0.390625","1149","1149","1149"
"56999","0.21484375","0.21484375","0.21484375","1150","1150","1150"
"57049","0.365234375","0.365234375","0.365234375","1151","1151","1151"
"57099","0.353515625","0.353515625","0.353515625","1152","1152","1152"
"57149","0.279296875","0.279296875","0.279296875","1153","1153","1153"
"57199","0.56640625","0.56640625","0.56640625","1154","1154","1154"
"57249","0.345703125","0.345703125","0.345703125","1155","1155","1155"
"57299","0.404296875","0.404296875","0.404296875","1156","1156","1156"
"57349","0.6640625","0.6640625","0.6640625","1157","1157","1157"
"57399","0.5078125","0.5078125","0.5078125","1158","1158","1158"
"57449","0.5546875","0.5546875","0.5546875","1159","1159","1159"
"57499","0.421875","0.421875","0.421875","1160","1160","1160"
"57549","0.60546875","0.60546875","0.60546875","1161","1161","1161"
"57599","0.34375","0.34375","0.34375","1162","1162","1162"
"57649","0.291015625","0.291015625","0.291015625","1163","1163","1163"
"57699","0.3671875","0.3671875","0.3671875","1164","1164","1164"
"57749","0.56640625","0.56640625","0.56640625","1165","1165","1165"
"57799","0.65625","0.65625","0.65625","1166","1166","1166"
"57849","0.55859375","0.55859375","0.55859375","1167","1167","1167"
"57899","0.69140625","0.69140625","0.69140625","1168","1168","1168"
"57949","0.384765625","0.384765625","0.384765625","1169","1169","1169"
"57999","0.53125","0.53125","0.53125","1170","1170","1170"
"58049","0.5859375","0.5859375","0.5859375","1171","1171","1171"
"58099","0.357421875","0.357421875","0.357421875","1172","1172","1172"
"58149","0.64453125","0.64453125","0.64453125","1173","1173","1173"
"58199","0.23828125","0.23828125","0.23828125","1174","1174","1174"
"58249","0.55078125","0.55078125","0.55078125","1175","1175","1175"
"58299","0.296875","0.296875","0.296875","1176","1176","1176"
"58349","0.1943359375","0.1943359375","0.1943359375","1177","1177","1177"
"58399","0.359375","0.359375","0.359375","1178","1178","1178"
"58449","0.447265625","0.447265625","0.447265625","1179","1179","1179"
"58499","0.201171875","0.201171875","0.201171875","1180","1180","1180"
"58549","0.283203125","0.283203125","0.283203125","1181","1181","1181"
"58599","0.6171875","0.6171875","0.6171875","1182","1182","1182"
"58649","0.294921875","0.294921875","0.294921875","1183","1183","1183"
"58699","0.51953125","0.51953125","0.51953125","1184","1184","1184"
"58749","0.55859375","0.55859375","0.55859375","1185","1185","1185"
"58799","0.2890625","0.2890625","0.2890625","1186","1186","1186"
"58849","0.296875","0.296875","0.296875","1187","1187","1187"
"58899","0.55859375","0.55859375","0.55859375","1188","1188","1188"
"58949","0.55078125","0.55078125","0.55078125","1189","1189","1189"
"58999","0.498046875","0.498046875","0.498046875","1190","1190","1190"
"59049","0.1962890625","0.1962890625","0.1962890625","1191","1191","1191"
"59099","0.64453125","0.64453125","0.64453125","1192","1192","1192"
"59149","0.609375","0.609375","0.609375","1193","1193","1193"
"59199","0.625","0.625","0.625","1194","1194","1194"
"59249","0.71484375","0.71484375","0.71484375","1195","1195","1195"
"59299","0.275390625","0.275390625","0.275390625","1196","1196","1196"
"59349","0.287109375","0.287109375","0.287109375","1197","1197","1197"
"59399","0.318359375","0.318359375","0.318359375","1198","1198","1198"
"59449","0.515625","0.515625","0.515625","1199","1199","1199"
"59499","0.66015625","0.66015625","0.66015625","1200","1200","1200"
"59549","0.29296875","0.29296875","0.29296875","1201","1201","1201"
"59599","0.5703125","0.5703125","0.5703125","1202","1202","1202"
"59649","0.44921875","0.44921875","0.44921875","1203","1203","1203"
"59699","0.37109375","0.37109375","0.37109375","1204","1204","1204"
"59749","0.625","0.625","0.625","1205","1205","1205"
"59799","0.3359375","0.3359375","0.3359375","1206","1206","1206"
"59849","0.318359375","0.318359375","0.318359375","1207","1207","1207"
"59899","0.2412109375","0.2412109375","0.2412109375","1208","1208","1208"
"59949","0.6953125","0.6953125","0.6953125","1209","1209","1209"
"59999","0.53125","0.53125","0.53125","1210","1210","1210"
"60049","0.3046875","0.3046875","0.3046875","1212","1212","1212"
"60099","0.5546875","0.5546875","0.5546875","1213","1213","1213"
"60149","0.57421875","0.57421875","0.57421875","1214","1214","1214"
"60199","0.318359375","0.318359375","0.318359375","1215","1215","1215"
"60249","0.5703125","0.5703125","0.5703125","1216","1216","1216"
"60299","0.19140625","0.19140625","0.19140625","1217","1217","1217"
"60349","0.486328125","0.486328125","0.486328125","1218","1218","1218"
"60399","0.244140625","0.244140625","0.244140625","1219","1219","1219"
"60449","0.419921875","0.419921875","0.419921875","1220","1220","1220"
"60499","0.828125","0.828125","0.828125","1221","1221","1221"
"60549","0.41015625","0.41015625","0.41015625","1222","1222","1222"
"60599","0.474609375","0.474609375","0.474609375","1223","1223","1223"
"60649","0.60546875","0.60546875","0.60546875","1224","1224","1224"
"60699","0.70703125","0.70703125","0.70703125","1225","1225","1225"
"60749","0.1982421875","0.1982421875","0.1982421875","1226","1226","1226"
"60799","0.353515625","0.353515625","0.353515625","1227","1227","1227"
"60849","0.58203125","0.58203125","0.58203125","1228","1228","1228"
"60899","0.54296875","0.54296875","0.54296875","1229","1229","1229"
"60949","0.3046875","0.3046875","0.3046875","1230","1230","1230"
"60999","0.43359375","0.43359375","0.43359375","1231","1231","1231"
"61049","0.330078125","0.330078125","0.330078125","1232","1232","1232"
"61099","0.55859375","0.55859375","0.55859375","1233","1233","1233"
"61149","0.50390625","0.50390625","0.50390625","1234","1234","1234"
"61199","0.498046875","0.498046875","0.498046875","1235","1235","1235"
"61249","0.5625","0.5625","0.5625","1236","1236","1236"
"61299","0.423828125","0.423828125","0.423828125","1237","1237","1237"
"61349","0.2734375","0.2734375","0.2734375","1238","1238","1238"
"61399","0.5390625","0.5390625","0.5390625","1239","1239","1239"
"61449","0.263671875","0.263671875","0.263671875","1240","1240","1240"
"61499","0.4453125","0.4453125","0.4453125","1241","1241","1241"
"61549","0.4765625","0.4765625","0.4765625","1242","1242","1242"
"61599","0.44140625","0.44140625","0.44140625","1243","1243","1243"
"61649","0.345703125","0.345703125","0.345703125","1244","1244","1244"
"61699","0.25","0.25","0.25","1245","1245","1245"
"61749","0.60546875","0.60546875","0.60546875","1246","1246","1246"
"61799","0.431640625","0.431640625","0.431640625","1247","1247","1247"
"61849","0.3046875","0.3046875","0.3046875","1248","1248","1248"
"61899","0.55078125","0.55078125","0.55078125","1249","1249","1249"
"61949","0.59375","0.59375","0.59375","1250","1250","1250"
"61999","0.439453125","0.439453125","0.439453125","1251","1251","1251"
"62049","0.57421875","0.57421875","0.57421875","1252","1252","1252"
"62099","0.60546875","0.60546875","0.60546875","1253","1253","1253"
"62149","0.19921875","0.19921875","0.19921875","1254","1254","1254"
"62199","0.283203125","0.283203125","0.283203125","1255","1255","1255"
"62249","0.357421875","0.357421875","0.357421875","1256","1256","1256"
"62299","0.5","0.5","0.5","1257","1257","1257"
"62349","0.328125","0.328125","0.328125","1258","1258","1258"
"62399","0.65234375","0.65234375","0.65234375","1259","1259","1259"
"62449","0.462890625","0.462890625","0.462890625","1260","1260","1260"
"62499","0.36328125","0.36328125","0.36328125","1261","1261","1261"
"62549","0.34375","0.34375","0.34375","1262","1262","1262"
"62599","0.423828125","0.423828125","0.423828125","1263","1263","1263"
"62649","0.55078125","0.55078125","0.55078125","1264","1264","1264"
"62699","0.5546875","0.5546875","0.5546875","1265","1265","1265"
"62749","0.7734375","0.7734375","0.7734375","1266","1266","1266"
"62799","0.53125","0.53125","0.53125","1267","1267","1267"
"62849","0.59765625","0.59765625","0.59765625","1268","1268","1268"
"62899","0.37890625","0.37890625","0.37890625","1269","1269","1269"
"62949","0.37109375","0.37109375","0.37109375","1270","1270","1270"
"62999","0.404296875","0.404296875","0.404296875","1271","1271","1271"
"63049","0.609375","0.609375","0.609375","1272","1272","1272"
"63099","0.498046875","0.498046875","0.498046875","1273","1273","1273"
"63149","0.328125","0.328125","0.328125","1274","1274","1274"
"63199","0.486328125","0.486328125","0.486328125","1275","1275","1275"
"63249","0.150390625","0.150390625","0.150390625","1276","1276","1276"
"63299","0.80078125","0.80078125","0.80078125","1277","1277","1277"
"63349","0.34375","0.34375","0.34375","1278","1278","1278"
"63399","0.79296875","0.79296875","0.79296875","1279","1279","1279"
"63449","0.45703125","0.45703125","0.45703125","1280","1280","1280"
"63499","0.474609375","0.474609375","0.474609375","1281","1281","1281"
"63549","0.5546875","0.5546875","0.5546875","1282","1282","1282"
"63599","0.59765625","0.59765625","0.59765625","1283","1283","1283"
"63649","0.46484375","0.46484375","0.46484375","1284","1284","1284"
"63699","0.51171875","0.51171875","0.51171875","1285","1285","1285"
"63749","0.59765625","0.59765625","0.59765625","1286","1286","1286"
"63799","0.39453125","0.39453125","0.39453125","1287","1287","1287"
"63849","0.298828125","0.298828125","0.298828125","1288","1288","1288"
"63899","0.4140625","0.4140625","0.4140625","1289","1289","1289"
"63949","0.431640625","0.431640625","0.431640625","1290","1290","1290"
"63999","0.236328125","0.236328125","0.236328125","1291","1291","1291"
"64049","0.53515625","0.53515625","0.53515625","1292","1292","1292"
"64099","0.408203125","0.408203125","0.408203125","1293","1293","1293"
"64149","0.33984375","0.33984375","0.33984375","1294","1294","1294"
"64199","0.29296875","0.29296875","0.29296875","1295","1295","1295"
"64249","0.435546875","0.435546875","0.435546875","1296","1296","1296"
"64299","0.408203125","0.408203125","0.408203125","1297","1297","1297"
"64349","0.56640625","0.56640625","0.56640625","1298","1298","1298"
"64399","0.41015625","0.41015625","0.41015625","1299","1299","1299"
"64449","0.6796875","0.6796875","0.6796875","1300","1300","1300"
"64499","0.65625","0.65625","0.65625","1301","1301","1301"
"64549","0.2177734375","0.2177734375","0.2177734375","1302","1302","1302"
"64599","0.58984375","0.58984375","0.58984375","1303","1303","1303"
"64649","0.6171875","0.6171875","0.6171875","1304","1304","1304"
"64699","0.6640625","0.6640625","0.6640625","1305","1305","1305"
"64749","0.625","0.625","0.625","1306","1306","1306"
"64799","0.447265625","0.447265625","0.447265625","1307","1307","1307"
"64849","0.265625","0.265625","0.265625","1308","1308","1308"
"64899","0.64453125","0.64453125","0.64453125","1309","1309","1309"
"64949","0.56640625","0.56640625","0.56640625","1310","1310","1310"
"64999","0.53515625","0.53515625","0.53515625","1311","1311","1311"
"65049","0.23046875","0.23046875","0.23046875","1313","1313","1313"
"65099","0.3984375","0.3984375","0.3984375","1314","1314","1314"
"65149","0.2412109375","0.2412109375","0.2412109375","1315","1315","1315"
"65199","0.5234375","0.5234375","0.5234375","1316","1316","1316"
"65249","0.29296875","0.29296875","0.29296875","1317","1317","1317"
"65299","0.6171875","0.6171875","0.6171875","1318","1318","1318"
"65349","0.41015625","0.41015625","0.41015625","1319","1319","1319"
"65399","0.396484375","0.396484375","0.396484375","1320","1320","1320"
"65449","0.29296875","0.29296875","0.29296875","1321","1321","1321"
"65499","0.30078125","0.30078125","0.30078125","1322","1322","1322"
"65549","0.703125","0.703125","0.703125","1323","1323","1323"
"65599","0.455078125","0.455078125","0.455078125","1324","1324","1324"
"65649","0.37109375","0.37109375","0.37109375","1325","1325","1325"
"65699","0.31640625","0.31640625","0.31640625","1326","1326","1326"
"65749","0.5234375","0.5234375","0.5234375","1327","1327","1327"
"65799","0.73828125","0.73828125","0.73828125","1328","1328","1328"
"65849","0.427734375","0.427734375","0.427734375","1329","1329","1329"
"65899","0.34375","0.34375","0.34375","1330","1330","1330"
"65949","0.45703125","0.45703125","0.45703125","1331","1331","1331"
"65999","0.462890625","0.462890625","0.462890625","1332","1332","1332"
"66049","0.6171875","0.6171875","0.6171875","1333","1333","1333"
"66099","0.359375","0.359375","0.359375","1334","1334","1334"
"66149","0.29296875","0.29296875","0.29296875","1335","1335","1335"
"66199","0.609375","0.609375","0.609375","1336","1336","1336"
"66249","0.21875","0.21875","0.21875","1337","1337","1337"
"66299","0.3671875","0.3671875","0.3671875","1338","1338","1338"
"66349","0.640625","0.640625","0.640625","1339","1339","1339"
"66399","0.48046875","0.48046875","0.48046875","1340","1340","1340"
"66449","0.25","0.25","0.25","1341","1341","1341"
"66499","0.486328125","0.486328125","0.486328125","1342","1342","1342"
"66549","0.474609375","0.474609375","0.474609375","1343","1343","1343"
"66599","0.6796875","0.6796875","0.6796875","1344","1344","1344"
"66649","0.34375","0.34375","0.34375","1345","1345","1345"
"66699","0.5234375","0.5234375","0.5234375","1346","1346","1346"
"66749","0.2333984375","0.2333984375","0.2333984375","1347","1347","1347"
"66799","0.291015625","0.291015625","0.291015625","1348","1348","1348"
"66849","0.421875","0.421875","0.421875","1349","1349","1349"
"66899","0.60546875","0.60546875","0.60546875","1350","1350","1350"
"66949","0.5390625","0.5390625","0.5390625","1351","1351","1351"
"66999","0.37109375","0.37109375","0.37109375","1352","1352","1352"
"67049","0.58203125","0.58203125","0.58203125","1353","1353","1353"
"67099","0.2265625","0.2265625","0.2265625","1354","1354","1354"
"67149","0.67578125","0.67578125","0.67578125","1355","1355","1355"
"67199","0.375","0.375","0.375","1356","1356","1356"
"67249","0.423828125","0.423828125","0.423828125","1357","1357","1357"
"67299","0.353515625","0.353515625","0.353515625","1358","1358","1358"
"67349","0.416015625","0.416015625","0.416015625","1359","1359","1359"
"67399","0.3203125","0.3203125","0.3203125","1360","1360","1360"
"67449","0.640625","0.640625","0.640625","1361","1361","1361"
"67499","0.78515625","0.78515625","0.78515625","1362","1362","1362"
"67549","0.65625","0.65625","0.65625","1363","1363","1363"
"67599","0.388671875","0.388671875","0.388671875","1364","1364","1364"
"67649","0.7421875","0.7421875","0.7421875","1365","1365","1365"
"67699","0.279296875","0.279296875","0.279296875","1366","1366","1366"
"67749","0.3515625","0.3515625","0.3515625","1367","1367","1367"
"67799","0.423828125","0.423828125","0.423828125","1368","1368","1368"
"67849","0.439453125","0.439453125","0.439453125","1369","1369","1369"
"67899","0.63671875","0.63671875","0.63671875","1370","1370","1370"
"67949","0.5","0.5","0.5","1371","1371","1371"
"67999","0.423828125","0.423828125","0.423828125","1372","1372","1372"
"68049","0.50390625","0.50390625","0.50390625","1373","1373","1373"
"68099","0.376953125","0.376953125","0.376953125","1374","1374","1374"
"68149","0.4296875","0.4296875","0.4296875","1375","1375","1375"
"68199","0.1953125","0.1953125","0.1953125","1376","1376","1376"
"68249","0.427734375","0.427734375","0.427734375","1377","1377","1377"
"68299","0.71484375","0.71484375","0.71484375","1378","1378","1378"
"68349","0.53125","0.53125","0.53125","1379","1379","1379"
"68399","0.73828125","0.73828125","0.73828125","1380","1380","1380"
"68449","0.40234375","0.40234375","0.40234375","1381","1381","1381"
"68499","0.3515625","0.3515625","0.3515625","1382","1382","1382"
"68549","0.302734375","0.302734375","0.302734375","1383","1383","1383"
"68599","0.439453125","0.439453125","0.439453125","1384","1384","1384"
"68649","0.32421875","0.32421875","0.32421875","1385","1385","1385"
"68699","0.7421875","0.7421875","0.7421875","1386","1386","1386"
"68749","0.44921875","0.44921875","0.44921875","1387","1387","1387"
"68799","0.5546875","0.5546875","0.5546875","1388","1388","1388"
"68849","0.4765625","0.4765625","0.4765625","1389","1389","1389"
"68899","0.59765625","0.59765625","0.59765625","1390","1390","1390"
"68949","0.462890625","0.462890625","0.462890625","1391","1391","1391"
"68999","0.458984375","0.458984375","0.458984375","1392","1392","1392"
"69049","0.55078125","0.55078125","0.55078125","1393","1393","1393"
"69099","0.50390625","0.50390625","0.50390625","1394","1394","1394"
"69149","0.26953125","0.26953125","0.26953125","1395","1395","1395"
"69199","0.396484375","0.396484375","0.396484375","1396","1396","1396"
"69249","0.353515625","0.353515625","0.353515625","1397","1397","1397"
"69299","0.6484375","0.6484375","0.6484375","1398","1398","1398"
"69349","0.515625","0.515625","0.515625","1399","1399","1399"
"69399","0.62109375","0.62109375","0.62109375","1400","1400","1400"
"69449","0.232421875","0.232421875","0.232421875","1401","1401","1401"
"69499","0.4609375","0.4609375","0.4609375","1402","1402","1402"
"69549","0.240234375","0.240234375","0.240234375","1403","1403","1403"
"69599","0.65625","0.65625","0.65625","1404","1404","1404"
"69649","0.419921875","0.419921875","0.419921875","1405","1405","1405"
"69699","0.4140625","0.4140625","0.4140625","1406","1406","1406"
"69749","0.357421875","0.357421875","0.357421875","1407","1407","1407"
"69799","0.6640625","0.6640625","0.6640625","1408","1408","1408"
"69849","0.34375","0.34375","0.34375","1409","1409","1409"
"69899","0.482421875","0.482421875","0.482421875","1410","1410","1410"
"69949","0.578125","0.578125","0.578125","1411","1411","1411"
"69999","0.1708984375","0.1708984375","0.1708984375","1412","1412","1412"
"70049","0.443359375","0.443359375","0.443359375","1414","1414","1414"
"70099","0.2734375","0.2734375","0.2734375","1415","1415","1415"
"70149","0.345703125","0.345703125","0.345703125","1416","1416","1416"
"70199","0.62109375","0.62109375","0.62109375","1417","1417","1417"
"70249","0.384765625","0.384765625","0.384765625","1418","1418","1418"
"70299","0.63671875","0.63671875","0.63671875","1419","1419","1419"
"70349","0.65234375","0.65234375","0.65234375","1420","1420","1420"
"70399","0.328125","0.328125","0.328125","1421","1421","1421"
"70449","0.34375","0.34375","0.34375","1422","1422","1422"
"70499","0.6875","0.6875","0.6875","1423","1423","1423"
"70549","0.408203125","0.408203125","0.408203125","1424","1424","1424"
"70599","0.765625","0.765625","0.765625","1425","1425","1425"
"70649","0.470703125","0.470703125","0.470703125","1426","1426","1426"
"70699","0.5859375","0.5859375","0.5859375","1427","1427","1427"
"70749","0.4453125","0.4453125","0.4453125","1428","1428","1428"
"70799","0.765625","0.765625","0.765625","1429","1429","1429"
"70849","0.625","0.625","0.625","1430","1430","1430"
"70899","0.5625","0.5625","0.5625","1431","1431","1431"
"70949","0.412109375","0.412109375","0.412109375","1432","1432","1432"
"70999","0.49609375","0.49609375","0.49609375","1433","1433","1433"
"71049","0.44140625","0.44140625","0.44140625","1434","1434","1434"
"71099","0.431640625","0.431640625","0.431640625","1435","1435","1435"
"71149","0.41796875","0.41796875","0.41796875","1436","1436","1436"
"71199","0.7421875","0.7421875","0.7421875","1437","1437","1437"
"71249","0.5859375","0.5859375","0.5859375","1438","1438","1438"
"71299","0.7109375","0.7109375","0.7109375","1439","1439","1439"
"71349","0.61328125","0.61328125","0.61328125","1440","1440","1440"
"71399","0.33984375","0.33984375","0.33984375","1441","1441","1441"
"71449","0.462890625","0.462890625","0.462890625","1442","1442","1442"
"71499","0.474609375","0.474609375","0.474609375","1443","1443","1443"
"71549","0.37890625","0.37890625","0.37890625","1444","1444","1444"
"71599","0.58984375","0.58984375","0.58984375","1445","1445","1445"
"71649","0.71875","0.71875","0.71875","1446","1446","1446"
"71699","0.498046875","0.498046875","0.498046875","1447","1447","1447"
"71749","0.2734375","0.2734375","0.2734375","1448","1448","1448"
"71799","0.431640625","0.431640625","0.431640625","1449","1449","1449"
"71849","0.53125","0.53125","0.53125","1450","1450","1450"
"71899","0.49609375","0.49609375","0.49609375","1451","1451","1451"
"71949","0.6796875","0.6796875","0.6796875","1452","1452","1452"
"71999","0.64453125","0.64453125","0.64453125","1453","1453","1453"
"72049","0.294921875","0.294921875","0.294921875","1454","1454","1454"
"72099","0.185546875","0.185546875","0.185546875","1455","1455","1455"
"72149","0.251953125","0.251953125","0.251953125","1456","1456","1456"
"72199","0.55859375","0.55859375","0.55859375","1457","1457","1457"
"72249","0.1767578125","0.1767578125","0.1767578125","1458","1458","1458"
"72299","0.2490234375","0.2490234375","0.2490234375","1459","1459","1459"
"72349","0.4765625","0.4765625","0.4765625","1460","1460","1460"
"72399","0.48046875","0.48046875","0.48046875","1461","1461","1461"
"72449","0.482421875","0.482421875","0.482421875","1462","1462","1462"
"72499","0.42578125","0.42578125","0.42578125","1463","1463","1463"
"72549","0.5859375","0.5859375","0.5859375","1464","1464","1464"
"72599","0.236328125","0.236328125","0.236328125","1465","1465","1465"
"72649","0.34375","0.34375","0.34375","1466","1466","1466"
"72699","0.4921875","0.4921875","0.4921875","1467","1467","1467"
"72749","0.421875","0.421875","0.421875","1468","1468","1468"
"72799","0.7890625","0.7890625","0.7890625","1469","1469","1469"
"72849","0.59765625","0.59765625","0.59765625","1470","1470","1470"
"72899","0.1328125","0.1328125","0.1328125","1471","1471","1471"
"72949","0.244140625","0.244140625","0.244140625","1472","1472","1472"
"72999","0.796875","0.796875","0.796875","1473","1473","1473"
"73049","0.35546875","0.35546875","0.35546875","1474","1474","1474"
"73099","0.359375","0.359375","0.359375","1475","1475","1475"
"73149","0.384765625","0.384765625","0.384765625","1476","1476","1476"
"73199","0.423828125","0.423828125","0.423828125","1477","1477","1477"
"73249","0.39453125","0.39453125","0.39453125","1478","1478","1478"
"73299","0.107421875","0.107421875","0.107421875","1479","1479","1479"
"73349","0.671875","0.671875","0.671875","1480","1480","1480"
"73399","0.54296875","0.54296875","0.54296875","1481","1481","1481"
"73449","0.203125","0.203125","0.203125","1482","1482","1482"
"73499","0.4609375","0.4609375","0.4609375","1483","1483","1483"
"73549","0.251953125","0.251953125","0.251953125","1484","1484","1484"
"73599","0.1533203125","0.1533203125","0.1533203125","1485","1485","1485"
"73649","0.46875","0.46875","0.46875","1486","1486","1486"
"73699","0.482421875","0.482421875","0.482421875","1487","1487","1487"
"73749","0.58984375","0.58984375","0.58984375","1488","1488","1488"
"73799","0.546875","0.546875","0.546875","1489","1489","1489"
"73849","0.447265625","0.447265625","0.447265625","1490","1490","1490"
"73899","0.56640625","0.56640625","0.56640625","1491","1491","1491"
"73949","0.498046875","0.498046875","0.498046875","1492","1492","1492"
"73999","0.3125","0.3125","0.3125","1493","1493","1493"
"74049","0.27734375","0.27734375","0.27734375","1494","1494","1494"
"74099","0.46875","0.46875","0.46875","1495","1495","1495"
"74149","0.37109375","0.37109375","0.37109375","1496","1496","1496"
"74199","0.69921875","0.69921875","0.69921875","1497","1497","1497"
"74249","0.51171875","0.51171875","0.51171875","1498","1498","1498"
"74299","0.46875","0.46875","0.46875","1499","1499","1499"
"74349","0.28515625","0.28515625","0.28515625","1500","1500","1500"
"74399","0.59765625","0.59765625","0.59765625","1501","1501","1501"
"74449","0.52734375","0.52734375","0.52734375","1502","1502","1502"
"74499","0.44921875","0.44921875","0.44921875","1503","1503","1503"
"74549","0.7421875","0.7421875","0.7421875","1504","1504","1504"
"74599","0.33984375","0.33984375","0.33984375","1505","1505","1505"
"74649","0.5625","0.5625","0.5625","1506","1506","1506"
"74699","0.5546875","0.5546875","0.5546875","1507","1507","1507"
"74749","0.5546875","0.5546875","0.5546875","1508","1508","1508"
"74799","0.328125","0.328125","0.328125","1509","1509","1509"
"74849","0.3828125","0.3828125","0.3828125","1510","1510","1510"
"74899","0.31640625","0.31640625","0.31640625","1511","1511","1511"
"74949","0.095703125","0.095703125","0.095703125","1512","1512","1512"
"74999","0.53125","0.53125","0.53125","1513","1513","1513"
"75049","0.57421875","0.57421875","0.57421875","1515","1515","1515"
"75099","0.265625","0.265625","0.265625","1516","1516","1516"
"75149","0.5625","0.5625","0.5625","1517","1517","1517"
"75199","0.361328125","0.361328125","0.361328125","1518","1518","1518"
"75249","0.71875","0.71875","0.71875","1519","1519","1519"
"75299","0.25390625","0.25390625","0.25390625","1520","1520","1520"
"75349","0.2236328125","0.2236328125","0.2236328125","1521","1521","1521"
"75399","0.65234375","0.65234375","0.65234375","1522","1522","1522"
"75449","0.66796875","0.66796875","0.66796875","1523","1523","1523"
"75499","0.734375","0.734375","0.734375","1524","1524","1524"
"75549","0.33984375","0.33984375","0.33984375","1525","1525","1525"
"75599","0.255859375","0.255859375","0.255859375","1526","1526","1526"
"75649","0.6171875","0.6171875","0.6171875","1527","1527","1527"
"75699","0.423828125","0.423828125","0.423828125","1528","1528","1528"
"75749","0.490234375","0.490234375","0.490234375","1529","1529","1529"
"75799","0.65234375","0.65234375","0.65234375","1530","1530","1530"
"75849","0.423828125","0.423828125","0.423828125","1531","1531","1531"
"75899","0.68359375","0.68359375","0.68359375","1532","1532","1532"
"75949","0.55078125","0.55078125","0.55078125","1533","1533","1533"
"75999","0.59765625","0.59765625","0.59765625","1534","1534","1534"
"76049","0.306640625","0.306640625","0.306640625","1535","1535","1535"
"76099","0.51171875","0.51171875","0.51171875","1536","1536","1536"
"76149","0.62109375","0.62109375","0.62109375","1537","1537","1537"
"76199","0.76171875","0.76171875","0.76171875","1538","1538","1538"
"76249","0.49609375","0.49609375","0.49609375","1539","1539","1539"
"76299","0.49609375","0.49609375","0.49609375","1540","1540","1540"
"76349","0.609375","0.609375","0.609375","1541","1541","1541"
"76399","0.55078125","0.55078125","0.55078125","1542","1542","1542"
"76449","0.49609375","0.49609375","0.49609375","1543","1543","1543"
"76499","0.6953125","0.6953125","0.6953125","1544","1544","1544"
"76549","0.3203125","0.3203125","0.3203125","1545","1545","1545"
"76599","0.46484375","0.46484375","0.46484375","1546","1546","1546"
"76649","0.640625","0.640625","0.640625","1547","1547","1547"
"76699","0.609375","0.609375","0.609375","1548","1548","1548"
"76749","0.341796875","0.341796875","0.341796875","1549","1549","1549"
"76799","0.328125","0.328125","0.328125","1550","1550","1550"
"76849","0.51171875","0.51171875","0.51171875","1551","1551","1551"
"76899","0.64453125","0.64453125","0.64453125","1552","1552","1552"
"76949","0.369140625","0.369140625","0.369140625","1553","1553","1553"
"76999","0.51953125","0.51953125","0.51953125","1554","1554","1554"
"77049","0.27734375","0.27734375","0.27734375","1555","1555","1555"
"77099","0.29296875","0.29296875","0.29296875","1556","1556","1556"
"77149","0.69140625","0.69140625","0.69140625","1557","1557","1557"
"77199","0.53515625","0.53515625","0.53515625","1558","1558","1558"
"77249","0.59765625","0.59765625","0.59765625","1559","1559","1559"
"77299","0.5078125","0.5078125","0.5078125","1560","1560","1560"
"77349","0.2451171875","0.2451171875","0.2451171875","1561","1561","1561"
"77399","0.71484375","0.71484375","0.71484375","1562","1562","1562"
"77449","0.26953125","0.26953125","0.26953125","1563","1563","1563"
"77499","0.431640625","0.431640625","0.431640625","1564","1564","1564"
"77549","0.11083984375","0.11083984375","0.11083984375","1565","1565","1565"
"77599","0.66796875","0.66796875","0.66796875","1566","1566","1566"
"77649","0.515625","0.515625","0.515625","1567","1567","1567"
"77699","0.5625","0.5625","0.5625","1568","1568","1568"
"77749","0.2109375","0.2109375","0.2109375","1569","1569","1569"
"77799","0.69140625","0.69140625","0.69140625","1570","1570","1570"
"77849","0.53515625","0.53515625","0.53515625","1571","1571","1571"
"77899","0.1630859375","0.1630859375","0.1630859375","1572","1572","1572"
"77949","0.625","0.625","0.625","1573","1573","1573"
"77999","0.333984375","0.333984375","0.333984375","1574","1574","1574"
"78049","0.6875","0.6875","0.6875","1575","1575","1575"
"78099","0.55859375","0.55859375","0.55859375","1576","1576","1576"
"78149","0.60546875","0.60546875","0.60546875","1577","1577","1577"
"78199","0.77734375","0.77734375","0.77734375","1578","1578","1578"
"78249","0.421875","0.421875","0.421875","1579","1579","1579"
"78299","0.349609375","0.349609375","0.349609375","1580","1580","1580"
"78349","0.56640625","0.56640625","0.56640625","1581","1581","1581"
"78399","0.65625","0.65625","0.65625","1582","1582","1582"
"78449","0.41015625","0.41015625","0.41015625","1583","1583","1583"
"78499","0.30078125","0.30078125","0.30078125","1584","1584","1584"
"78549","0.11376953125","0.11376953125","0.11376953125","1585","1585","1585"
"78599","0.462890625","0.462890625","0.462890625","1586","1586","1586"
"78649","0.56640625","0.56640625","0.56640625","1587","1587","1587"
"78699","0.34375","0.34375","0.34375","1588","1588","1588"
"78749","0.470703125","0.470703125","0.470703125","1589","1589","1589"
"78799","0.48046875","0.48046875","0.48046875","1590","1590","1590"
"78849","0.2392578125","0.2392578125","0.2392578125","1591","1591","1591"
"78899","0.357421875","0.357421875","0.357421875","1592","1592","1592"
"78949","0.78515625","0.78515625","0.78515625","1593","1593","1593"
"78999","0.431640625","0.431640625","0.431640625","1594","1594","1594"
"79049","0.443359375","0.443359375","0.443359375","1595","1595","1595"
"79099","0.5546875","0.5546875","0.5546875","1596","1596","1596"
"79149","0.1591796875","0.1591796875","0.1591796875","1597","1597","1597"
"79199","0.62109375","0.62109375","0.62109375","1598","1598","1598"
"79249","0.4375","0.4375","0.4375","1599","1599","1599"
"79299","0.302734375","0.302734375","0.302734375","1600","1600","1600"
"79349","0.66015625","0.66015625","0.66015625","1601","1601","1601"
"79399","0.7421875","0.7421875","0.7421875","1602","1602","1602"
"79449","0.42578125","0.42578125","0.42578125","1603","1603","1603"
"79499","0.31640625","0.31640625","0.31640625","1604","1604","1604"
"79549","0.431640625","0.431640625","0.431640625","1605","1605","1605"
"79599","0.318359375","0.318359375","0.318359375","1606","1606","1606"
"79649","0.337890625","0.337890625","0.337890625","1607","1607","1607"
"79699","0.271484375","0.271484375","0.271484375","1608","1608","1608"
"79749","0.3828125","0.3828125","0.3828125","1609","1609","1609"
"79799","0.431640625","0.431640625","0.431640625","1610","1610","1610"
"79849","0.57421875","0.57421875","0.57421875","1611","1611","1611"
"79899","0.28515625","0.28515625","0.28515625","1612","1612","1612"
"79949","0.359375","0.359375","0.359375","1613","1613","1613"
"79999","0.5625","0.5625","0.5625","1614","1614","1614"
"80049","0.337890625","0.337890625","0.337890625","1616","1616","1616"
"80099","0.734375","0.734375","0.734375","1617","1617","1617"
"80149","0.53515625","0.53515625","0.53515625","1618","1618","1618"
"80199","0.66796875","0.66796875","0.66796875","1619","1619","1619"
"80249","0.6640625","0.6640625","0.6640625","1620","1620","1620"
"80299","0.3359375","0.3359375","0.3359375","1621","1621","1621"
"80349","0.51171875","0.51171875","0.51171875","1622","1622","1622"
"80399","0.3984375","0.3984375","0.3984375","1623","1623","1623"
"80449","0.412109375","0.412109375","0.412109375","1624","1624","1624"
"80499","0.5546875","0.5546875","0.5546875","1625","1625","1625"
"80549","0.36328125","0.36328125","0.36328125","1626","1626","1626"
"80599","0.365234375","0.365234375","0.365234375","1627","1627","1627"
"80649","0.3125","0.3125","0.3125","1628","1628","1628"
"80699","0.34375","0.34375","0.34375","1629","1629","1629"
"80749","0.474609375","0.474609375","0.474609375","1630","1630","1630"
"80799","0.640625","0.640625","0.640625","1631","1631","1631"
"80849","0.609375","0.609375","0.609375","1632","1632","1632"
"80899","0.5625","0.5625","0.5625","1633","1633","1633"
"80949","0.69921875","0.69921875","0.69921875","1634","1634","1634"
"80999","0.30078125","0.30078125","0.30078125","1635","1635","1635"
"81049","0.318359375","0.318359375","0.318359375","1636","1636","1636"
"81099","0.26171875","0.26171875","0.26171875","1637","1637","1637"
"81149","0.341796875","0.341796875","0.341796875","1638","1638","1638"
"81199","0.291015625","0.291015625","0.291015625","1639","1639","1639"
"81249","0.5078125","0.5078125","0.5078125","1640","1640","1640"
"81299","0.46484375","0.46484375","0.46484375","1641","1641","1641"
"81349","0.6015625","0.6015625","0.6015625","1642","1642","1642"
"81399","0.29296875","0.29296875","0.29296875","1643","1643","1643"
"81449","0.462890625","0.462890625","0.462890625","1644","1644","1644"
"81499","0.1650390625","0.1650390625","0.1650390625","1645","1645","1645"
"81549","0.318359375","0.318359375","0.318359375","1646","1646","1646"
"81599","0.400390625","0.400390625","0.400390625","1647","1647","1647"
"81649","0.640625","0.640625","0.640625","1648","1648","1648"
"81699","0.44921875","0.44921875","0.44921875","1649","1649","1649"
"81749","0.51171875","0.51171875","0.51171875","1650","1650","1650"
"81799","0.51171875","0.51171875","0.51171875","1651","1651","1651"
"81849","0.7109375","0.7109375","0.7109375","1652","1652","1652"
"81899","0.275390625","0.275390625","0.275390625","1653","1653","1653"
"81949","0.37109375","0.37109375","0.37109375","1654","1654","1654"
"81999","0.482421875","0.482421875","0.482421875","1655","1655","1655"
"82049","0.5390625","0.5390625","0.5390625","1656","1656","1656"
"82099","0.5390625","0.5390625","0.5390625","1657","1657","1657"
"82149","0.51171875","0.51171875","0.51171875","1658","1658","1658"
"82199","0.359375","0.359375","0.359375","1659","1659","1659"
"82249","0.2412109375","0.2412109375","0.2412109375","1660","1660","1660"
"82299","0.25390625","0.25390625","0.25390625","1661","1661","1661"
"82349","0.23828125","0.23828125","0.23828125","1662","1662","1662"
"82399","0.427734375","0.427734375","0.427734375","1663","1663","1663"
"82449","0.55078125","0.55078125","0.55078125","1664","1664","1664"
"82499","0.39453125","0.39453125","0.39453125","1665","1665","1665"
"82549","0.39453125","0.39453125","0.39453125","1666","1666","1666"
"82599","0.51953125","0.51953125","0.51953125","1667","1667","1667"
"82649","0.8359375","0.8359375","0.8359375","1668","1668","1668"
"82699","0.423828125","0.423828125","0.423828125","1669","1669","1669"
"82749","0.390625","0.390625","0.390625","1670","1670","1670"
"82799","0.515625","0.515625","0.515625","1671","1671","1671"
"82849","0.72265625","0.72265625","0.72265625","1672","1672","1672"
"82899","0.349609375","0.349609375","0.349609375","1673","1673","1673"
"82949","0.53515625","0.53515625","0.53515625","1674","1674","1674"
"82999","0.328125","0.328125","0.328125","1675","1675","1675"
"83049","0.474609375","0.474609375","0.474609375","1676","1676","1676"
"83099","0.609375","0.609375","0.609375","1677","1677","1677"
"83149","0.125","0.125","0.125","1678","1678","1678"
"83199","0.55859375","0.55859375","0.55859375","1679","1679","1679"
"83249","0.41015625","0.41015625","0.41015625","1680","1680","1680"
"83299","0.23828125","0.23828125","0.23828125","1681","1681","1681"
"83349","0.470703125","0.470703125","0.470703125","1682","1682","1682"
"83399","0.357421875","0.357421875","0.357421875","1683","1683","1683"
"83449","0.46484375","0.46484375","0.46484375","1684","1684","1684"
"83499","0.10400390625","0.10400390625","0.10400390625","1685","1685","1685"
"83549","0.2890625","0.2890625","0.2890625","1686","1686","1686"
"83599","0.56640625","0.56640625","0.56640625","1687","1687","1687"
"83649","0.37890625","0.37890625","0.37890625","1688","1688","1688"
"83699","0.8671875","0.8671875","0.8671875","1689","1689","1689"
"83749","0.2177734375","0.2177734375","0.2177734375","1690","1690","1690"
"83799","0.5234375","0.5234375","0.5234375","1691","1691","1691"
"83849","0.58984375","0.58984375","0.58984375","1692","1692","1692"
"83899","0.310546875","0.310546875","0.310546875","1693","1693","1693"
"83949","0.46875","0.46875","0.46875","1694","1694","1694"
"83999","0.4609375","0.4609375","0.4609375","1695","1695","1695"
"84049","0.6953125","0.6953125","0.6953125","1696","1696","1696"
"84099","0.361328125","0.361328125","0.361328125","1697","1697","1697"
"84149","0.5390625","0.5390625","0.5390625","1698","1698","1698"
"84199","0.28515625","0.28515625","0.28515625","1699","1699","1699"
"84249","0.58203125","0.58203125","0.58203125","1700","1700","1700"
"84299","0.275390625","0.275390625","0.275390625","1701","1701","1701"
"84349","0.486328125","0.486328125","0.486328125","1702","1702","1702"
"84399","0.345703125","0.345703125","0.345703125","1703","1703","1703"
"84449","0.392578125","0.392578125","0.392578125","1704","1704","1704"
"84499","0.6875","0.6875","0.6875","1705","1705","1705"
"84549","0.45703125","0.45703125","0.45703125","1706","1706","1706"
"84599","0.69140625","0.69140625","0.69140625","1707","1707","1707"
"84649","0.37109375","0.37109375","0.37109375","1708","1708","1708"
"84699","0.609375","0.609375","0.609375","1709","1709","1709"
"84749","0.6328125","0.6328125","0.6328125","1710","1710","1710"
"84799","0.58203125","0.58203125","0.58203125","1711","1711","1711"
"84849","0.65234375","0.65234375","0.65234375","1712","1712","1712"
"84899","0.70703125","0.70703125","0.70703125","1713","1713","1713"
"84949","0.58984375","0.58984375","0.58984375","1714","1714","1714"
"84999","0.59765625","0.59765625","0.59765625","1715","1715","1715"
"85049","0.349609375","0.349609375","0.349609375","1717","1717","1717"
"85099","0.4609375","0.4609375","0.4609375","1718","1718","1718"
"85149","0.380859375","0.380859375","0.380859375","1719","1719","1719"
"85199","0.5234375","0.5234375","0.5234375","1720","1720","1720"
"85249","0.2333984375","0.2333984375","0.2333984375","1721","1721","1721"
"85299","0.56640625","0.56640625","0.56640625","1722","1722","1722"
"85349","0.66015625","0.66015625","0.66015625","1723","1723","1723"
"85399","0.3671875","0.3671875","0.3671875","1724","1724","1724"
"85449","0.337890625","0.337890625","0.337890625","1725","1725","1725"
"85499","0.486328125","0.486328125","0.486328125","1726","1726","1726"
"85549","0.46875","0.46875","0.46875","1727","1727","1727"
"85599","0.431640625","0.431640625","0.431640625","1728","1728","1728"
"85649","0.328125","0.328125","0.328125","1729","1729","1729"
"85699","0.640625","0.640625","0.640625","1730","1730","1730"
"85749","0.291015625","0.291015625","0.291015625","1731","1731","1731"
"85799","0.73046875","0.73046875","0.73046875","1732","1732","1732"
"85849","0.482421875","0.482421875","0.482421875","1733","1733","1733"
"85899","0.41015625","0.41015625","0.41015625","1734","1734","1734"
"85949","0.2314453125","0.2314453125","0.2314453125","1735","1735","1735"
"85999","0.55078125","0.55078125","0.55078125","1736","1736","1736"
"86049","0.1826171875","0.1826171875","0.1826171875","1737","1737","1737"
"86099","0.267578125","0.267578125","0.267578125","1738","1738","1738"
"86149","0.625","0.625","0.625","1739","1739","1739"
"86199","0.51171875","0.51171875","0.51171875","1740","1740","1740"
"86249","0.388671875","0.388671875","0.388671875","1741","1741","1741"
"86299","0.72265625","0.72265625","0.72265625","1742","1742","1742"
"86349","0.427734375","0.427734375","0.427734375","1743","1743","1743"
"86399","0.419921875","0.419921875","0.419921875","1744","1744","1744"
"86449","0.69921875","0.69921875","0.69921875","1745","1745","1745"
"86499","0.55859375","0.55859375","0.55859375","1746","1746","1746"
"86549","0.41796875","0.41796875","0.41796875","1747","1747","1747"
"86599","0.333984375","0.333984375","0.333984375","1748","1748","1748"
"86649","0.515625","0.515625","0.515625","1749","1749","1749"
"86699","0.375","0.375","0.375","1750","1750","1750"
"86749","0.55078125","0.55078125","0.55078125","1751","1751","1751"
"86799","0.326171875","0.326171875","0.326171875","1752","1752","1752"
"86849","0.431640625","0.431640625","0.431640625","1753","1753","1753"
"86899","0.41015625","0.41015625","0.41015625","1754","1754","1754"
"86949","0.431640625","0.431640625","0.431640625","1755","1755","1755"
"86999","0.56640625","0.56640625","0.56640625","1756","1756","1756"
"87049","0.330078125","0.330078125","0.330078125","1757","1757","1757"
"87099","0.1982421875","0.1982421875","0.1982421875","1758","1758","1758"
"87149","0.76953125","0.76953125","0.76953125","1759","1759","1759"
"87199","0.57421875","0.57421875","0.57421875","1760","1760","1760"
"87249","0.58203125","0.58203125","0.58203125","1761","1761","1761"
"87299","0.2060546875","0.2060546875","0.2060546875","1762","1762","1762"
"87349","0.625","0.625","0.625","1763","1763","1763"
"87399","0.6171875","0.6171875","0.6171875","1764","1764","1764"
"87449","0.609375","0.609375","0.609375","1765","1765","1765"
"87499","0.58203125","0.58203125","0.58203125","1766","1766","1766"
"87549","0.79296875","0.79296875","0.79296875","1767","1767","1767"
"87599","0.7421875","0.7421875","0.7421875","1768","1768","1768"
"87649","0.265625","0.265625","0.265625","1769","1769","1769"
"87699","0.62890625","0.62890625","0.62890625","1770","1770","1770"
"87749","0.38671875","0.38671875","0.38671875","1771","1771","1771"
"87799","0.55859375","0.55859375","0.55859375","1772","1772","1772"
"87849","0.439453125","0.439453125","0.439453125","1773","1773","1773"
"87899","0.515625","0.515625","0.515625","1774","1774","1774"
"87949","0.447265625","0.447265625","0.447265625","1775","1775","1775"
"87999","0.4609375","0.4609375","0.4609375","1776","1776","1776"
"88049","0.451171875","0.451171875","0.451171875","1777","1777","1777"
"88099","0.6796875","0.6796875","0.6796875","1778","1778","1778"
"88149","0.375","0.375","0.375","1779","1779","1779"
"88199","0.470703125","0.470703125","0.470703125","1780","1780","1780"
"88249","0.482421875","0.482421875","0.482421875","1781","1781","1781"
"88299","0.5","0.5","0.5","1782","1782","1782"
"88349","0.1416015625","0.1416015625","0.1416015625","1783","1783","1783"
"88399","0.359375","0.359375","0.359375","1784","1784","1784"
"88449","0.84765625","0.84765625","0.84765625","1785","1785","1785"
"88499","0.375","0.375","0.375","1786","1786","1786"
"88549","0.390625","0.390625","0.390625","1787","1787","1787"
"88599","0.3359375","0.3359375","0.3359375","1788","1788","1788"
"88649","0.60546875","0.60546875","0.60546875","1789","1789","1789"
"88699","0.43359375","0.43359375","0.43359375","1790","1790","1790"
"88749","0.63671875","0.63671875","0.63671875","1791","1791","1791"
"88799","0.1865234375","0.1865234375","0.1865234375","1792","1792","1792"
"88849","0.46875","0.46875","0.46875","1793","1793","1793"
"88899","0.671875","0.671875","0.671875","1794","1794","1794"
"88949","0.35546875","0.35546875","0.35546875","1795","1795","1795"
"88999","0.400390625","0.400390625","0.400390625","1796","1796","1796"
"89049","0.81640625","0.81640625","0.81640625","1797","1797","1797"
"89099","0.40234375","0.40234375","0.40234375","1798","1798","1798"
"89149","0.4296875","0.4296875","0.4296875","1799","1799","1799"
"89199","0.58203125","0.58203125","0.58203125","1800","1800","1800"
"89249","0.4453125","0.4453125","0.4453125","1801","1801","1801"
"89299","0.0830078125","0.0830078125","0.0830078125","1802","1802","1802"
"89349","0.3125","0.3125","0.3125","1803","1803","1803"
"89399","0.71875","0.71875","0.71875","1804","1804","1804"
"89449","0.64453125","0.64453125","0.64453125","1805","1805","1805"
"89499","0.51171875","0.51171875","0.51171875","1806","1806","1806"
"89549","0.4140625","0.4140625","0.4140625","1807","1807","1807"
"89599","0.578125","0.578125","0.578125","1808","1808","1808"
"89649","0.51171875","0.51171875","0.51171875","1809","1809","1809"
"89699","0.55859375","0.55859375","0.55859375","1810","1810","1810"
"89749","0.6484375","0.6484375","0.6484375","1811","1811","1811"
"89799","0.4765625","0.4765625","0.4765625","1812","1812","1812"
"89849","0.1357421875","0.1357421875","0.1357421875","1813","1813","1813"
"89899","0.375","0.375","0.375","1814","1814","1814"
"89949","0.2021484375","0.2021484375","0.2021484375","1815","1815","1815"
"89999","0.546875","0.546875","0.546875","1816","1816","1816"
"90049","0.6484375","0.6484375","0.6484375","1818","1818","1818"
"90099","0.5","0.5","0.5","1819","1819","1819"
"90149","0.490234375","0.490234375","0.490234375","1820","1820","1820"
"90199","0.158203125","0.158203125","0.158203125","1821","1821","1821"
"90249","0.671875","0.671875","0.671875","1822","1822","1822"
"90299","0.296875","0.296875","0.296875","1823","1823","1823"
"90349","0.462890625","0.462890625","0.462890625","1824","1824","1824"
"90399","0.41796875","0.41796875","0.41796875","1825","1825","1825"
"90449","0.64453125","0.64453125","0.64453125","1826","1826","1826"
"90499","0.275390625","0.275390625","0.275390625","1827","1827","1827"
"90549","0.859375","0.859375","0.859375","1828","1828","1828"
"90599","0.671875","0.671875","0.671875","1829","1829","1829"
"90649","0.58984375","0.58984375","0.58984375","1830","1830","1830"
"90699","0.51171875","0.51171875","0.51171875","1831","1831","1831"
"90749","0.40625","0.40625","0.40625","1832","1832","1832"
"90799","0.40625","0.40625","0.40625","1833","1833","1833"
"90849","0.75","0.75","0.75","1834","1834","1834"
"90899","0.66796875","0.66796875","0.66796875","1835","1835","1835"
"90949","0.328125","0.328125","0.328125","1836","1836","1836"
"90999","0.2470703125","0.2470703125","0.2470703125","1837","1837","1837"
"91049","0.49609375","0.49609375","0.49609375","1838","1838","1838"
"91099","0.423828125","0.423828125","0.423828125","1839","1839","1839"
"91149","0.3046875","0.3046875","0.3046875","1840","1840","1840"
"91199","0.3984375","0.3984375","0.3984375","1841","1841","1841"
"91249","0.7109375","0.7109375","0.7109375","1842","1842","1842"
"91299","0.4921875","0.4921875","0.4921875","1843","1843","1843"
"91349","0.76171875","0.76171875","0.76171875","1844","1844","1844"
"91399","0.2412109375","0.2412109375","0.2412109375","1845","1845","1845"
"91449","0.43359375","0.43359375","0.43359375","1846","1846","1846"
"91499","0.27734375","0.27734375","0.27734375","1847","1847","1847"
"91549","0.67578125","0.67578125","0.67578125","1848","1848","1848"
"91599","0.51171875","0.51171875","0.51171875","1849","1849","1849"
"91649","0.330078125","0.330078125","0.330078125","1850","1850","1850"
"91699","0.3125","0.3125","0.3125","1851","1851","1851"
"91749","0.423828125","0.423828125","0.423828125","1852","1852","1852"
"91799","0.59765625","0.59765625","0.59765625","1853","1853","1853"
"91849","0.462890625","0.462890625","0.462890625","1854","1854","1854"
"91899","0.5234375","0.5234375","0.5234375","1855","1855","1855"
"91949","0.29296875","0.29296875","0.29296875","1856","1856","1856"
"91999","0.6328125","0.6328125","0.6328125","1857","1857","1857"
"92049","0.62890625","0.62890625","0.62890625","1858","1858","1858"
"92099","0.26953125","0.26953125","0.26953125","1859","1859","1859"
"92149","0.4375","0.4375","0.4375","1860","1860","1860"
"92199","0.6171875","0.6171875","0.6171875","1861","1861","1861"
"92249","0.369140625","0.369140625","0.369140625","1862","1862","1862"
"92299","0.515625","0.515625","0.515625","1863","1863","1863"
"92349","0.4140625","0.4140625","0.4140625","1864","1864","1864"
"92399","0.59375","0.59375","0.59375","1865","1865","1865"
"92449","0.50390625","0.50390625","0.50390625","1866","1866","1866"
"92499","0.455078125","0.455078125","0.455078125","1867","1867","1867"
"92549","0.51953125","0.51953125","0.51953125","1868","1868","1868"
"92599","0.58203125","0.58203125","0.58203125","1869","1869","1869"
"92649","0.470703125","0.470703125","0.470703125","1870","1870","1870"
"92699","0.3515625","0.3515625","0.3515625","1871","1871","1871"
"92749","0.455078125","0.455078125","0.455078125","1872","1872","1872"
"92799","0.640625","0.640625","0.640625","1873","1873","1873"
"92849","0.431640625","0.431640625","0.431640625","1874","1874","1874"
"92899","0.56640625","0.56640625","0.56640625","1875","1875","1875"
"92949","0.44140625","0.44140625","0.44140625","1876","1876","1876"
"92999","0.36328125","0.36328125","0.36328125","1877","1877","1877"
"93049","0.310546875","0.310546875","0.310546875","1878","1878","1878"
"93099","0.25","0.25","0.25","1879","1879","1879"
"93149","0.703125","0.703125","0.703125","1880","1880","1880"
"93199","0.37890625","0.37890625","0.37890625","1881","1881","1881"
"93249","0.46875","0.46875","0.46875","1882","1882","1882"
"93299","0.5078125","0.5078125","0.5078125","1883","1883","1883"
"93349","0.18359375","0.18359375","0.18359375","1884","1884","1884"
"93399","0.71484375","0.71484375","0.71484375","1885","1885","1885"
"93449","0.2373046875","0.2373046875","0.2373046875","1886","1886","1886"
"93499","0.388671875","0.388671875","0.388671875","1887","1887","1887"
"93549","0.4921875","0.4921875","0.4921875","1888","1888","1888"
"93599","0.328125","0.328125","0.328125","1889","1889","1889"
"93649","0.291015625","0.291015625","0.291015625","1890","1890","1890"
"93699","0.232421875","0.232421875","0.232421875","1891","1891","1891"
"93749","0.3125","0.3125","0.3125","1892","1892","1892"
"93799","0.4765625","0.4765625","0.4765625","1893","1893","1893"
"93849","0.43359375","0.43359375","0.43359375","1894","1894","1894"
"93899","0.34375","0.34375","0.34375","1895","1895","1895"
"93949","0.3984375","0.3984375","0.3984375","1896","1896","1896"
"93999","0.181640625","0.181640625","0.181640625","1897","1897","1897"
"94049","0.51953125","0.51953125","0.51953125","1898","1898","1898"
"94099","0.1435546875","0.1435546875","0.1435546875","1899","1899","1899"
"94149","0.5078125","0.5078125","0.5078125","1900","1900","1900"
"94199","0.263671875","0.263671875","0.263671875","1901","1901","1901"
"94249","0.359375","0.359375","0.359375","1902","1902","1902"
"94299","0.46484375","0.46484375","0.46484375","1903","1903","1903"
"94349","0.58984375","0.58984375","0.58984375","1904","1904","1904"
"94399","0.61328125","0.61328125","0.61328125","1905","1905","1905"
"94449","0.1357421875","0.1357421875","0.1357421875","1906","1906","1906"
"94499","0.13671875","0.13671875","0.13671875","1907","1907","1907"
"94549","0.431640625","0.431640625","0.431640625","1908","1908","1908"
"94599","0.255859375","0.255859375","0.255859375","1909","1909","1909"
"94649","0.5390625","0.5390625","0.5390625","1910","1910","1910"
"94699","0.431640625","0.431640625","0.431640625","1911","1911","1911"
"94749","0.421875","0.421875","0.421875","1912","1912","1912"
"94799","0.333984375","0.333984375","0.333984375","1913","1913","1913"
"94849","0.69140625","0.69140625","0.69140625","1914","1914","1914"
"94899","0.53125","0.53125","0.53125","1915","1915","1915"
"94949","0.57421875","0.57421875","0.57421875","1916","1916","1916"
"94999","0.54296875","0.54296875","0.54296875","1917","1917","1917"
"95049","0.2265625","0.2265625","0.2265625","1919","1919","1919"
"95099","0.70703125","0.70703125","0.70703125","1920","1920","1920"
"95149","0.486328125","0.486328125","0.486328125","1921","1921","1921"
"95199","0.59765625","0.59765625","0.59765625","1922","1922","1922"
"95249","0.54296875","0.54296875","0.54296875","1923","1923","1923"
"95299","0.232421875","0.232421875","0.232421875","1924","1924","1924"
"95349","0.5390625","0.5390625","0.5390625","1925","1925","1925"
"95399","0.5859375","0.5859375","0.5859375","1926","1926","1926"
"95449","0.447265625","0.447265625","0.447265625","1927","1927","1927"
"95499","0.50390625","0.50390625","0.50390625","1928","1928","1928"
"95549","0.71484375","0.71484375","0.71484375","1929","1929","1929"
"95599","0.2109375","0.2109375","0.2109375","1930","1930","1930"
"95649","0.419921875","0.419921875","0.419921875","1931","1931","1931"
"95699","0.62890625","0.62890625","0.62890625","1932","1932","1932"
"95749","0.27734375","0.27734375","0.27734375","1933","1933","1933"
"95799","0.66796875","0.66796875","0.66796875","1934","1934","1934"
"95849","0.435546875","0.435546875","0.435546875","1935","1935","1935"
"95899","0.203125","0.203125","0.203125","1936","1936","1936"
"95949","0.4375","0.4375","0.4375","1937","1937","1937"
"95999","0.1572265625","0.1572265625","0.1572265625","1938","1938","1938"
"96049","0.267578125","0.267578125","0.267578125","1939","1939","1939"
"96099","0.58203125","0.58203125","0.58203125","1940","1940","1940"
"96149","0.412109375","0.412109375","0.412109375","1941","1941","1941"
"96199","0.43359375","0.43359375","0.43359375","1942","1942","1942"
"96249","0.59375","0.59375","0.59375","1943","1943","1943"
"96299","0.486328125","0.486328125","0.486328125","1944","1944","1944"
"96349","0.6875","0.6875","0.6875","1945","1945","1945"
"96399","0.6015625","0.6015625","0.6015625","1946","1946","1946"
"96449","0.49609375","0.49609375","0.49609375","1947","1947","1947"
"96499","0.22265625","0.22265625","0.22265625","1948","1948","1948"
"96549","0.4453125","0.4453125","0.4453125","1949","1949","1949"
"96599","0.40234375","0.40234375","0.40234375","1950","1950","1950"
"96649","0.14453125","0.14453125","0.14453125","1951","1951","1951"
"96699","0.58203125","0.58203125","0.58203125","1952","1952","1952"
"96749","0.50390625","0.50390625","0.50390625","1953","1953","1953"
"96799","0.462890625","0.462890625","0.462890625","1954","1954","1954"
"96849","0.271484375","0.271484375","0.271484375","1955","1955","1955"
"96899","0.306640625","0.306640625","0.306640625","1956","1956","1956"
"96949","0.2255859375","0.2255859375","0.2255859375","1957","1957","1957"
"96999","0.6796875","0.6796875","0.6796875","1958","1958","1958"
"97049","0.51171875","0.51171875","0.51171875","1959","1959","1959"
"97099","0.5078125","0.5078125","0.5078125","1960","1960","1960"
"97149","0.59765625","0.59765625","0.59765625","1961","1961","1961"
"97199","0.78125","0.78125","0.78125","1962","1962","1962"
"97249","0.609375","0.609375","0.609375","1963","1963","1963"
"97299","0.59765625","0.59765625","0.59765625","1964","1964","1964"
"97349","0.314453125","0.314453125","0.314453125","1965","1965","1965"
"97399","0.5","0.5","0.5","1966","1966","1966"
"97449","0.57421875","0.57421875","0.57421875","1967","1967","1967"
"97499","0.439453125","0.439453125","0.439453125","1968","1968","1968"
"97549","0.60546875","0.60546875","0.60546875","1969","1969","1969"
"97599","0.6875","0.6875","0.6875","1970","1970","1970"
"97649","0.486328125","0.486328125","0.486328125","1971","1971","1971"
"97699","0.2392578125","0.2392578125","0.2392578125","1972","1972","1972"
"97749","0.609375","0.609375","0.609375","1973","1973","1973"
"97799","0.421875","0.421875","0.421875","1974","1974","1974"
"97849","0.46484375","0.46484375","0.46484375","1975","1975","1975"
"97899","0.34375","0.34375","0.34375","1976","1976","1976"
"97949","0.419921875","0.419921875","0.419921875","1977","1977","1977"
"97999","0.498046875","0.498046875","0.498046875","1978","1978","1978"
"98049","0.4921875","0.4921875","0.4921875","1979","1979","1979"
"98099","0.396484375","0.396484375","0.396484375","1980","1980","1980"
"98149","0.1669921875","0.1669921875","0.1669921875","1981","1981","1981"
"98199","0.5234375","0.5234375","0.5234375","1982","1982","1982"
"98249","0.470703125","0.470703125","0.470703125","1983","1983","1983"
"98299","0.46484375","0.46484375","0.46484375","1984","1984","1984"
"98349","0.404296875","0.404296875","0.404296875","1985","1985","1985"
"98399","0.63671875","0.63671875","0.63671875","1986","1986","1986"
"98449","0.51953125","0.51953125","0.51953125","1987","1987","1987"
"98499","0.74609375","0.74609375","0.74609375","1988","1988","1988"
"98549","0.34375","0.34375","0.34375","1989","1989","1989"
"98599","0.59375","0.59375","0.59375","1990","1990","1990"
"98649","0.58203125","0.58203125","0.58203125","1991","1991","1991"
"98699","0.46875","0.46875","0.46875","1992","1992","1992"
"98749","0.765625","0.765625","0.765625","1993","1993","1993"
"98799","0.43359375","0.43359375","0.43359375","1994","1994","1994"
"98849","0.7734375","0.7734375","0.7734375","1995","1995","1995"
"98899","0.3125","0.3125","0.3125","1996","1996","1996"
"98949","0.2734375","0.2734375","0.2734375","1997","1997","1997"
"98999","0.51171875","0.51171875","0.51171875","1998","1998","1998"
"99049","0.35546875","0.35546875","0.35546875","1999","1999","1999"
"99099","0.376953125","0.376953125","0.376953125","2000","2000","2000"
"99149","0.4765625","0.4765625","0.4765625","2001","2001","2001"
"99199","0.7265625","0.7265625","0.7265625","2002","2002","2002"
"99249","0.404296875","0.404296875","0.404296875","2003","2003","2003"
"99299","0.62890625","0.62890625","0.62890625","2004","2004","2004"
"99349","0.65234375","0.65234375","0.65234375","2005","2005","2005"
"99399","0.486328125","0.486328125","0.486328125","2006","2006","2006"
"99449","0.65625","0.65625","0.65625","2007","2007","2007"
"99499","0.50390625","0.50390625","0.50390625","2008","2008","2008"
"99549","0.69921875","0.69921875","0.69921875","2009","2009","2009"
"99599","0.6796875","0.6796875","0.6796875","2010","2010","2010"
"99649","0.59765625","0.59765625","0.59765625","2011","2011","2011"
"99699","0.357421875","0.357421875","0.357421875","2012","2012","2012"
"99749","0.376953125","0.376953125","0.376953125","2013","2013","2013"
"99799","0.337890625","0.337890625","0.337890625","2014","2014","2014"
"99849","0.443359375","0.443359375","0.443359375","2015","2015","2015"
"99899","0.498046875","0.498046875","0.498046875","2016","2016","2016"
"99949","0.302734375","0.302734375","0.302734375","2017","2017","2017"
"99999","0.375","0.375","0.375","2018","2018","2018"
"100049","0.73046875","0.73046875","0.73046875","2020","2020","2020"
"100099","0.30859375","0.30859375","0.30859375","2021","2021","2021"
"100149","0.3125","0.3125","0.3125","2022","2022","2022"
"100199","0.6015625","0.6015625","0.6015625","2023","2023","2023"
"100249","0.6875","0.6875","0.6875","2024","2024","2024"
"100299","0.7109375","0.7109375","0.7109375","2025","2025","2025"
"100349","0.5234375","0.5234375","0.5234375","2026","2026","2026"
"100399","0.482421875","0.482421875","0.482421875","2027","2027","2027"
"100449","0.470703125","0.470703125","0.470703125","2028","2028","2028"
"100499","0.78515625","0.78515625","0.78515625","2029","2029","2029"
"100549","0.67578125","0.67578125","0.67578125","2030","2030","2030"
"100599","0.455078125","0.455078125","0.455078125","2031","2031","2031"
"100649","0.55078125","0.55078125","0.55078125","2032","2032","2032"
"100699","0.37109375","0.37109375","0.37109375","2033","2033","2033"
"100749","0.37890625","0.37890625","0.37890625","2034","2034","2034"
"100799","0.423828125","0.423828125","0.423828125","2035","2035","2035"
"100849","0.51171875","0.51171875","0.51171875","2036","2036","2036"
"100899","0.353515625","0.353515625","0.353515625","2037","2037","2037"
"100949","0.72265625","0.72265625","0.72265625","2038","2038","2038"
"100999","0.78125","0.78125","0.78125","2039","2039","2039"
"101049","0.333984375","0.333984375","0.333984375","2040","2040","2040"
"101099","0.55859375","0.55859375","0.55859375","2041","2041","2041"
"101149","0.423828125","0.423828125","0.423828125","2042","2042","2042"
"101199","0.388671875","0.388671875","0.388671875","2043","2043","2043"
"101249","0.46484375","0.46484375","0.46484375","2044","2044","2044"
"101299","0.291015625","0.291015625","0.291015625","2045","2045","2045"
"101349","0.328125","0.328125","0.328125","2046","2046","2046"
"101399","0.5234375","0.5234375","0.5234375","2047","2047","2047"
"101449","0.5546875","0.5546875","0.5546875","2048","2048","2048"
"101499","0.61328125","0.61328125","0.61328125","2049","2049","2049"
"101549","0.59375","0.59375","0.59375","2050","2050","2050"
"101599","0.431640625","0.431640625","0.431640625","2051","2051","2051"
"101649","0.59765625","0.59765625","0.59765625","2052","2052","2052"
"101699","0.3125","0.3125","0.3125","2053","2053","2053"
"101749","0.380859375","0.380859375","0.380859375","2054","2054","2054"
"101799","0.41796875","0.41796875","0.41796875","2055","2055","2055"
"101849","0.5","0.5","0.5","2056","2056","2056"
"101899","0.671875","0.671875","0.671875","2057","2057","2057"
"101949","0.55859375","0.55859375","0.55859375","2058","2058","2058"
"101999","0.625","0.625","0.625","2059","2059","2059"
"102049","0.2294921875","0.2294921875","0.2294921875","2060","2060","2060"
"102099","0.5078125","0.5078125","0.5078125","2061","2061","2061"
"102149","0.265625","0.265625","0.265625","2062","2062","2062"
"102199","0.470703125","0.470703125","0.470703125","2063","2063","2063"
"102249","0.5078125","0.5078125","0.5078125","2064","2064","2064"
"102299","0.5234375","0.5234375","0.5234375","2065","2065","2065"
"102349","0.2197265625","0.2197265625","0.2197265625","2066","2066","2066"
"102399","0.287109375","0.287109375","0.287109375","2067","2067","2067"
"102449","0.447265625","0.447265625","0.447265625","2068","2068","2068"
"102499","0.55859375","0.55859375","0.55859375","2069","2069","2069"
"102549","0.404296875","0.404296875","0.404296875","2070","2070","2070"
"102599","0.4140625","0.4140625","0.4140625","2071","2071","2071"
"102649","0.3828125","0.3828125","0.3828125","2072","2072","2072"
"102699","0.71484375","0.71484375","0.71484375","2073","2073","2073"
"102749","0.318359375","0.318359375","0.318359375","2074","2074","2074"
"102799","0.78125","0.78125","0.78125","2075","2075","2075"
"102849","0.447265625","0.447265625","0.447265625","2076","2076","2076"
"102899","0.51171875","0.51171875","0.51171875","2077","2077","2077"
"102949","0.34375","0.34375","0.34375","2078","2078","2078"
"102999","0.6171875","0.6171875","0.6171875","2079","2079","2079"
"103049","0.451171875","0.451171875","0.451171875","2080","2080","2080"
"103099","0.49609375","0.49609375","0.49609375","2081","2081","2081"
"103149","0.37109375","0.37109375","0.37109375","2082","2082","2082"
"103199","0.65234375","0.65234375","0.65234375","2083","2083","2083"
"103249","0.69921875","0.69921875","0.69921875","2084","2084","2084"
"103299","0.435546875","0.435546875","0.435546875","2085","2085","2085"
"103349","0.46875","0.46875","0.46875","2086","2086","2086"
"103399","0.322265625","0.322265625","0.322265625","2087","2087","2087"
"103449","0.4921875","0.4921875","0.4921875","2088","2088","2088"
"103499","0.482421875","0.482421875","0.482421875","2089","2089","2089"
"103549","0.49609375","0.49609375","0.49609375","2090","2090","2090"
"103599","0.625","0.625","0.625","2091","2091","2091"
"103649","0.62890625","0.62890625","0.62890625","2092","2092","2092"
"103699","0.30859375","0.30859375","0.30859375","2093","2093","2093"
"103749","0.71875","0.71875","0.71875","2094","2094","2094"
"103799","0.3203125","0.3203125","0.3203125","2095","2095","2095"
"103849","0.6640625","0.6640625","0.6640625","2096","2096","2096"
"103899","0.498046875","0.498046875","0.498046875","2097","2097","2097"
"103949","0.310546875","0.310546875","0.310546875","2098","2098","2098"
"103999","0.45703125","0.45703125","0.45703125","2099","2099","2099"
"104049","0.173828125","0.173828125","0.173828125","2100","2100","2100"
"104099","0.470703125","0.470703125","0.470703125","2101","2101","2101"
"104149","0.203125","0.203125","0.203125","2102","2102","2102"
"104199","0.51171875","0.51171875","0.51171875","2103","2103","2103"
"104249","0.46484375","0.46484375","0.46484375","2104","2104","2104"
"104299","0.52734375","0.52734375","0.52734375","2105","2105","2105"
"104349","0.158203125","0.158203125","0.158203125","2106","2106","2106"
"104399","0.2099609375","0.2099609375","0.2099609375","2107","2107","2107"
"104449","0.69921875","0.69921875","0.69921875","2108","2108","2108"
"104499","0.1982421875","0.1982421875","0.1982421875","2109","2109","2109"
"104549","0.609375","0.609375","0.609375","2110","2110","2110"
"104599","0.640625","0.640625","0.640625","2111","2111","2111"
"104649","0.51953125","0.51953125","0.51953125","2112","2112","2112"
"104699","0.65625","0.65625","0.65625","2113","2113","2113"
"104749","0.267578125","0.267578125","0.267578125","2114","2114","2114"
"104799","0.2392578125","0.2392578125","0.2392578125","2115","2115","2115"
"104849","0.20703125","0.20703125","0.20703125","2116","2116","2116"
"104899","0.13671875","0.13671875","0.13671875","2117","2117","2117"
"104949","0.58203125","0.58203125","0.58203125","2118","2118","2118"
"104999","0.341796875","0.341796875","0.341796875","2119","2119","2119"
"105049","0.546875","0.546875","0.546875","2121","2121","2121"
"105099","0.625","0.625","0.625","2122","2122","2122"
"105149","0.6796875","0.6796875","0.6796875","2123","2123","2123"
"105199","0.4453125","0.4453125","0.4453125","2124","2124","2124"
"105249","0.5390625","0.5390625","0.5390625","2125","2125","2125"
"105299","0.7109375","0.7109375","0.7109375","2126","2126","2126"
"105349","0.75","0.75","0.75","2127","2127","2127"
"105399","0.27734375","0.27734375","0.27734375","2128","2128","2128"
"105449","0.52734375","0.52734375","0.52734375","2129","2129","2129"
"105499","0.4765625","0.4765625","0.4765625","2130","2130","2130"
"105549","0.5703125","0.5703125","0.5703125","2131","2131","2131"
"105599","0.30078125","0.30078125","0.30078125","2132","2132","2132"
"105649","0.52734375","0.52734375","0.52734375","2133","2133","2133"
"105699","0.2119140625","0.2119140625","0.2119140625","2134","2134","2134"
"105749","0.189453125","0.189453125","0.189453125","2135","2135","2135"
"105799","0.6796875","0.6796875","0.6796875","2136","2136","2136"
"105849","0.64453125","0.64453125","0.64453125","2137","2137","2137"
"105899","0.294921875","0.294921875","0.294921875","2138","2138","2138"
"105949","0.462890625","0.462890625","0.462890625","2139","2139","2139"
"105999","0.671875","0.671875","0.671875","2140","2140","2140"
"106049","0.55859375","0.55859375","0.55859375","2141","2141","2141"
"106099","0.5234375","0.5234375","0.5234375","2142","2142","2142"
"106149","0.76171875","0.76171875","0.76171875","2143","2143","2143"
"106199","0.26171875","0.26171875","0.26171875","2144","2144","2144"
"106249","0.53125","0.53125","0.53125","2145","2145","2145"
"106299","0.546875","0.546875","0.546875","2146","2146","2146"
"106349","0.35546875","0.35546875","0.35546875","2147","2147","2147"
"106399","0.46875","0.46875","0.46875","2148","2148","2148"
"106449","0.1630859375","0.1630859375","0.1630859375","2149","2149","2149"
"106499","0.32421875","0.32421875","0.32421875","2150","2150","2150"
"106549","0.240234375","0.240234375","0.240234375","2151","2151","2151"
"106599","0.640625","0.640625","0.640625","2152","2152","2152"
"106649","0.1650390625","0.1650390625","0.1650390625","2153","2153","2153"
"106699","0.57421875","0.57421875","0.57421875","2154","2154","2154"
"106749","0.462890625","0.462890625","0.462890625","2155","2155","2155"
"106799","0.74609375","0.74609375","0.74609375","2156","2156","2156"
"106849","0.703125","0.703125","0.703125","2157","2157","2157"
"106899","0.2470703125","0.2470703125","0.2470703125","2158","2158","2158"
"106949","0.359375","0.359375","0.359375","2159","2159","2159"
"106999","0.1943359375","0.1943359375","0.1943359375","2160","2160","2160"
"107049","0.33984375","0.33984375","0.33984375","2161","2161","2161"
"107099","0.1943359375","0.1943359375","0.1943359375","2162","2162","2162"
"107149","0.546875","0.546875","0.546875","2163","2163","2163"
"107199","0.439453125","0.439453125","0.439453125","2164","2164","2164"
"107249","0.5234375","0.5234375","0.5234375","2165","2165","2165"
"107299","0.60546875","0.60546875","0.60546875","2166","2166","2166"
"107349","0.388671875","0.388671875","0.388671875","2167","2167","2167"
"107399","0.68359375","0.68359375","0.68359375","2168","2168","2168"
"107449","0.68359375","0.68359375","0.68359375","2169","2169","2169"
"107499","0.57421875","0.57421875","0.57421875","2170","2170","2170"
"107549","0.220703125","0.220703125","0.220703125","2171","2171","2171"
"107599","0.625","0.625","0.625","2172","2172","2172"
"107649","0.54296875","0.54296875","0.54296875","2173","2173","2173"
"107699","0.6328125","0.6328125","0.6328125","2174","2174","2174"
"107749","0.1318359375","0.1318359375","0.1318359375","2175","2175","2175"
"107799","0.51171875","0.51171875","0.51171875","2176","2176","2176"
"107849","0.181640625","0.181640625","0.181640625","2177","2177","2177"
"107899","0.291015625","0.291015625","0.291015625","2178","2178","2178"
"107949","0.296875","0.296875","0.296875","2179","2179","2179"
"107999","0.5390625","0.5390625","0.5390625","2180","2180","2180"
"108049","0.2294921875","0.2294921875","0.2294921875","2181","2181","2181"
"108099","0.453125","0.453125","0.453125","2182","2182","2182"
"108149","0.41796875","0.41796875","0.41796875","2183","2183","2183"
"108199","0.443359375","0.443359375","0.443359375","2184","2184","2184"
"108249","0.353515625","0.353515625","0.353515625","2185","2185","2185"
"108299","0.54296875","0.54296875","0.54296875","2186","2186","2186"
"108349","0.349609375","0.349609375","0.349609375","2187","2187","2187"
"108399","0.62890625","0.62890625","0.62890625","2188","2188","2188"
"108449","0.328125","0.328125","0.328125","2189","2189","2189"
"108499","0.55859375","0.55859375","0.55859375","2190","2190","2190"
"108549","0.337890625","0.337890625","0.337890625","2191","2191","2191"
"108599","0.5078125","0.5078125","0.5078125","2192","2192","2192"
"108649","0.41015625","0.41015625","0.41015625","2193","2193","2193"
"108699","0.62890625","0.62890625","0.62890625","2194","2194","2194"
"108749","0.1875","0.1875","0.1875","2195","2195","2195"
"108799","0.412109375","0.412109375","0.412109375","2196","2196","2196"
"108849","0.46875","0.46875","0.46875","2197","2197","2197"
"108899","0.36328125","0.36328125","0.36328125","2198","2198","2198"
"108949","0.2265625","0.2265625","0.2265625","2199","2199","2199"
"108999","0.357421875","0.357421875","0.357421875","2200","2200","2200"
"109049","0.78515625","0.78515625","0.78515625","2201","2201","2201"
"109099","0.419921875","0.419921875","0.419921875","2202","2202","2202"
"109149","0.5703125","0.5703125","0.5703125","2203","2203","2203"
"109199","0.431640625","0.431640625","0.431640625","2204","2204","2204"
"109249","0.5390625","0.5390625","0.5390625","2205","2205","2205"
"109299","0.5859375","0.5859375","0.5859375","2206","2206","2206"
"109349","0.734375","0.734375","0.734375","2207","2207","2207"
"109399","0.490234375","0.490234375","0.490234375","2208","2208","2208"
"109449","0.51953125","0.51953125","0.51953125","2209","2209","2209"
"109499","0.32421875","0.32421875","0.32421875","2210","2210","2210"
"109549","0.462890625","0.462890625","0.462890625","2211","2211","2211"
"109599","0.55859375","0.55859375","0.55859375","2212","2212","2212"
"109649","0.37109375","0.37109375","0.37109375","2213","2213","2213"
"109699","0.1962890625","0.1962890625","0.1962890625","2214","2214","2214"
"109749","0.322265625","0.322265625","0.322265625","2215","2215","2215"
"109799","0.361328125","0.361328125","0.361328125","2216","2216","2216"
"109849","0.2216796875","0.2216796875","0.2216796875","2217","2217","2217"
"109899","0.404296875","0.404296875","0.404296875","2218","2218","2218"
"109949","0.33203125","0.33203125","0.33203125","2219","2219","2219"
"109999","0.4296875","0.4296875","0.4296875","2220","2220","2220"
"110049","0.357421875","0.357421875","0.357421875","2222","2222","2222"
"110099","0.45703125","0.45703125","0.45703125","2223","2223","2223"
"110149","0.51953125","0.51953125","0.51953125","2224","2224","2224"
"110199","0.361328125","0.361328125","0.361328125","2225","2225","2225"
"110249","0.294921875","0.294921875","0.294921875","2226","2226","2226"
"110299","0.486328125","0.486328125","0.486328125","2227","2227","2227"
"110349","0.515625","0.515625","0.515625","2228","2228","2228"
"110399","0.56640625","0.56640625","0.56640625","2229","2229","2229"
"110449","0.439453125","0.439453125","0.439453125","2230","2230","2230"
"110499","0.404296875","0.404296875","0.404296875","2231","2231","2231"
"110549","0.314453125","0.314453125","0.314453125","2232","2232","2232"
"110599","0.55859375","0.55859375","0.55859375","2233","2233","2233"
"110649","0.2734375","0.2734375","0.2734375","2234","2234","2234"
"110699","0.267578125","0.267578125","0.267578125","2235","2235","2235"
"110749","0.431640625","0.431640625","0.431640625","2236","2236","2236"
"110799","0.515625","0.515625","0.515625","2237","2237","2237"
"110849","0.6484375","0.6484375","0.6484375","2238","2238","2238"
"110899","0.447265625","0.447265625","0.447265625","2239","2239","2239"
"110949","0.578125","0.578125","0.578125","2240","2240","2240"
"110999","0.1494140625","0.1494140625","0.1494140625","2241","2241","2241"
"111049","0.322265625","0.322265625","0.322265625","2242","2242","2242"
"111099","0.36328125","0.36328125","0.36328125","2243","2243","2243"
"111149","0.171875","0.171875","0.171875","2244","2244","2244"
"111199","0.46875","0.46875","0.46875","2245","2245","2245"
"111249","0.6953125","0.6953125","0.6953125","2246","2246","2246"
"111299","0.40625","0.40625","0.40625","2247","2247","2247"
"111349","0.400390625","0.400390625","0.400390625","2248","2248","2248"
"111399","0.38671875","0.38671875","0.38671875","2249","2249","2249"
"111449","0.7578125","0.7578125","0.7578125","2250","2250","2250"
"111499","0.32421875","0.32421875","0.32421875","2251","2251","2251"
"111549","0.56640625","0.56640625","0.56640625","2252","2252","2252"
"111599","0.703125","0.703125","0.703125","2253","2253","2253"
"111649","0.71875","0.71875","0.71875","2254","2254","2254"
"111699","0.6796875","0.6796875","0.6796875","2255","2255","2255"
"111749","0.33203125","0.33203125","0.33203125","2256","2256","2256"
"111799","0.4296875","0.4296875","0.4296875","2257","2257","2257"
"111849","0.259765625","0.259765625","0.259765625","2258","2258","2258"
"111899","0.146484375","0.146484375","0.146484375","2259","2259","2259"
"111949","0.439453125","0.439453125","0.439453125","2260","2260","2260"
"111999","0.34375","0.34375","0.34375","2261","2261","2261"
"112049","0.2490234375","0.2490234375","0.2490234375","2262","2262","2262"
"112099","0.482421875","0.482421875","0.482421875","2263","2263","2263"
"112149","0.462890625","0.462890625","0.462890625","2264","2264","2264"
"112199","0.5703125","0.5703125","0.5703125","2265","2265","2265"
"112249","0.181640625","0.181640625","0.181640625","2266","2266","2266"
"112299","0.5","0.5","0.5","2267","2267","2267"
"112349","0.31640625","0.31640625","0.31640625","2268","2268","2268"
"112399","0.34765625","0.34765625","0.34765625","2269","2269","2269"
"112449","0.470703125","0.470703125","0.470703125","2270","2270","2270"
"112499","0.66796875","0.66796875","0.66796875","2271","2271","2271"
"112549","0.609375","0.609375","0.609375","2272","2272","2272"
"112599","0.482421875","0.482421875","0.482421875","2273","2273","2273"
"112649","0.49609375","0.49609375","0.49609375","2274","2274","2274"
"112699","0.6953125","0.6953125","0.6953125","2275","2275","2275"
"112749","0.1904296875","0.1904296875","0.1904296875","2276","2276","2276"
"112799","0.298828125","0.298828125","0.298828125","2277","2277","2277"
"112849","0.5078125","0.5078125","0.5078125","2278","2278","2278"
"112899","0.353515625","0.353515625","0.353515625","2279","2279","2279"
"112949","0.5234375","0.5234375","0.5234375","2280","2280","2280"
"112999","0.357421875","0.357421875","0.357421875","2281","2281","2281"
"113049","0.357421875","0.357421875","0.357421875","2282","2282","2282"
"113099","0.396484375","0.396484375","0.396484375","2283","2283","2283"
"113149","0.482421875","0.482421875","0.482421875","2284","2284","2284"
"113199","0.625","0.625","0.625","2285","2285","2285"
"113249","0.376953125","0.376953125","0.376953125","2286","2286","2286"
"113299","0.5234375","0.5234375","0.5234375","2287","2287","2287"
"113349","0.59765625","0.59765625","0.59765625","2288","2288","2288"
"113399","0.52734375","0.52734375","0.52734375","2289","2289","2289"
"113449","0.67578125","0.67578125","0.67578125","2290","2290","2290"
"113499","0.68359375","0.68359375","0.68359375","2291","2291","2291"
"113549","0.46875","0.46875","0.46875","2292","2292","2292"
"113599","0.208984375","0.208984375","0.208984375","2293","2293","2293"
"113649","0.423828125","0.423828125","0.423828125","2294","2294","2294"
"113699","0.55859375","0.55859375","0.55859375","2295","2295","2295"
"113749","0.6484375","0.6484375","0.6484375","2296","2296","2296"
"113799","0.59375","0.59375","0.59375","2297","2297","2297"
"113849","0.57421875","0.57421875","0.57421875","2298","2298","2298"
"113899","0.56640625","0.56640625","0.56640625","2299","2299","2299"
"113949","0.453125","0.453125","0.453125","2300","2300","2300"
"113999","0.5546875","0.5546875","0.5546875","2301","2301","2301"
"114049","0.458984375","0.458984375","0.458984375","2302","2302","2302"
"114099","0.640625","0.640625","0.640625","2303","2303","2303"
"114149","0.3828125","0.3828125","0.3828125","2304","2304","2304"
"114199","0.37109375","0.37109375","0.37109375","2305","2305","2305"
"114249","0.36328125","0.36328125","0.36328125","2306","2306","2306"
"114299","0.2890625","0.2890625","0.2890625","2307","2307","2307"
"114349","0.640625","0.640625","0.640625","2308","2308","2308"
"114399","0.2412109375","0.2412109375","0.2412109375","2309","2309","2309"
"114449","0.2373046875","0.2373046875","0.2373046875","2310","2310","2310"
"114499","0.76953125","0.76953125","0.76953125","2311","2311","2311"
"114549","0.80078125","0.80078125","0.80078125","2312","2312","2312"
"114599","0.474609375","0.474609375","0.474609375","2313","2313","2313"
"114649","0.578125","0.578125","0.578125","2314","2314","2314"
"114699","0.46875","0.46875","0.46875","2315","2315","2315"
"114749","0.3828125","0.3828125","0.3828125","2316","2316","2316"
"114799","0.26171875","0.26171875","0.26171875","2317","2317","2317"
"114849","0.3828125","0.3828125","0.3828125","2318","2318","2318"
"114899","0.25390625","0.25390625","0.25390625","2319","2319","2319"
"114949","0.48046875","0.48046875","0.48046875","2320","2320","2320"
"114999","0.56640625","0.56640625","0.56640625","2321","2321","2321"
"115049","0.1416015625","0.1416015625","0.1416015625","2323","2323","2323"
"115099","0.53515625","0.53515625","0.53515625","2324","2324","2324"
"115149","0.375","0.375","0.375","2325","2325","2325"
"115199","0.6484375","0.6484375","0.6484375","2326","2326","2326"
"115249","0.46484375","0.46484375","0.46484375","2327","2327","2327"
"115299","0.314453125","0.314453125","0.314453125","2328","2328","2328"
"115349","0.625","0.625","0.625","2329","2329","2329"
"115399","0.39453125","0.39453125","0.39453125","2330","2330","2330"
"115449","0.404296875","0.404296875","0.404296875","2331","2331","2331"
"115499","0.57421875","0.57421875","0.57421875","2332","2332","2332"
"115549","0.48046875","0.48046875","0.48046875","2333","2333","2333"
"115599","0.443359375","0.443359375","0.443359375","2334","2334","2334"
"115649","0.51953125","0.51953125","0.51953125","2335","2335","2335"
"115699","0.546875","0.546875","0.546875","2336","2336","2336"
"115749","0.6015625","0.6015625","0.6015625","2337","2337","2337"
"115799","0.734375","0.734375","0.734375","2338","2338","2338"
"115849","0.3046875","0.3046875","0.3046875","2339","2339","2339"
"115899","0.369140625","0.369140625","0.369140625","2340","2340","2340"
"115949","0.1923828125","0.1923828125","0.1923828125","2341","2341","2341"
"115999","0.42578125","0.42578125","0.42578125","2342","2342","2342"
"116049","0.236328125","0.236328125","0.236328125","2343","2343","2343"
"116099","0.29296875","0.29296875","0.29296875","2344","2344","2344"
"116149","0.427734375","0.427734375","0.427734375","2345","2345","2345"
"116199","0.2275390625","0.2275390625","0.2275390625","2346","2346","2346"
"116249","0.734375","0.734375","0.734375","2347","2347","2347"
"116299","0.41796875","0.41796875","0.41796875","2348","2348","2348"
"116349","0.60546875","0.60546875","0.60546875","2349","2349","2349"
"116399","0.7734375","0.7734375","0.7734375","2350","2350","2350"
"116449","0.33203125","0.33203125","0.33203125","2351","2351","2351"
"116499","0.3828125","0.3828125","0.3828125","2352","2352","2352"
"116549","0.189453125","0.189453125","0.189453125","2353","2353","2353"
"116599","0.349609375","0.349609375","0.349609375","2354","2354","2354"
"116649","0.482421875","0.482421875","0.482421875","2355","2355","2355"
"116699","0.51171875","0.51171875","0.51171875","2356","2356","2356"
"116749","0.498046875","0.498046875","0.498046875","2357","2357","2357"
"116799","0.5703125","0.5703125","0.5703125","2358","2358","2358"
"116849","0.408203125","0.408203125","0.408203125","2359","2359","2359"
"116899","0.330078125","0.330078125","0.330078125","2360","2360","2360"
"116949","0.1533203125","0.1533203125","0.1533203125","2361","2361","2361"
"116999","0.3515625","0.3515625","0.3515625","2362","2362","2362"
"117049","0.2412109375","0.2412109375","0.2412109375","2363","2363","2363"
"117099","0.3984375","0.3984375","0.3984375","2364","2364","2364"
"117149","0.60546875","0.60546875","0.60546875","2365","2365","2365"
"117199","0.74609375","0.74609375","0.74609375","2366","2366","2366"
"117249","0.7421875","0.7421875","0.7421875","2367","2367","2367"
"117299","0.7734375","0.7734375","0.7734375","2368","2368","2368"
"117349","0.82421875","0.82421875","0.82421875","2369","2369","2369"
"117399","0.447265625","0.447265625","0.447265625","2370","2370","2370"
"117449","0.6171875","0.6171875","0.6171875","2371","2371","2371"
"117499","0.61328125","0.61328125","0.61328125","2372","2372","2372"
"117549","0.373046875","0.373046875","0.373046875","2373","2373","2373"
"117599","0.39453125","0.39453125","0.39453125","2374","2374","2374"
"117649","0.330078125","0.330078125","0.330078125","2375","2375","2375"
"117699","0.6640625","0.6640625","0.6640625","2376","2376","2376"
"117749","0.2490234375","0.2490234375","0.2490234375","2377","2377","2377"
"117799","0.53125","0.53125","0.53125","2378","2378","2378"
"117849","0.58203125","0.58203125","0.58203125","2379","2379","2379"
"117899","0.66796875","0.66796875","0.66796875","2380","2380","2380"
"117949","0.341796875","0.341796875","0.341796875","2381","2381","2381"
"117999","0.546875","0.546875","0.546875","2382","2382","2382"
"118049","0.625","0.625","0.625","2383","2383","2383"
"118099","0.109375","0.109375","0.109375","2384","2384","2384"
"118149","0.54296875","0.54296875","0.54296875","2385","2385","2385"
"118199","0.271484375","0.271484375","0.271484375","2386","2386","2386"
"118249","0.423828125","0.423828125","0.423828125","2387","2387","2387"
"118299","0.25","0.25","0.25","2388","2388","2388"
"118349","0.34765625","0.34765625","0.34765625","2389","2389","2389"
"118399","0.408203125","0.408203125","0.408203125","2390","2390","2390"
"118449","0.33203125","0.33203125","0.33203125","2391","2391","2391"
"118499","0.58203125","0.58203125","0.58203125","2392","2392","2392"
"118549","0.6484375","0.6484375","0.6484375","2393","2393","2393"
"118599","0.765625","0.765625","0.765625","2394","2394","2394"
"118649","0.65234375","0.65234375","0.65234375","2395","2395","2395"
"118699","0.625","0.625","0.625","2396","2396","2396"
"118749","0.1904296875","0.1904296875","0.1904296875","2397","2397","2397"
"118799","0.447265625","0.447265625","0.447265625","2398","2398","2398"
"118849","0.361328125","0.361328125","0.361328125","2399","2399","2399"
"118899","0.3125","0.3125","0.3125","2400","2400","2400"
"118949","0.1904296875","0.1904296875","0.1904296875","2401","2401","2401"
"118999","0.6953125","0.6953125","0.6953125","2402","2402","2402"
"119049","0.4921875","0.4921875","0.4921875","2403","2403","2403"
"119099","0.37109375","0.37109375","0.37109375","2404","2404","2404"
"119149","0.25390625","0.25390625","0.25390625","2405","2405","2405"
"119199","0.5625","0.5625","0.5625","2406","2406","2406"
"119249","0.66015625","0.66015625","0.66015625","2407","2407","2407"
"119299","0.451171875","0.451171875","0.451171875","2408","2408","2408"
"119349","0.341796875","0.341796875","0.341796875","2409","2409","2409"
"119399","0.5703125","0.5703125","0.5703125","2410","2410","2410"
"119449","0.259765625","0.259765625","0.259765625","2411","2411","2411"
"119499","0.76171875","0.76171875","0.76171875","2412","2412","2412"
"119549","0.1923828125","0.1923828125","0.1923828125","2413","2413","2413"
"119599","0.435546875","0.435546875","0.435546875","2414","2414","2414"
"119649","0.232421875","0.232421875","0.232421875","2415","2415","2415"
"119699","0.51171875","0.51171875","0.51171875","2416","2416","2416"
"119749","0.46484375","0.46484375","0.46484375","2417","2417","2417"
"119799","0.51953125","0.51953125","0.51953125","2418","2418","2418"
"119849","0.625","0.625","0.625","2419","2419","2419"
"119899","0.8125","0.8125","0.8125","2420","2420","2420"
"119949","0.28515625","0.28515625","0.28515625","2421","2421","2421"
"119999","0.67578125","0.67578125","0.67578125","2422","2422","2422"
"120049","0.470703125","0.470703125","0.470703125","2424","2424","2424"
"120099","0.5234375","0.5234375","0.5234375","2425","2425","2425"
"120149","0.6015625","0.6015625","0.6015625","2426","2426","2426"
"120199","0.51171875","0.51171875","0.51171875","2427","2427","2427"
"120249","0.7890625","0.7890625","0.7890625","2428","2428","2428"
"120299","0.51171875","0.51171875","0.51171875","2429","2429","2429"
"120349","0.357421875","0.357421875","0.357421875","2430","2430","2430"
"120399","0.34375","0.34375","0.34375","2431","2431","2431"
"120449","0.2890625","0.2890625","0.2890625","2432","2432","2432"
"120499","0.396484375","0.396484375","0.396484375","2433","2433","2433"
"120549","0.5546875","0.5546875","0.5546875","2434","2434","2434"
"120599","0.74609375","0.74609375","0.74609375","2435","2435","2435"
"120649","0.40625","0.40625","0.40625","2436","2436","2436"
"120699","0.34765625","0.34765625","0.34765625","2437","2437","2437"
"120749","0.6640625","0.6640625","0.6640625","2438","2438","2438"
"120799","0.5703125","0.5703125","0.5703125","2439","2439","2439"
"120849","0.76171875","0.76171875","0.76171875","2440","2440","2440"
"120899","0.224609375","0.224609375","0.224609375","2441","2441","2441"
"120949","0.470703125","0.470703125","0.470703125","2442","2442","2442"
"120999","0.328125","0.328125","0.328125","2443","2443","2443"
"121049","0.33984375","0.33984375","0.33984375","2444","2444","2444"
"121099","0.65234375","0.65234375","0.65234375","2445","2445","2445"
"121149","0.49609375","0.49609375","0.49609375","2446","2446","2446"
"121199","0.4140625","0.4140625","0.4140625","2447","2447","2447"
"121249","0.53515625","0.53515625","0.53515625","2448","2448","2448"
"121299","0.431640625","0.431640625","0.431640625","2449","2449","2449"
"121349","0.4921875","0.4921875","0.4921875","2450","2450","2450"
"121399","0.298828125","0.298828125","0.298828125","2451","2451","2451"
"121449","0.69921875","0.69921875","0.69921875","2452","2452","2452"
"121499","0.51953125","0.51953125","0.51953125","2453","2453","2453"
"121549","0.74609375","0.74609375","0.74609375","2454","2454","2454"
"121599","0.55078125","0.55078125","0.55078125","2455","2455","2455"
"121649","0.361328125","0.361328125","0.361328125","2456","2456","2456"
"121699","0.46875","0.46875","0.46875","2457","2457","2457"
"121749","0.3828125","0.3828125","0.3828125","2458","2458","2458"
"121799","0.416015625","0.416015625","0.416015625","2459","2459","2459"
"121849","0.58984375","0.58984375","0.58984375","2460","2460","2460"
"121899","0.41015625","0.41015625","0.41015625","2461","2461","2461"
"121949","0.2099609375","0.2099609375","0.2099609375","2462","2462","2462"
"121999","0.61328125","0.61328125","0.61328125","2463","2463","2463"
"122049","0.65625","0.65625","0.65625","2464","2464","2464"
"122099","0.4375","0.4375","0.4375","2465","2465","2465"
"122149","0.58984375","0.58984375","0.58984375","2466","2466","2466"
"122199","0.404296875","0.404296875","0.404296875","2467","2467","2467"
"122249","0.404296875","0.404296875","0.404296875","2468","2468","2468"
"122299","0.60546875","0.60546875","0.60546875","2469","2469","2469"
"122349","0.2431640625","0.2431640625","0.2431640625","2470","2470","2470"
"122399","0.486328125","0.486328125","0.486328125","2471","2471","2471"