"trainer/global_step","pixeldit_rr_kee100_150kimgs_pairsum_dense_signed_gain05_repa_200k_2gpu - swap_perceptual_loss","pixeldit_rr_kee100_150kimgs_pairsum_dense_signed_gain05_repa_200k_2gpu - swap_perceptual_loss__MIN","pixeldit_rr_kee100_150kimgs_pairsum_dense_signed_gain05_repa_200k_2gpu - swap_perceptual_loss__MAX","pixeldit_rr_kee100_150kimgs_pairsum_dense_signed_gain05_repa_200k_2gpu - _step","pixeldit_rr_kee100_150kimgs_pairsum_dense_signed_gain05_repa_200k_2gpu - _step__MIN","pixeldit_rr_kee100_150kimgs_pairsum_dense_signed_gain05_repa_200k_2gpu - _step__MAX"
"49","6.262740612030029","6.262740612030029","6.262740612030029","0","0","0"
"99","3.234894037246704","3.234894037246704","3.234894037246704","1","1","1"
"149","2.441537857055664","2.441537857055664","2.441537857055664","2","2","2"
"199","3.0338828563690186","3.0338828563690186","3.0338828563690186","3","3","3"
"249","2.6134190559387207","2.6134190559387207","2.6134190559387207","4","4","4"
"299","2.2577497959136963","2.2577497959136963","2.2577497959136963","5","5","5"
"349","2.5659942626953125","2.5659942626953125","2.5659942626953125","6","6","6"
"399","2.7440056800842285","2.7440056800842285","2.7440056800842285","7","7","7"
"449","3.3206541538238525","3.3206541538238525","3.3206541538238525","8","8","8"
"499","2.475933074951172","2.475933074951172","2.475933074951172","9","9","9"
"549","2.283677339553833","2.283677339553833","2.283677339553833","10","10","10"
"599","3.0196337699890137","3.0196337699890137","3.0196337699890137","11","11","11"
"649","2.6562671661376953","2.6562671661376953","2.6562671661376953","12","12","12"
"699","1.8220996856689453","1.8220996856689453","1.8220996856689453","13","13","13"
"749","2.9230737686157227","2.9230737686157227","2.9230737686157227","14","14","14"
"799","2.173424243927002","2.173424243927002","2.173424243927002","15","15","15"
"849","1.8761181831359863","1.8761181831359863","1.8761181831359863","16","16","16"
"899","2.976907968521118","2.976907968521118","2.976907968521118","17","17","17"
"949","2.8519973754882812","2.8519973754882812","2.8519973754882812","18","18","18"
"999","2.257207155227661","2.257207155227661","2.257207155227661","19","19","19"
"1049","2.28159499168396","2.28159499168396","2.28159499168396","20","20","20"
"1099","2.354071855545044","2.354071855545044","2.354071855545044","21","21","21"
"1149","1.6932373046875","1.6932373046875","1.6932373046875","22","22","22"
"1199","2.1433706283569336","2.1433706283569336","2.1433706283569336","23","23","23"
"1249","3.1927716732025146","3.1927716732025146","3.1927716732025146","24","24","24"
"1299","1.4317947626113892","1.4317947626113892","1.4317947626113892","25","25","25"
"1349","2.2573211193084717","2.2573211193084717","2.2573211193084717","26","26","26"
"1399","2.1428518295288086","2.1428518295288086","2.1428518295288086","27","27","27"
"1449","2.624054431915283","2.624054431915283","2.624054431915283","28","28","28"
"1499","3.110736846923828","3.110736846923828","3.110736846923828","29","29","29"
"1549","1.845819354057312","1.845819354057312","1.845819354057312","30","30","30"
"1599","2.34517765045166","2.34517765045166","2.34517765045166","31","31","31"
"1649","1.5747627019882202","1.5747627019882202","1.5747627019882202","32","32","32"
"1699","2.2644805908203125","2.2644805908203125","2.2644805908203125","33","33","33"
"1749","1.8788169622421265","1.8788169622421265","1.8788169622421265","34","34","34"
"1799","1.5098692178726196","1.5098692178726196","1.5098692178726196","35","35","35"
"1849","2.283015727996826","2.283015727996826","2.283015727996826","36","36","36"
"1899","2.529675006866455","2.529675006866455","2.529675006866455","37","37","37"
"1949","2.400773525238037","2.400773525238037","2.400773525238037","38","38","38"
"1999","4.423081398010254","4.423081398010254","4.423081398010254","39","39","39"
"2049","3.375225067138672","3.375225067138672","3.375225067138672","40","40","40"
"2099","2.827907085418701","2.827907085418701","2.827907085418701","41","41","41"
"2149","3.453437566757202","3.453437566757202","3.453437566757202","42","42","42"
"2199","3.867918014526367","3.867918014526367","3.867918014526367","43","43","43"
"2249","1.1178669929504395","1.1178669929504395","1.1178669929504395","44","44","44"
"2299","2.658048391342163","2.658048391342163","2.658048391342163","45","45","45"
"2349","2.5625064373016357","2.5625064373016357","2.5625064373016357","46","46","46"
"2399","2.866460084915161","2.866460084915161","2.866460084915161","47","47","47"
"2449","2.3883821964263916","2.3883821964263916","2.3883821964263916","48","48","48"
"2499","4.1612868309021","4.1612868309021","4.1612868309021","49","49","49"
"2549","2.7283670902252197","2.7283670902252197","2.7283670902252197","50","50","50"
"2599","1.9337506294250488","1.9337506294250488","1.9337506294250488","51","51","51"
"2649","2.431119918823242","2.431119918823242","2.431119918823242","52","52","52"
"2699","3.1376962661743164","3.1376962661743164","3.1376962661743164","53","53","53"
"2749","1.3347315788269043","1.3347315788269043","1.3347315788269043","54","54","54"
"2799","2.920254945755005","2.920254945755005","2.920254945755005","55","55","55"
"2849","1.9920194149017334","1.9920194149017334","1.9920194149017334","56","56","56"
"2899","2.9531266689300537","2.9531266689300537","2.9531266689300537","57","57","57"
"2949","3.314469814300537","3.314469814300537","3.314469814300537","58","58","58"
"2999","2.163862705230713","2.163862705230713","2.163862705230713","59","59","59"
"3049","3.100527286529541","3.100527286529541","3.100527286529541","60","60","60"
"3099","3.3973472118377686","3.3973472118377686","3.3973472118377686","61","61","61"
"3149","2.862818479537964","2.862818479537964","2.862818479537964","62","62","62"
"3199","2.5481576919555664","2.5481576919555664","2.5481576919555664","63","63","63"
"3249","2.643623113632202","2.643623113632202","2.643623113632202","64","64","64"
"3299","2.2745046615600586","2.2745046615600586","2.2745046615600586","65","65","65"
"3349","2.4029626846313477","2.4029626846313477","2.4029626846313477","66","66","66"
"3399","1.8448173999786377","1.8448173999786377","1.8448173999786377","67","67","67"
"3449","2.07356858253479","2.07356858253479","2.07356858253479","68","68","68"
"3499","1.9574936628341675","1.9574936628341675","1.9574936628341675","69","69","69"
"3549","2.6231448650360107","2.6231448650360107","2.6231448650360107","70","70","70"
"3599","1.347269058227539","1.347269058227539","1.347269058227539","71","71","71"
"3649","2.3962864875793457","2.3962864875793457","2.3962864875793457","72","72","72"
"3699","3.373995065689087","3.373995065689087","3.373995065689087","73","73","73"
"3749","3.125173568725586","3.125173568725586","3.125173568725586","74","74","74"
"3799","3.5950393676757812","3.5950393676757812","3.5950393676757812","75","75","75"
"3849","2.0149378776550293","2.0149378776550293","2.0149378776550293","76","76","76"
"3899","4.02431583404541","4.02431583404541","4.02431583404541","77","77","77"
"3949","2.0449798107147217","2.0449798107147217","2.0449798107147217","78","78","78"
"3999","2.7416939735412598","2.7416939735412598","2.7416939735412598","79","79","79"
"4049","4.543910503387451","4.543910503387451","4.543910503387451","80","80","80"
"4099","2.8680319786071777","2.8680319786071777","2.8680319786071777","81","81","81"
"4149","2.582900047302246","2.582900047302246","2.582900047302246","82","82","82"
"4199","1.700705647468567","1.700705647468567","1.700705647468567","83","83","83"
"4249","2.3844642639160156","2.3844642639160156","2.3844642639160156","84","84","84"
"4299","1.9790626764297485","1.9790626764297485","1.9790626764297485","85","85","85"
"4349","1.7109639644622803","1.7109639644622803","1.7109639644622803","86","86","86"
"4399","3.120669364929199","3.120669364929199","3.120669364929199","87","87","87"
"4449","2.762744903564453","2.762744903564453","2.762744903564453","88","88","88"
"4499","3.057206630706787","3.057206630706787","3.057206630706787","89","89","89"
"4549","1.6466875076293945","1.6466875076293945","1.6466875076293945","90","90","90"
"4599","3.0895087718963623","3.0895087718963623","3.0895087718963623","91","91","91"
"4649","2.360553026199341","2.360553026199341","2.360553026199341","92","92","92"
"4699","2.255180835723877","2.255180835723877","2.255180835723877","93","93","93"
"4749","3.161998748779297","3.161998748779297","3.161998748779297","94","94","94"
"4799","2.9913218021392822","2.9913218021392822","2.9913218021392822","95","95","95"
"4849","3.1268045902252197","3.1268045902252197","3.1268045902252197","96","96","96"
"4899","1.7072376012802124","1.7072376012802124","1.7072376012802124","97","97","97"
"4949","2.1490089893341064","2.1490089893341064","2.1490089893341064","98","98","98"
"4999","2.3854613304138184","2.3854613304138184","2.3854613304138184","99","99","99"
"5049","2.2269906997680664","2.2269906997680664","2.2269906997680664","101","101","101"
"5099","3.157243251800537","3.157243251800537","3.157243251800537","102","102","102"
"5149","2.578768491744995","2.578768491744995","2.578768491744995","103","103","103"
"5199","2.5618090629577637","2.5618090629577637","2.5618090629577637","104","104","104"
"5249","1.5742532014846802","1.5742532014846802","1.5742532014846802","105","105","105"
"5299","1.6408195495605469","1.6408195495605469","1.6408195495605469","106","106","106"
"5349","2.672934055328369","2.672934055328369","2.672934055328369","107","107","107"
"5399","2.758554220199585","2.758554220199585","2.758554220199585","108","108","108"
"5449","3.13565731048584","3.13565731048584","3.13565731048584","109","109","109"
"5499","2.1424129009246826","2.1424129009246826","2.1424129009246826","110","110","110"
"5549","2.074834108352661","2.074834108352661","2.074834108352661","111","111","111"
"5599","2.4536004066467285","2.4536004066467285","2.4536004066467285","112","112","112"
"5649","4.34108829498291","4.34108829498291","4.34108829498291","113","113","113"
"5699","3.57114577293396","3.57114577293396","3.57114577293396","114","114","114"
"5749","1.6011033058166504","1.6011033058166504","1.6011033058166504","115","115","115"
"5799","1.697480320930481","1.697480320930481","1.697480320930481","116","116","116"
"5849","2.056084156036377","2.056084156036377","2.056084156036377","117","117","117"
"5899","1.8532459735870361","1.8532459735870361","1.8532459735870361","118","118","118"
"5949","1.5941646099090576","1.5941646099090576","1.5941646099090576","119","119","119"
"5999","2.0572147369384766","2.0572147369384766","2.0572147369384766","120","120","120"
"6049","2.4710497856140137","2.4710497856140137","2.4710497856140137","121","121","121"
"6099","3.6261510848999023","3.6261510848999023","3.6261510848999023","122","122","122"
"6149","1.4081307649612427","1.4081307649612427","1.4081307649612427","123","123","123"
"6199","2.1598634719848633","2.1598634719848633","2.1598634719848633","124","124","124"
"6249","3.4443702697753906","3.4443702697753906","3.4443702697753906","125","125","125"
"6299","1.846780776977539","1.846780776977539","1.846780776977539","126","126","126"
"6349","2.941830635070801","2.941830635070801","2.941830635070801","127","127","127"
"6399","2.5384509563446045","2.5384509563446045","2.5384509563446045","128","128","128"
"6449","1.3802605867385864","1.3802605867385864","1.3802605867385864","129","129","129"
"6499","2.7603728771209717","2.7603728771209717","2.7603728771209717","130","130","130"
"6549","2.1242876052856445","2.1242876052856445","2.1242876052856445","131","131","131"
"6599","2.555100440979004","2.555100440979004","2.555100440979004","132","132","132"
"6649","2.6943230628967285","2.6943230628967285","2.6943230628967285","133","133","133"
"6699","2.504321336746216","2.504321336746216","2.504321336746216","134","134","134"
"6749","2.201392650604248","2.201392650604248","2.201392650604248","135","135","135"
"6799","3.649242877960205","3.649242877960205","3.649242877960205","136","136","136"
"6849","3.5167999267578125","3.5167999267578125","3.5167999267578125","137","137","137"
"6899","2.2082881927490234","2.2082881927490234","2.2082881927490234","138","138","138"
"6949","3.490002155303955","3.490002155303955","3.490002155303955","139","139","139"
"6999","2.6524338722229004","2.6524338722229004","2.6524338722229004","140","140","140"
"7049","3.0396533012390137","3.0396533012390137","3.0396533012390137","141","141","141"
"7099","2.653545379638672","2.653545379638672","2.653545379638672","142","142","142"
"7149","2.838740825653076","2.838740825653076","2.838740825653076","143","143","143"
"7199","2.2549548149108887","2.2549548149108887","2.2549548149108887","144","144","144"
"7249","2.1229407787323","2.1229407787323","2.1229407787323","145","145","145"
"7299","1.6837913990020752","1.6837913990020752","1.6837913990020752","146","146","146"
"7349","1.7113392353057861","1.7113392353057861","1.7113392353057861","147","147","147"
"7399","2.8291015625","2.8291015625","2.8291015625","148","148","148"
"7449","4.225124359130859","4.225124359130859","4.225124359130859","149","149","149"
"7499","2.6224513053894043","2.6224513053894043","2.6224513053894043","150","150","150"
"7549","2.0262694358825684","2.0262694358825684","2.0262694358825684","151","151","151"
"7599","2.1571547985076904","2.1571547985076904","2.1571547985076904","152","152","152"
"7649","3.5930347442626953","3.5930347442626953","3.5930347442626953","153","153","153"
"7699","2.9326038360595703","2.9326038360595703","2.9326038360595703","154","154","154"
"7749","3.4753386974334717","3.4753386974334717","3.4753386974334717","155","155","155"
"7799","1.8053908348083496","1.8053908348083496","1.8053908348083496","156","156","156"
"7849","1.7473475933074951","1.7473475933074951","1.7473475933074951","157","157","157"
"7899","1.9810993671417236","1.9810993671417236","1.9810993671417236","158","158","158"
"7949","2.451669931411743","2.451669931411743","2.451669931411743","159","159","159"
"7999","4.2549285888671875","4.2549285888671875","4.2549285888671875","160","160","160"
"8049","1.6397380828857422","1.6397380828857422","1.6397380828857422","161","161","161"
"8099","2.627869129180908","2.627869129180908","2.627869129180908","162","162","162"
"8149","2.1291558742523193","2.1291558742523193","2.1291558742523193","163","163","163"
"8199","2.462907314300537","2.462907314300537","2.462907314300537","164","164","164"
"8249","2.8798506259918213","2.8798506259918213","2.8798506259918213","165","165","165"
"8299","1.5326499938964844","1.5326499938964844","1.5326499938964844","166","166","166"
"8349","1.828059196472168","1.828059196472168","1.828059196472168","167","167","167"
"8399","2.9893226623535156","2.9893226623535156","2.9893226623535156","168","168","168"
"8449","1.87943434715271","1.87943434715271","1.87943434715271","169","169","169"
"8499","2.353360652923584","2.353360652923584","2.353360652923584","170","170","170"
"8549","2.3890914916992188","2.3890914916992188","2.3890914916992188","171","171","171"
"8599","3.0103392601013184","3.0103392601013184","3.0103392601013184","172","172","172"
"8649","2.087171792984009","2.087171792984009","2.087171792984009","173","173","173"
"8699","2.565952777862549","2.565952777862549","2.565952777862549","174","174","174"
"8749","2.262420177459717","2.262420177459717","2.262420177459717","175","175","175"
"8799","2.7580888271331787","2.7580888271331787","2.7580888271331787","176","176","176"
"8849","2.3089890480041504","2.3089890480041504","2.3089890480041504","177","177","177"
"8899","2.185241460800171","2.185241460800171","2.185241460800171","178","178","178"
"8949","2.150290012359619","2.150290012359619","2.150290012359619","179","179","179"
"8999","1.5777456760406494","1.5777456760406494","1.5777456760406494","180","180","180"
"9049","4.277472496032715","4.277472496032715","4.277472496032715","181","181","181"
"9099","3.100476026535034","3.100476026535034","3.100476026535034","182","182","182"
"9149","2.1427199840545654","2.1427199840545654","2.1427199840545654","183","183","183"
"9199","2.0626723766326904","2.0626723766326904","2.0626723766326904","184","184","184"
"9249","2.336979389190674","2.336979389190674","2.336979389190674","185","185","185"
"9299","1.552762746810913","1.552762746810913","1.552762746810913","186","186","186"
"9349","2.536377429962158","2.536377429962158","2.536377429962158","187","187","187"
"9399","1.6946625709533691","1.6946625709533691","1.6946625709533691","188","188","188"
"9449","2.0500986576080322","2.0500986576080322","2.0500986576080322","189","189","189"
"9499","3.632133960723877","3.632133960723877","3.632133960723877","190","190","190"
"9549","1.6657379865646362","1.6657379865646362","1.6657379865646362","191","191","191"
"9599","1.6339819431304932","1.6339819431304932","1.6339819431304932","192","192","192"
"9649","2.2535901069641113","2.2535901069641113","2.2535901069641113","193","193","193"
"9699","2.775064706802368","2.775064706802368","2.775064706802368","194","194","194"
"9749","2.2929012775421143","2.2929012775421143","2.2929012775421143","195","195","195"
"9799","1.1627180576324463","1.1627180576324463","1.1627180576324463","196","196","196"
"9849","2.1640896797180176","2.1640896797180176","2.1640896797180176","197","197","197"
"9899","3.680563449859619","3.680563449859619","3.680563449859619","198","198","198"
"9949","2.511443614959717","2.511443614959717","2.511443614959717","199","199","199"
"9999","3.2688369750976562","3.2688369750976562","3.2688369750976562","200","200","200"
"10049","2.6214585304260254","2.6214585304260254","2.6214585304260254","202","202","202"
"10099","3.7598655223846436","3.7598655223846436","3.7598655223846436","203","203","203"
"10149","2.60146427154541","2.60146427154541","2.60146427154541","204","204","204"
"10199","2.5680201053619385","2.5680201053619385","2.5680201053619385","205","205","205"
"10249","2.052474021911621","2.052474021911621","2.052474021911621","206","206","206"
"10299","2.3113293647766113","2.3113293647766113","2.3113293647766113","207","207","207"
"10349","3.4901862144470215","3.4901862144470215","3.4901862144470215","208","208","208"
"10399","2.4711201190948486","2.4711201190948486","2.4711201190948486","209","209","209"
"10449","1.6697280406951904","1.6697280406951904","1.6697280406951904","210","210","210"
"10499","1.2575345039367676","1.2575345039367676","1.2575345039367676","211","211","211"
"10549","1.2628041505813599","1.2628041505813599","1.2628041505813599","212","212","212"
"10599","3.430392026901245","3.430392026901245","3.430392026901245","213","213","213"
"10649","2.572808265686035","2.572808265686035","2.572808265686035","214","214","214"
"10699","2.250875949859619","2.250875949859619","2.250875949859619","215","215","215"
"10749","2.4069437980651855","2.4069437980651855","2.4069437980651855","216","216","216"
"10799","4.257513999938965","4.257513999938965","4.257513999938965","217","217","217"
"10849","1.8249725103378296","1.8249725103378296","1.8249725103378296","218","218","218"
"10899","3.491835117340088","3.491835117340088","3.491835117340088","219","219","219"
"10949","1.8543106317520142","1.8543106317520142","1.8543106317520142","220","220","220"
"10999","1.8110004663467407","1.8110004663467407","1.8110004663467407","221","221","221"
"11049","2.085968494415283","2.085968494415283","2.085968494415283","222","222","222"
"11099","2.049421548843384","2.049421548843384","2.049421548843384","223","223","223"
"11149","2.020050525665283","2.020050525665283","2.020050525665283","224","224","224"
"11199","2.1870381832122803","2.1870381832122803","2.1870381832122803","225","225","225"
"11249","3.6263210773468018","3.6263210773468018","3.6263210773468018","226","226","226"
"11299","3.1374478340148926","3.1374478340148926","3.1374478340148926","227","227","227"
"11349","2.914262056350708","2.914262056350708","2.914262056350708","228","228","228"
"11399","2.238637924194336","2.238637924194336","2.238637924194336","229","229","229"
"11449","1.9193511009216309","1.9193511009216309","1.9193511009216309","230","230","230"
"11499","2.8410589694976807","2.8410589694976807","2.8410589694976807","231","231","231"
"11549","2.2161953449249268","2.2161953449249268","2.2161953449249268","232","232","232"
"11599","2.8327622413635254","2.8327622413635254","2.8327622413635254","233","233","233"
"11649","2.048006534576416","2.048006534576416","2.048006534576416","234","234","234"
"11699","1.6686573028564453","1.6686573028564453","1.6686573028564453","235","235","235"
"11749","2.415191173553467","2.415191173553467","2.415191173553467","236","236","236"
"11799","1.4052340984344482","1.4052340984344482","1.4052340984344482","237","237","237"
"11849","2.199523448944092","2.199523448944092","2.199523448944092","238","238","238"
"11899","2.5839571952819824","2.5839571952819824","2.5839571952819824","239","239","239"
"11949","2.2102162837982178","2.2102162837982178","2.2102162837982178","240","240","240"
"11999","1.3821965456008911","1.3821965456008911","1.3821965456008911","241","241","241"
"12049","1.9556200504302979","1.9556200504302979","1.9556200504302979","242","242","242"
"12099","2.3390674591064453","2.3390674591064453","2.3390674591064453","243","243","243"
"12149","2.083916664123535","2.083916664123535","2.083916664123535","244","244","244"
"12199","2.839970111846924","2.839970111846924","2.839970111846924","245","245","245"
"12249","1.4588143825531006","1.4588143825531006","1.4588143825531006","246","246","246"
"12299","1.9820345640182495","1.9820345640182495","1.9820345640182495","247","247","247"
"12349","1.6912686824798584","1.6912686824798584","1.6912686824798584","248","248","248"
"12399","1.5785057544708252","1.5785057544708252","1.5785057544708252","249","249","249"
"12449","1.7762413024902344","1.7762413024902344","1.7762413024902344","250","250","250"
"12499","3.330746650695801","3.330746650695801","3.330746650695801","251","251","251"
"12549","2.2363905906677246","2.2363905906677246","2.2363905906677246","252","252","252"
"12599","3.2254087924957275","3.2254087924957275","3.2254087924957275","253","253","253"
"12649","2.722074031829834","2.722074031829834","2.722074031829834","254","254","254"
"12699","2.8011317253112793","2.8011317253112793","2.8011317253112793","255","255","255"
"12749","1.65799880027771","1.65799880027771","1.65799880027771","256","256","256"
"12799","1.6602293252944946","1.6602293252944946","1.6602293252944946","257","257","257"
"12849","2.581928014755249","2.581928014755249","2.581928014755249","258","258","258"
"12899","1.7192528247833252","1.7192528247833252","1.7192528247833252","259","259","259"
"12949","2.4309732913970947","2.4309732913970947","2.4309732913970947","260","260","260"
"12999","0.9748854637145996","0.9748854637145996","0.9748854637145996","261","261","261"
"13049","3.130589485168457","3.130589485168457","3.130589485168457","262","262","262"
"13099","1.9211862087249756","1.9211862087249756","1.9211862087249756","263","263","263"
"13149","2.8486971855163574","2.8486971855163574","2.8486971855163574","264","264","264"
"13199","2.5713207721710205","2.5713207721710205","2.5713207721710205","265","265","265"
"13249","3.3686883449554443","3.3686883449554443","3.3686883449554443","266","266","266"
"13299","2.210890054702759","2.210890054702759","2.210890054702759","267","267","267"
"13349","1.564054012298584","1.564054012298584","1.564054012298584","268","268","268"
"13399","2.2079849243164062","2.2079849243164062","2.2079849243164062","269","269","269"
"13449","2.0929412841796875","2.0929412841796875","2.0929412841796875","270","270","270"
"13499","2.493642807006836","2.493642807006836","2.493642807006836","271","271","271"
"13549","2.678837776184082","2.678837776184082","2.678837776184082","272","272","272"
"13599","1.3312790393829346","1.3312790393829346","1.3312790393829346","273","273","273"
"13649","2.1419126987457275","2.1419126987457275","2.1419126987457275","274","274","274"
"13699","2.3979671001434326","2.3979671001434326","2.3979671001434326","275","275","275"
"13749","1.4463704824447632","1.4463704824447632","1.4463704824447632","276","276","276"
"13799","2.353811025619507","2.353811025619507","2.353811025619507","277","277","277"
"13849","2.4158456325531006","2.4158456325531006","2.4158456325531006","278","278","278"
"13899","3.50563383102417","3.50563383102417","3.50563383102417","279","279","279"
"13949","1.7978310585021973","1.7978310585021973","1.7978310585021973","280","280","280"
"13999","2.618884801864624","2.618884801864624","2.618884801864624","281","281","281"
"14049","2.166536808013916","2.166536808013916","2.166536808013916","282","282","282"
"14099","1.8062262535095215","1.8062262535095215","1.8062262535095215","283","283","283"
"14149","1.8202290534973145","1.8202290534973145","1.8202290534973145","284","284","284"
"14199","2.9963808059692383","2.9963808059692383","2.9963808059692383","285","285","285"
"14249","2.948000431060791","2.948000431060791","2.948000431060791","286","286","286"
"14299","2.549229860305786","2.549229860305786","2.549229860305786","287","287","287"
"14349","2.663548469543457","2.663548469543457","2.663548469543457","288","288","288"
"14399","1.3671337366104126","1.3671337366104126","1.3671337366104126","289","289","289"
"14449","2.343700408935547","2.343700408935547","2.343700408935547","290","290","290"
"14499","1.7683013677597046","1.7683013677597046","1.7683013677597046","291","291","291"
"14549","1.3464546203613281","1.3464546203613281","1.3464546203613281","292","292","292"
"14599","1.9736305475234985","1.9736305475234985","1.9736305475234985","293","293","293"
"14649","1.6573126316070557","1.6573126316070557","1.6573126316070557","294","294","294"
"14699","2.9660582542419434","2.9660582542419434","2.9660582542419434","295","295","295"
"14749","2.913727045059204","2.913727045059204","2.913727045059204","296","296","296"
"14799","2.38952898979187","2.38952898979187","2.38952898979187","297","297","297"
"14849","1.6944571733474731","1.6944571733474731","1.6944571733474731","298","298","298"
"14899","2.504481315612793","2.504481315612793","2.504481315612793","299","299","299"
"14949","1.9415218830108643","1.9415218830108643","1.9415218830108643","300","300","300"
"14999","1.2761123180389404","1.2761123180389404","1.2761123180389404","301","301","301"
"15049","1.703339695930481","1.703339695930481","1.703339695930481","303","303","303"
"15099","2.3337488174438477","2.3337488174438477","2.3337488174438477","304","304","304"
"15149","1.9829380512237549","1.9829380512237549","1.9829380512237549","305","305","305"
"15199","1.4689630270004272","1.4689630270004272","1.4689630270004272","306","306","306"
"15249","2.6408660411834717","2.6408660411834717","2.6408660411834717","307","307","307"
"15299","1.5981823205947876","1.5981823205947876","1.5981823205947876","308","308","308"
"15349","1.801910161972046","1.801910161972046","1.801910161972046","309","309","309"
"15399","2.0998430252075195","2.0998430252075195","2.0998430252075195","310","310","310"
"15449","2.709165096282959","2.709165096282959","2.709165096282959","311","311","311"
"15499","1.9490866661071777","1.9490866661071777","1.9490866661071777","312","312","312"
"15549","2.419893980026245","2.419893980026245","2.419893980026245","313","313","313"
"15599","2.3513450622558594","2.3513450622558594","2.3513450622558594","314","314","314"
"15649","2.3601160049438477","2.3601160049438477","2.3601160049438477","315","315","315"
"15699","1.7315776348114014","1.7315776348114014","1.7315776348114014","316","316","316"
"15749","1.8307561874389648","1.8307561874389648","1.8307561874389648","317","317","317"
"15799","2.6242733001708984","2.6242733001708984","2.6242733001708984","318","318","318"
"15849","2.1017189025878906","2.1017189025878906","2.1017189025878906","319","319","319"
"15899","1.552428960800171","1.552428960800171","1.552428960800171","320","320","320"
"15949","1.5430271625518799","1.5430271625518799","1.5430271625518799","321","321","321"
"15999","2.220698833465576","2.220698833465576","2.220698833465576","322","322","322"
"16049","2.118366003036499","2.118366003036499","2.118366003036499","323","323","323"
"16099","1.6102901697158813","1.6102901697158813","1.6102901697158813","324","324","324"
"16149","2.6377017498016357","2.6377017498016357","2.6377017498016357","325","325","325"
"16199","2.1362385749816895","2.1362385749816895","2.1362385749816895","326","326","326"
"16249","1.5804367065429688","1.5804367065429688","1.5804367065429688","327","327","327"
"16299","2.6941540241241455","2.6941540241241455","2.6941540241241455","328","328","328"
"16349","1.2454006671905518","1.2454006671905518","1.2454006671905518","329","329","329"
"16399","1.7923269271850586","1.7923269271850586","1.7923269271850586","330","330","330"
"16449","3.630720853805542","3.630720853805542","3.630720853805542","331","331","331"
"16499","1.9854120016098022","1.9854120016098022","1.9854120016098022","332","332","332"
"16549","2.2709507942199707","2.2709507942199707","2.2709507942199707","333","333","333"
"16599","1.4606744050979614","1.4606744050979614","1.4606744050979614","334","334","334"
"16649","2.0873610973358154","2.0873610973358154","2.0873610973358154","335","335","335"
"16699","1.6022812128067017","1.6022812128067017","1.6022812128067017","336","336","336"
"16749","1.4975841045379639","1.4975841045379639","1.4975841045379639","337","337","337"
"16799","1.7873430252075195","1.7873430252075195","1.7873430252075195","338","338","338"
"16849","1.3316998481750488","1.3316998481750488","1.3316998481750488","339","339","339"
"16899","1.4435961246490479","1.4435961246490479","1.4435961246490479","340","340","340"
"16949","1.33958101272583","1.33958101272583","1.33958101272583","341","341","341"
"16999","1.486127495765686","1.486127495765686","1.486127495765686","342","342","342"
"17049","1.5233210325241089","1.5233210325241089","1.5233210325241089","343","343","343"
"17099","3.426762104034424","3.426762104034424","3.426762104034424","344","344","344"
"17149","2.3403501510620117","2.3403501510620117","2.3403501510620117","345","345","345"
"17199","2.848259687423706","2.848259687423706","2.848259687423706","346","346","346"
"17249","1.6370158195495605","1.6370158195495605","1.6370158195495605","347","347","347"
"17299","1.711946964263916","1.711946964263916","1.711946964263916","348","348","348"
"17349","2.2281391620635986","2.2281391620635986","2.2281391620635986","349","349","349"
"17399","1.8724470138549805","1.8724470138549805","1.8724470138549805","350","350","350"
"17449","1.9052690267562866","1.9052690267562866","1.9052690267562866","351","351","351"
"17499","1.4095624685287476","1.4095624685287476","1.4095624685287476","352","352","352"
"17549","2.0318117141723633","2.0318117141723633","2.0318117141723633","353","353","353"
"17599","2.245657205581665","2.245657205581665","2.245657205581665","354","354","354"
"17649","1.8798131942749023","1.8798131942749023","1.8798131942749023","355","355","355"
"17699","1.433968186378479","1.433968186378479","1.433968186378479","356","356","356"
"17749","1.052657127380371","1.052657127380371","1.052657127380371","357","357","357"
"17799","2.042429208755493","2.042429208755493","2.042429208755493","358","358","358"
"17849","1.8304314613342285","1.8304314613342285","1.8304314613342285","359","359","359"
"17899","1.6054584980010986","1.6054584980010986","1.6054584980010986","360","360","360"
"17949","3.5364127159118652","3.5364127159118652","3.5364127159118652","361","361","361"
"17999","1.911754846572876","1.911754846572876","1.911754846572876","362","362","362"
"18049","1.9243402481079102","1.9243402481079102","1.9243402481079102","363","363","363"
"18099","1.3016934394836426","1.3016934394836426","1.3016934394836426","364","364","364"
"18149","1.9690978527069092","1.9690978527069092","1.9690978527069092","365","365","365"
"18199","2.0338284969329834","2.0338284969329834","2.0338284969329834","366","366","366"
"18249","1.3387569189071655","1.3387569189071655","1.3387569189071655","367","367","367"
"18299","1.3912110328674316","1.3912110328674316","1.3912110328674316","368","368","368"
"18349","1.7629096508026123","1.7629096508026123","1.7629096508026123","369","369","369"
"18399","1.3242546319961548","1.3242546319961548","1.3242546319961548","370","370","370"
"18449","1.9378631114959717","1.9378631114959717","1.9378631114959717","371","371","371"
"18499","1.522240400314331","1.522240400314331","1.522240400314331","372","372","372"
"18549","2.8120503425598145","2.8120503425598145","2.8120503425598145","373","373","373"
"18599","2.183803081512451","2.183803081512451","2.183803081512451","374","374","374"
"18649","1.344768762588501","1.344768762588501","1.344768762588501","375","375","375"
"18699","1.349713683128357","1.349713683128357","1.349713683128357","376","376","376"
"18749","1.7631356716156006","1.7631356716156006","1.7631356716156006","377","377","377"
"18799","1.5626896619796753","1.5626896619796753","1.5626896619796753","378","378","378"
"18849","2.0687954425811768","2.0687954425811768","2.0687954425811768","379","379","379"
"18899","1.3979698419570923","1.3979698419570923","1.3979698419570923","380","380","380"
"18949","1.268848180770874","1.268848180770874","1.268848180770874","381","381","381"
"18999","1.8026947975158691","1.8026947975158691","1.8026947975158691","382","382","382"
"19049","1.7081660032272339","1.7081660032272339","1.7081660032272339","383","383","383"
"19099","1.3939157724380493","1.3939157724380493","1.3939157724380493","384","384","384"
"19149","2.0178475379943848","2.0178475379943848","2.0178475379943848","385","385","385"
"19199","2.1068813800811768","2.1068813800811768","2.1068813800811768","386","386","386"
"19249","1.9472153186798096","1.9472153186798096","1.9472153186798096","387","387","387"
"19299","1.5502740144729614","1.5502740144729614","1.5502740144729614","388","388","388"
"19349","1.9935578107833862","1.9935578107833862","1.9935578107833862","389","389","389"
"19399","1.525119662284851","1.525119662284851","1.525119662284851","390","390","390"
"19449","1.7675206661224365","1.7675206661224365","1.7675206661224365","391","391","391"
"19499","3.1663007736206055","3.1663007736206055","3.1663007736206055","392","392","392"
"19549","1.7467161417007446","1.7467161417007446","1.7467161417007446","393","393","393"
"19599","2.568664073944092","2.568664073944092","2.568664073944092","394","394","394"
"19649","3.3127143383026123","3.3127143383026123","3.3127143383026123","395","395","395"
"19699","1.53383207321167","1.53383207321167","1.53383207321167","396","396","396"
"19749","1.0611684322357178","1.0611684322357178","1.0611684322357178","397","397","397"
"19799","1.9316011667251587","1.9316011667251587","1.9316011667251587","398","398","398"
"19849","1.8064969778060913","1.8064969778060913","1.8064969778060913","399","399","399"
"19899","1.3386142253875732","1.3386142253875732","1.3386142253875732","400","400","400"
"19949","1.841996431350708","1.841996431350708","1.841996431350708","401","401","401"
"19999","1.6401208639144897","1.6401208639144897","1.6401208639144897","402","402","402"
"20049","2.429262161254883","2.429262161254883","2.429262161254883","404","404","404"
"20099","4.170812129974365","4.170812129974365","4.170812129974365","405","405","405"
"20149","1.9694268703460693","1.9694268703460693","1.9694268703460693","406","406","406"
"20199","1.4858982563018799","1.4858982563018799","1.4858982563018799","407","407","407"
"20249","2.3242926597595215","2.3242926597595215","2.3242926597595215","408","408","408"
"20299","1.963404655456543","1.963404655456543","1.963404655456543","409","409","409"
"20349","2.2733712196350098","2.2733712196350098","2.2733712196350098","410","410","410"
"20399","1.1950888633728027","1.1950888633728027","1.1950888633728027","411","411","411"
"20449","1.42451810836792","1.42451810836792","1.42451810836792","412","412","412"
"20499","1.97953200340271","1.97953200340271","1.97953200340271","413","413","413"
"20549","1.5415500402450562","1.5415500402450562","1.5415500402450562","414","414","414"
"20599","1.9725422859191895","1.9725422859191895","1.9725422859191895","415","415","415"
"20649","2.0883922576904297","2.0883922576904297","2.0883922576904297","416","416","416"
"20699","2.371478319168091","2.371478319168091","2.371478319168091","417","417","417"
"20749","1.0925536155700684","1.0925536155700684","1.0925536155700684","418","418","418"
"20799","2.4204306602478027","2.4204306602478027","2.4204306602478027","419","419","419"
"20849","1.998094081878662","1.998094081878662","1.998094081878662","420","420","420"
"20899","1.8906495571136475","1.8906495571136475","1.8906495571136475","421","421","421"
"20949","1.2574191093444824","1.2574191093444824","1.2574191093444824","422","422","422"
"20999","2.2612173557281494","2.2612173557281494","2.2612173557281494","423","423","423"
"21049","2.6152608394622803","2.6152608394622803","2.6152608394622803","424","424","424"
"21099","2.2026350498199463","2.2026350498199463","2.2026350498199463","425","425","425"
"21149","1.755760908126831","1.755760908126831","1.755760908126831","426","426","426"
"21199","1.2483330965042114","1.2483330965042114","1.2483330965042114","427","427","427"
"21249","1.7993669509887695","1.7993669509887695","1.7993669509887695","428","428","428"
"21299","1.716245174407959","1.716245174407959","1.716245174407959","429","429","429"
"21349","2.6609175205230713","2.6609175205230713","2.6609175205230713","430","430","430"
"21399","2.5006494522094727","2.5006494522094727","2.5006494522094727","431","431","431"
"21449","1.7738795280456543","1.7738795280456543","1.7738795280456543","432","432","432"
"21499","1.5966657400131226","1.5966657400131226","1.5966657400131226","433","433","433"
"21549","2.2044053077697754","2.2044053077697754","2.2044053077697754","434","434","434"
"21599","1.7345478534698486","1.7345478534698486","1.7345478534698486","435","435","435"
"21649","2.015159845352173","2.015159845352173","2.015159845352173","436","436","436"
"21699","1.5014654397964478","1.5014654397964478","1.5014654397964478","437","437","437"
"21749","1.5746124982833862","1.5746124982833862","1.5746124982833862","438","438","438"
"21799","1.3928630352020264","1.3928630352020264","1.3928630352020264","439","439","439"
"21849","1.4773942232131958","1.4773942232131958","1.4773942232131958","440","440","440"
"21899","2.0895209312438965","2.0895209312438965","2.0895209312438965","441","441","441"
"21949","1.6778080463409424","1.6778080463409424","1.6778080463409424","442","442","442"
"21999","1.788510799407959","1.788510799407959","1.788510799407959","443","443","443"
"22049","2.240349769592285","2.240349769592285","2.240349769592285","444","444","444"
"22099","2.248049736022949","2.248049736022949","2.248049736022949","445","445","445"
"22149","2.3287971019744873","2.3287971019744873","2.3287971019744873","446","446","446"
"22199","0.8672608733177185","0.8672608733177185","0.8672608733177185","447","447","447"
"22249","1.632756233215332","1.632756233215332","1.632756233215332","448","448","448"
"22299","1.7704657316207886","1.7704657316207886","1.7704657316207886","449","449","449"
"22349","2.7547030448913574","2.7547030448913574","2.7547030448913574","450","450","450"
"22399","2.172736644744873","2.172736644744873","2.172736644744873","451","451","451"
"22449","2.0124597549438477","2.0124597549438477","2.0124597549438477","452","452","452"
"22499","2.1436572074890137","2.1436572074890137","2.1436572074890137","453","453","453"
"22549","1.3676424026489258","1.3676424026489258","1.3676424026489258","454","454","454"
"22599","1.6889511346817017","1.6889511346817017","1.6889511346817017","455","455","455"
"22649","2.188131809234619","2.188131809234619","2.188131809234619","456","456","456"
"22699","1.1750221252441406","1.1750221252441406","1.1750221252441406","457","457","457"
"22749","2.6794521808624268","2.6794521808624268","2.6794521808624268","458","458","458"
"22799","1.7342098951339722","1.7342098951339722","1.7342098951339722","459","459","459"
"22849","3.231635808944702","3.231635808944702","3.231635808944702","460","460","460"
"22899","1.789884328842163","1.789884328842163","1.789884328842163","461","461","461"
"22949","1.5023678541183472","1.5023678541183472","1.5023678541183472","462","462","462"
"22999","1.9403629302978516","1.9403629302978516","1.9403629302978516","463","463","463"
"23049","1.2865760326385498","1.2865760326385498","1.2865760326385498","464","464","464"
"23099","2.1311869621276855","2.1311869621276855","2.1311869621276855","465","465","465"
"23149","1.3125183582305908","1.3125183582305908","1.3125183582305908","466","466","466"
"23199","1.217252492904663","1.217252492904663","1.217252492904663","467","467","467"
"23249","1.3650398254394531","1.3650398254394531","1.3650398254394531","468","468","468"
"23299","1.428594946861267","1.428594946861267","1.428594946861267","469","469","469"
"23349","1.5664336681365967","1.5664336681365967","1.5664336681365967","470","470","470"
"23399","2.1413896083831787","2.1413896083831787","2.1413896083831787","471","471","471"
"23449","1.2899154424667358","1.2899154424667358","1.2899154424667358","472","472","472"
"23499","1.9595215320587158","1.9595215320587158","1.9595215320587158","473","473","473"
"23549","1.3185092210769653","1.3185092210769653","1.3185092210769653","474","474","474"
"23599","1.7949353456497192","1.7949353456497192","1.7949353456497192","475","475","475"
"23649","1.848886489868164","1.848886489868164","1.848886489868164","476","476","476"
"23699","1.9650529623031616","1.9650529623031616","1.9650529623031616","477","477","477"
"23749","2.2750461101531982","2.2750461101531982","2.2750461101531982","478","478","478"
"23799","2.362260580062866","2.362260580062866","2.362260580062866","479","479","479"
"23849","5.157966136932373","5.157966136932373","5.157966136932373","480","480","480"
"23899","1.2975945472717285","1.2975945472717285","1.2975945472717285","481","481","481"
"23949","2.116257667541504","2.116257667541504","2.116257667541504","482","482","482"
"23999","1.3153715133666992","1.3153715133666992","1.3153715133666992","483","483","483"
"24049","2.3409814834594727","2.3409814834594727","2.3409814834594727","484","484","484"
"24099","1.527334213256836","1.527334213256836","1.527334213256836","485","485","485"
"24149","3.080923080444336","3.080923080444336","3.080923080444336","486","486","486"
"24199","1.0947531461715698","1.0947531461715698","1.0947531461715698","487","487","487"
"24249","2.9096405506134033","2.9096405506134033","2.9096405506134033","488","488","488"
"24299","1.3405864238739014","1.3405864238739014","1.3405864238739014","489","489","489"
"24349","2.265756368637085","2.265756368637085","2.265756368637085","490","490","490"
"24399","2.0898828506469727","2.0898828506469727","2.0898828506469727","491","491","491"
"24449","1.2786686420440674","1.2786686420440674","1.2786686420440674","492","492","492"
"24499","1.9138247966766357","1.9138247966766357","1.9138247966766357","493","493","493"
"24549","1.3999946117401123","1.3999946117401123","1.3999946117401123","494","494","494"
"24599","1.61392080783844","1.61392080783844","1.61392080783844","495","495","495"
"24649","1.8664190769195557","1.8664190769195557","1.8664190769195557","496","496","496"
"24699","2.679762363433838","2.679762363433838","2.679762363433838","497","497","497"
"24749","1.487013816833496","1.487013816833496","1.487013816833496","498","498","498"
"24799","1.1504473686218262","1.1504473686218262","1.1504473686218262","499","499","499"
"24849","1.9297118186950684","1.9297118186950684","1.9297118186950684","500","500","500"
"24899","2.17594838142395","2.17594838142395","2.17594838142395","501","501","501"
"24949","1.4992986917495728","1.4992986917495728","1.4992986917495728","502","502","502"
"24999","1.224379539489746","1.224379539489746","1.224379539489746","503","503","503"
"25049","1.667736291885376","1.667736291885376","1.667736291885376","505","505","505"
"25099","2.888253688812256","2.888253688812256","2.888253688812256","506","506","506"
"25149","1.087588906288147","1.087588906288147","1.087588906288147","507","507","507"
"25199","1.524259090423584","1.524259090423584","1.524259090423584","508","508","508"
"25249","2.211981773376465","2.211981773376465","2.211981773376465","509","509","509"
"25299","1.3432410955429077","1.3432410955429077","1.3432410955429077","510","510","510"
"25349","1.0494256019592285","1.0494256019592285","1.0494256019592285","511","511","511"
"25399","1.3040579557418823","1.3040579557418823","1.3040579557418823","512","512","512"
"25449","2.761192560195923","2.761192560195923","2.761192560195923","513","513","513"
"25499","1.4826956987380981","1.4826956987380981","1.4826956987380981","514","514","514"
"25549","2.1080820560455322","2.1080820560455322","2.1080820560455322","515","515","515"
"25599","1.704219937324524","1.704219937324524","1.704219937324524","516","516","516"
"25649","1.2535250186920166","1.2535250186920166","1.2535250186920166","517","517","517"
"25699","1.612583875656128","1.612583875656128","1.612583875656128","518","518","518"
"25749","1.4418971538543701","1.4418971538543701","1.4418971538543701","519","519","519"
"25799","3.0633978843688965","3.0633978843688965","3.0633978843688965","520","520","520"
"25849","1.2967524528503418","1.2967524528503418","1.2967524528503418","521","521","521"
"25899","2.254676342010498","2.254676342010498","2.254676342010498","522","522","522"
"25949","1.911755084991455","1.911755084991455","1.911755084991455","523","523","523"
"25999","1.4840614795684814","1.4840614795684814","1.4840614795684814","524","524","524"
"26049","1.0864441394805908","1.0864441394805908","1.0864441394805908","525","525","525"
"26099","2.201321840286255","2.201321840286255","2.201321840286255","526","526","526"
"26149","2.084156036376953","2.084156036376953","2.084156036376953","527","527","527"
"26199","1.1958622932434082","1.1958622932434082","1.1958622932434082","528","528","528"
"26249","2.009080410003662","2.009080410003662","2.009080410003662","529","529","529"
"26299","1.8210078477859497","1.8210078477859497","1.8210078477859497","530","530","530"
"26349","1.814289927482605","1.814289927482605","1.814289927482605","531","531","531"
"26399","1.8005324602127075","1.8005324602127075","1.8005324602127075","532","532","532"
"26449","1.6360732316970825","1.6360732316970825","1.6360732316970825","533","533","533"
"26499","1.979124665260315","1.979124665260315","1.979124665260315","534","534","534"
"26549","2.622269868850708","2.622269868850708","2.622269868850708","535","535","535"
"26599","2.0958971977233887","2.0958971977233887","2.0958971977233887","536","536","536"
"26649","1.3628602027893066","1.3628602027893066","1.3628602027893066","537","537","537"
"26699","1.6427867412567139","1.6427867412567139","1.6427867412567139","538","538","538"
"26749","0.9595603346824646","0.9595603346824646","0.9595603346824646","539","539","539"
"26799","1.6718575954437256","1.6718575954437256","1.6718575954437256","540","540","540"
"26849","2.3556957244873047","2.3556957244873047","2.3556957244873047","541","541","541"
"26899","1.8860981464385986","1.8860981464385986","1.8860981464385986","542","542","542"
"26949","2.787631034851074","2.787631034851074","2.787631034851074","543","543","543"
"26999","2.2062876224517822","2.2062876224517822","2.2062876224517822","544","544","544"
"27049","2.057349443435669","2.057349443435669","2.057349443435669","545","545","545"
"27099","1.5491132736206055","1.5491132736206055","1.5491132736206055","546","546","546"
"27149","1.117375373840332","1.117375373840332","1.117375373840332","547","547","547"
"27199","1.340569019317627","1.340569019317627","1.340569019317627","548","548","548"
"27249","1.9867358207702637","1.9867358207702637","1.9867358207702637","549","549","549"
"27299","1.4659667015075684","1.4659667015075684","1.4659667015075684","550","550","550"
"27349","1.3691985607147217","1.3691985607147217","1.3691985607147217","551","551","551"
"27399","2.340153932571411","2.340153932571411","2.340153932571411","552","552","552"
"27449","1.9687879085540771","1.9687879085540771","1.9687879085540771","553","553","553"
"27499","2.7804348468780518","2.7804348468780518","2.7804348468780518","554","554","554"
"27549","1.347750186920166","1.347750186920166","1.347750186920166","555","555","555"
"27599","1.3048018217086792","1.3048018217086792","1.3048018217086792","556","556","556"
"27649","1.9614189863204956","1.9614189863204956","1.9614189863204956","557","557","557"
"27699","1.7681713104248047","1.7681713104248047","1.7681713104248047","558","558","558"
"27749","2.0886309146881104","2.0886309146881104","2.0886309146881104","559","559","559"
"27799","1.9511865377426147","1.9511865377426147","1.9511865377426147","560","560","560"
"27849","1.6108384132385254","1.6108384132385254","1.6108384132385254","561","561","561"
"27899","2.1530210971832275","2.1530210971832275","2.1530210971832275","562","562","562"
"27949","1.26649808883667","1.26649808883667","1.26649808883667","563","563","563"
"27999","1.271264672279358","1.271264672279358","1.271264672279358","564","564","564"
"28049","1.8666446208953857","1.8666446208953857","1.8666446208953857","565","565","565"
"28099","1.243506908416748","1.243506908416748","1.243506908416748","566","566","566"
"28149","2.039517641067505","2.039517641067505","2.039517641067505","567","567","567"
"28199","1.394578456878662","1.394578456878662","1.394578456878662","568","568","568"
"28249","1.7960119247436523","1.7960119247436523","1.7960119247436523","569","569","569"
"28299","1.2897361516952515","1.2897361516952515","1.2897361516952515","570","570","570"
"28349","1.4495370388031006","1.4495370388031006","1.4495370388031006","571","571","571"
"28399","2.088268756866455","2.088268756866455","2.088268756866455","572","572","572"
"28449","1.4197975397109985","1.4197975397109985","1.4197975397109985","573","573","573"
"28499","1.2026959657669067","1.2026959657669067","1.2026959657669067","574","574","574"
"28549","3.153836727142334","3.153836727142334","3.153836727142334","575","575","575"
"28599","1.9784444570541382","1.9784444570541382","1.9784444570541382","576","576","576"
"28649","1.7744717597961426","1.7744717597961426","1.7744717597961426","577","577","577"
"28699","1.1917662620544434","1.1917662620544434","1.1917662620544434","578","578","578"
"28749","0.9123384952545166","0.9123384952545166","0.9123384952545166","579","579","579"
"28799","1.6242671012878418","1.6242671012878418","1.6242671012878418","580","580","580"
"28849","1.1603820323944092","1.1603820323944092","1.1603820323944092","581","581","581"
"28899","1.5106669664382935","1.5106669664382935","1.5106669664382935","582","582","582"
"28949","1.2346487045288086","1.2346487045288086","1.2346487045288086","583","583","583"
"28999","1.0689128637313843","1.0689128637313843","1.0689128637313843","584","584","584"
"29049","2.405686378479004","2.405686378479004","2.405686378479004","585","585","585"
"29099","1.703669786453247","1.703669786453247","1.703669786453247","586","586","586"
"29149","0.9304530024528503","0.9304530024528503","0.9304530024528503","587","587","587"
"29199","3.02529239654541","3.02529239654541","3.02529239654541","588","588","588"
"29249","2.0076065063476562","2.0076065063476562","2.0076065063476562","589","589","589"
"29299","2.2889227867126465","2.2889227867126465","2.2889227867126465","590","590","590"
"29349","1.0817592144012451","1.0817592144012451","1.0817592144012451","591","591","591"
"29399","1.6853035688400269","1.6853035688400269","1.6853035688400269","592","592","592"
"29449","1.8838331699371338","1.8838331699371338","1.8838331699371338","593","593","593"
"29499","1.9410006999969482","1.9410006999969482","1.9410006999969482","594","594","594"
"29549","2.0363569259643555","2.0363569259643555","2.0363569259643555","595","595","595"
"29599","1.9256078004837036","1.9256078004837036","1.9256078004837036","596","596","596"
"29649","1.217768907546997","1.217768907546997","1.217768907546997","597","597","597"
"29699","1.6880979537963867","1.6880979537963867","1.6880979537963867","598","598","598"
"29749","2.220590114593506","2.220590114593506","2.220590114593506","599","599","599"
"29799","2.261051654815674","2.261051654815674","2.261051654815674","600","600","600"
"29849","2.869127035140991","2.869127035140991","2.869127035140991","601","601","601"
"29899","1.463507056236267","1.463507056236267","1.463507056236267","602","602","602"
"29949","1.535853385925293","1.535853385925293","1.535853385925293","603","603","603"
"29999","2.3494181632995605","2.3494181632995605","2.3494181632995605","604","604","604"
"30049","2.212655782699585","2.212655782699585","2.212655782699585","606","606","606"
"30099","1.9854166507720947","1.9854166507720947","1.9854166507720947","607","607","607"
"30149","2.2947165966033936","2.2947165966033936","2.2947165966033936","608","608","608"
"30199","2.155768632888794","2.155768632888794","2.155768632888794","609","609","609"
"30249","1.4963326454162598","1.4963326454162598","1.4963326454162598","610","610","610"
"30299","2.2124156951904297","2.2124156951904297","2.2124156951904297","611","611","611"
"30349","1.9256644248962402","1.9256644248962402","1.9256644248962402","612","612","612"
"30399","1.9282927513122559","1.9282927513122559","1.9282927513122559","613","613","613"
"30449","1.6952698230743408","1.6952698230743408","1.6952698230743408","614","614","614"
"30499","3.1237432956695557","3.1237432956695557","3.1237432956695557","615","615","615"
"30549","1.6343417167663574","1.6343417167663574","1.6343417167663574","616","616","616"
"30599","1.591672420501709","1.591672420501709","1.591672420501709","617","617","617"
"30649","1.204572319984436","1.204572319984436","1.204572319984436","618","618","618"
"30699","2.650405168533325","2.650405168533325","2.650405168533325","619","619","619"
"30749","2.3116564750671387","2.3116564750671387","2.3116564750671387","620","620","620"
"30799","0.7787953615188599","0.7787953615188599","0.7787953615188599","621","621","621"
"30849","1.2242292165756226","1.2242292165756226","1.2242292165756226","622","622","622"
"30899","1.665459394454956","1.665459394454956","1.665459394454956","623","623","623"
"30949","1.4580273628234863","1.4580273628234863","1.4580273628234863","624","624","624"
"30999","2.0970025062561035","2.0970025062561035","2.0970025062561035","625","625","625"
"31049","2.6220340728759766","2.6220340728759766","2.6220340728759766","626","626","626"
"31099","1.2213422060012817","1.2213422060012817","1.2213422060012817","627","627","627"
"31149","1.542436122894287","1.542436122894287","1.542436122894287","628","628","628"
"31199","3.204179525375366","3.204179525375366","3.204179525375366","629","629","629"
"31249","1.591475009918213","1.591475009918213","1.591475009918213","630","630","630"
"31299","1.8209683895111084","1.8209683895111084","1.8209683895111084","631","631","631"
"31349","2.0165154933929443","2.0165154933929443","2.0165154933929443","632","632","632"
"31399","2.3989455699920654","2.3989455699920654","2.3989455699920654","633","633","633"
"31449","1.4595823287963867","1.4595823287963867","1.4595823287963867","634","634","634"
"31499","1.631955623626709","1.631955623626709","1.631955623626709","635","635","635"
"31549","1.1856250762939453","1.1856250762939453","1.1856250762939453","636","636","636"
"31599","2.2711105346679688","2.2711105346679688","2.2711105346679688","637","637","637"
"31649","2.495116949081421","2.495116949081421","2.495116949081421","638","638","638"
"31699","1.9256584644317627","1.9256584644317627","1.9256584644317627","639","639","639"
"31749","1.3447788953781128","1.3447788953781128","1.3447788953781128","640","640","640"
"31799","1.2823936939239502","1.2823936939239502","1.2823936939239502","641","641","641"
"31849","1.8945996761322021","1.8945996761322021","1.8945996761322021","642","642","642"
"31899","2.0649406909942627","2.0649406909942627","2.0649406909942627","643","643","643"
"31949","1.7208142280578613","1.7208142280578613","1.7208142280578613","644","644","644"
"31999","1.614652395248413","1.614652395248413","1.614652395248413","645","645","645"
"32049","1.4642696380615234","1.4642696380615234","1.4642696380615234","646","646","646"
"32099","2.2633025646209717","2.2633025646209717","2.2633025646209717","647","647","647"
"32149","1.5576286315917969","1.5576286315917969","1.5576286315917969","648","648","648"
"32199","1.772901177406311","1.772901177406311","1.772901177406311","649","649","649"
"32249","1.0457855463027954","1.0457855463027954","1.0457855463027954","650","650","650"
"32299","2.073561668395996","2.073561668395996","2.073561668395996","651","651","651"
"32349","1.3432685136795044","1.3432685136795044","1.3432685136795044","652","652","652"
"32399","1.8665837049484253","1.8665837049484253","1.8665837049484253","653","653","653"
"32449","2.139781951904297","2.139781951904297","2.139781951904297","654","654","654"
"32499","1.8172968626022339","1.8172968626022339","1.8172968626022339","655","655","655"
"32549","2.100447654724121","2.100447654724121","2.100447654724121","656","656","656"
"32599","2.1350972652435303","2.1350972652435303","2.1350972652435303","657","657","657"
"32649","2.2382915019989014","2.2382915019989014","2.2382915019989014","658","658","658"
"32699","1.4115880727767944","1.4115880727767944","1.4115880727767944","659","659","659"
"32749","2.5673413276672363","2.5673413276672363","2.5673413276672363","660","660","660"
"32799","1.317345380783081","1.317345380783081","1.317345380783081","661","661","661"
"32849","2.3022196292877197","2.3022196292877197","2.3022196292877197","662","662","662"
"32899","2.0335326194763184","2.0335326194763184","2.0335326194763184","663","663","663"
"32949","1.997053623199463","1.997053623199463","1.997053623199463","664","664","664"
"32999","1.3737083673477173","1.3737083673477173","1.3737083673477173","665","665","665"
"33049","2.4395620822906494","2.4395620822906494","2.4395620822906494","666","666","666"
"33099","1.9832847118377686","1.9832847118377686","1.9832847118377686","667","667","667"
"33149","1.5680992603302002","1.5680992603302002","1.5680992603302002","668","668","668"
"33199","1.6987624168395996","1.6987624168395996","1.6987624168395996","669","669","669"
"33249","1.0746548175811768","1.0746548175811768","1.0746548175811768","670","670","670"
"33299","2.053701400756836","2.053701400756836","2.053701400756836","671","671","671"
"33349","1.803583025932312","1.803583025932312","1.803583025932312","672","672","672"
"33399","1.430058240890503","1.430058240890503","1.430058240890503","673","673","673"
"33449","1.8158013820648193","1.8158013820648193","1.8158013820648193","674","674","674"
"33499","1.4794377088546753","1.4794377088546753","1.4794377088546753","675","675","675"
"33549","1.956897497177124","1.956897497177124","1.956897497177124","676","676","676"
"33599","1.9954251050949097","1.9954251050949097","1.9954251050949097","677","677","677"
"33649","2.13254451751709","2.13254451751709","2.13254451751709","678","678","678"
"33699","1.1702617406845093","1.1702617406845093","1.1702617406845093","679","679","679"
"33749","2.0063602924346924","2.0063602924346924","2.0063602924346924","680","680","680"
"33799","1.570048213005066","1.570048213005066","1.570048213005066","681","681","681"
"33849","2.7566299438476562","2.7566299438476562","2.7566299438476562","682","682","682"
"33899","2.064950942993164","2.064950942993164","2.064950942993164","683","683","683"
"33949","1.1631224155426025","1.1631224155426025","1.1631224155426025","684","684","684"
"33999","1.4542999267578125","1.4542999267578125","1.4542999267578125","685","685","685"
"34049","0.7384621500968933","0.7384621500968933","0.7384621500968933","686","686","686"
"34099","1.342320203781128","1.342320203781128","1.342320203781128","687","687","687"
"34149","1.323238730430603","1.323238730430603","1.323238730430603","688","688","688"
"34199","1.5578815937042236","1.5578815937042236","1.5578815937042236","689","689","689"
"34249","1.1307249069213867","1.1307249069213867","1.1307249069213867","690","690","690"
"34299","1.3782678842544556","1.3782678842544556","1.3782678842544556","691","691","691"
"34349","1.7571237087249756","1.7571237087249756","1.7571237087249756","692","692","692"
"34399","1.3131163120269775","1.3131163120269775","1.3131163120269775","693","693","693"
"34449","2.6236186027526855","2.6236186027526855","2.6236186027526855","694","694","694"
"34499","2.4757485389709473","2.4757485389709473","2.4757485389709473","695","695","695"
"34549","0.9789420366287231","0.9789420366287231","0.9789420366287231","696","696","696"
"34599","1.7408696413040161","1.7408696413040161","1.7408696413040161","697","697","697"
"34649","0.9449354410171509","0.9449354410171509","0.9449354410171509","698","698","698"
"34699","1.3378850221633911","1.3378850221633911","1.3378850221633911","699","699","699"
"34749","1.5828711986541748","1.5828711986541748","1.5828711986541748","700","700","700"
"34799","1.4542557001113892","1.4542557001113892","1.4542557001113892","701","701","701"
"34849","2.5422253608703613","2.5422253608703613","2.5422253608703613","702","702","702"
"34899","3.438335418701172","3.438335418701172","3.438335418701172","703","703","703"
"34949","1.1009695529937744","1.1009695529937744","1.1009695529937744","704","704","704"
"34999","1.863122582435608","1.863122582435608","1.863122582435608","705","705","705"
"35049","1.7016456127166748","1.7016456127166748","1.7016456127166748","707","707","707"
"35099","1.4782989025115967","1.4782989025115967","1.4782989025115967","708","708","708"
"35149","1.9022252559661865","1.9022252559661865","1.9022252559661865","709","709","709"
"35199","3.439439296722412","3.439439296722412","3.439439296722412","710","710","710"
"35249","1.5861037969589233","1.5861037969589233","1.5861037969589233","711","711","711"
"35299","1.488322377204895","1.488322377204895","1.488322377204895","712","712","712"
"35349","1.4908725023269653","1.4908725023269653","1.4908725023269653","713","713","713"
"35399","1.507617473602295","1.507617473602295","1.507617473602295","714","714","714"
"35449","1.5967886447906494","1.5967886447906494","1.5967886447906494","715","715","715"
"35499","2.738401412963867","2.738401412963867","2.738401412963867","716","716","716"
"35549","1.8489218950271606","1.8489218950271606","1.8489218950271606","717","717","717"
"35599","2.6874332427978516","2.6874332427978516","2.6874332427978516","718","718","718"
"35649","1.4963877201080322","1.4963877201080322","1.4963877201080322","719","719","719"
"35699","1.7602506875991821","1.7602506875991821","1.7602506875991821","720","720","720"
"35749","2.122715950012207","2.122715950012207","2.122715950012207","721","721","721"
"35799","1.135980486869812","1.135980486869812","1.135980486869812","722","722","722"
"35849","2.365388870239258","2.365388870239258","2.365388870239258","723","723","723"
"35899","2.264528751373291","2.264528751373291","2.264528751373291","724","724","724"
"35949","1.727172613143921","1.727172613143921","1.727172613143921","725","725","725"
"35999","1.0992423295974731","1.0992423295974731","1.0992423295974731","726","726","726"
"36049","1.7735695838928223","1.7735695838928223","1.7735695838928223","727","727","727"
"36099","1.7144023180007935","1.7144023180007935","1.7144023180007935","728","728","728"
"36149","1.1241459846496582","1.1241459846496582","1.1241459846496582","729","729","729"
"36199","1.8873999118804932","1.8873999118804932","1.8873999118804932","730","730","730"
"36249","1.2041058540344238","1.2041058540344238","1.2041058540344238","731","731","731"
"36299","1.7106832265853882","1.7106832265853882","1.7106832265853882","732","732","732"
"36349","1.6029809713363647","1.6029809713363647","1.6029809713363647","733","733","733"
"36399","1.4655170440673828","1.4655170440673828","1.4655170440673828","734","734","734"
"36449","1.8036136627197266","1.8036136627197266","1.8036136627197266","735","735","735"
"36499","2.1431729793548584","2.1431729793548584","2.1431729793548584","736","736","736"
"36549","1.5689842700958252","1.5689842700958252","1.5689842700958252","737","737","737"
"36599","1.537811517715454","1.537811517715454","1.537811517715454","738","738","738"
"36649","1.418817162513733","1.418817162513733","1.418817162513733","739","739","739"
"36699","1.8978418111801147","1.8978418111801147","1.8978418111801147","740","740","740"
"36749","2.208192825317383","2.208192825317383","2.208192825317383","741","741","741"
"36799","1.2421469688415527","1.2421469688415527","1.2421469688415527","742","742","742"
"36849","1.0451452732086182","1.0451452732086182","1.0451452732086182","743","743","743"
"36899","1.3846231698989868","1.3846231698989868","1.3846231698989868","744","744","744"
"36949","1.1424598693847656","1.1424598693847656","1.1424598693847656","745","745","745"
"36999","2.3693621158599854","2.3693621158599854","2.3693621158599854","746","746","746"
"37049","1.190122365951538","1.190122365951538","1.190122365951538","747","747","747"
"37099","1.5842156410217285","1.5842156410217285","1.5842156410217285","748","748","748"
"37149","1.6409790515899658","1.6409790515899658","1.6409790515899658","749","749","749"
"37199","2.0615572929382324","2.0615572929382324","2.0615572929382324","750","750","750"
"37249","1.796533226966858","1.796533226966858","1.796533226966858","751","751","751"
"37299","1.1820602416992188","1.1820602416992188","1.1820602416992188","752","752","752"
"37349","2.0284066200256348","2.0284066200256348","2.0284066200256348","753","753","753"
"37399","2.056260824203491","2.056260824203491","2.056260824203491","754","754","754"
"37449","2.4546940326690674","2.4546940326690674","2.4546940326690674","755","755","755"
"37499","0.9469058513641357","0.9469058513641357","0.9469058513641357","756","756","756"
"37549","2.1565206050872803","2.1565206050872803","2.1565206050872803","757","757","757"
"37599","1.9662230014801025","1.9662230014801025","1.9662230014801025","758","758","758"
"37649","1.4854233264923096","1.4854233264923096","1.4854233264923096","759","759","759"
"37699","2.0951790809631348","2.0951790809631348","2.0951790809631348","760","760","760"
"37749","1.8450744152069092","1.8450744152069092","1.8450744152069092","761","761","761"
"37799","1.2970997095108032","1.2970997095108032","1.2970997095108032","762","762","762"
"37849","1.7153751850128174","1.7153751850128174","1.7153751850128174","763","763","763"
"37899","2.556612491607666","2.556612491607666","2.556612491607666","764","764","764"
"37949","2.2772135734558105","2.2772135734558105","2.2772135734558105","765","765","765"
"37999","2.2086915969848633","2.2086915969848633","2.2086915969848633","766","766","766"
"38049","1.4273016452789307","1.4273016452789307","1.4273016452789307","767","767","767"
"38099","1.2942060232162476","1.2942060232162476","1.2942060232162476","768","768","768"
"38149","2.2058489322662354","2.2058489322662354","2.2058489322662354","769","769","769"
"38199","1.924325704574585","1.924325704574585","1.924325704574585","770","770","770"
"38249","1.164426565170288","1.164426565170288","1.164426565170288","771","771","771"
"38299","2.0981009006500244","2.0981009006500244","2.0981009006500244","772","772","772"
"38349","2.043826103210449","2.043826103210449","2.043826103210449","773","773","773"
"38399","1.9035685062408447","1.9035685062408447","1.9035685062408447","774","774","774"
"38449","1.73549222946167","1.73549222946167","1.73549222946167","775","775","775"
"38499","1.5537843704223633","1.5537843704223633","1.5537843704223633","776","776","776"
"38549","3.2044262886047363","3.2044262886047363","3.2044262886047363","777","777","777"
"38599","1.192346453666687","1.192346453666687","1.192346453666687","778","778","778"
"38649","2.0188748836517334","2.0188748836517334","2.0188748836517334","779","779","779"
"38699","2.4722447395324707","2.4722447395324707","2.4722447395324707","780","780","780"
"38749","1.4956018924713135","1.4956018924713135","1.4956018924713135","781","781","781"
"38799","2.1154637336730957","2.1154637336730957","2.1154637336730957","782","782","782"
"38849","1.3707964420318604","1.3707964420318604","1.3707964420318604","783","783","783"
"38899","1.3483555316925049","1.3483555316925049","1.3483555316925049","784","784","784"
"38949","1.4449008703231812","1.4449008703231812","1.4449008703231812","785","785","785"
"38999","2.3885459899902344","2.3885459899902344","2.3885459899902344","786","786","786"
"39049","1.5382342338562012","1.5382342338562012","1.5382342338562012","787","787","787"
"39099","1.7840858697891235","1.7840858697891235","1.7840858697891235","788","788","788"
"39149","1.5009658336639404","1.5009658336639404","1.5009658336639404","789","789","789"
"39199","1.7310776710510254","1.7310776710510254","1.7310776710510254","790","790","790"
"39249","2.3180079460144043","2.3180079460144043","2.3180079460144043","791","791","791"
"39299","1.9018428325653076","1.9018428325653076","1.9018428325653076","792","792","792"
"39349","1.5141332149505615","1.5141332149505615","1.5141332149505615","793","793","793"
"39399","1.596591830253601","1.596591830253601","1.596591830253601","794","794","794"
"39449","2.50058650970459","2.50058650970459","2.50058650970459","795","795","795"
"39499","1.7697973251342773","1.7697973251342773","1.7697973251342773","796","796","796"
"39549","1.6826839447021484","1.6826839447021484","1.6826839447021484","797","797","797"
"39599","2.051039934158325","2.051039934158325","2.051039934158325","798","798","798"
"39649","1.9506597518920898","1.9506597518920898","1.9506597518920898","799","799","799"
"39699","2.2966361045837402","2.2966361045837402","2.2966361045837402","800","800","800"
"39749","1.2986688613891602","1.2986688613891602","1.2986688613891602","801","801","801"
"39799","1.8978297710418701","1.8978297710418701","1.8978297710418701","802","802","802"
"39849","2.1540305614471436","2.1540305614471436","2.1540305614471436","803","803","803"
"39899","1.709335207939148","1.709335207939148","1.709335207939148","804","804","804"
"39949","1.3040047883987427","1.3040047883987427","1.3040047883987427","805","805","805"
"39999","1.4358359575271606","1.4358359575271606","1.4358359575271606","806","806","806"
"40049","1.921517014503479","1.921517014503479","1.921517014503479","808","808","808"
"40099","0.9006844758987427","0.9006844758987427","0.9006844758987427","809","809","809"
"40149","1.3931920528411865","1.3931920528411865","1.3931920528411865","810","810","810"
"40199","1.9796085357666016","1.9796085357666016","1.9796085357666016","811","811","811"
"40249","2.2656631469726562","2.2656631469726562","2.2656631469726562","812","812","812"
"40299","1.9410886764526367","1.9410886764526367","1.9410886764526367","813","813","813"
"40349","2.3566174507141113","2.3566174507141113","2.3566174507141113","814","814","814"
"40399","3.4946558475494385","3.4946558475494385","3.4946558475494385","815","815","815"
"40449","2.0882153511047363","2.0882153511047363","2.0882153511047363","816","816","816"
"40499","2.5803475379943848","2.5803475379943848","2.5803475379943848","817","817","817"
"40549","2.0907790660858154","2.0907790660858154","2.0907790660858154","818","818","818"
"40599","1.7996612787246704","1.7996612787246704","1.7996612787246704","819","819","819"
"40649","1.48208749294281","1.48208749294281","1.48208749294281","820","820","820"
"40699","1.3515504598617554","1.3515504598617554","1.3515504598617554","821","821","821"
"40749","1.6388260126113892","1.6388260126113892","1.6388260126113892","822","822","822"
"40799","1.22324800491333","1.22324800491333","1.22324800491333","823","823","823"
"40849","1.183682918548584","1.183682918548584","1.183682918548584","824","824","824"
"40899","1.8328009843826294","1.8328009843826294","1.8328009843826294","825","825","825"
"40949","1.1377792358398438","1.1377792358398438","1.1377792358398438","826","826","826"
"40999","1.2159473896026611","1.2159473896026611","1.2159473896026611","827","827","827"
"41049","2.2864487171173096","2.2864487171173096","2.2864487171173096","828","828","828"
"41099","1.7893420457839966","1.7893420457839966","1.7893420457839966","829","829","829"
"41149","1.8534541130065918","1.8534541130065918","1.8534541130065918","830","830","830"
"41199","2.5358004570007324","2.5358004570007324","2.5358004570007324","831","831","831"
"41249","2.5903701782226562","2.5903701782226562","2.5903701782226562","832","832","832"
"41299","1.9201817512512207","1.9201817512512207","1.9201817512512207","833","833","833"
"41349","3.1449368000030518","3.1449368000030518","3.1449368000030518","834","834","834"
"41399","2.1325292587280273","2.1325292587280273","2.1325292587280273","835","835","835"
"41449","1.515147089958191","1.515147089958191","1.515147089958191","836","836","836"
"41499","1.3593600988388062","1.3593600988388062","1.3593600988388062","837","837","837"
"41549","1.2012399435043335","1.2012399435043335","1.2012399435043335","838","838","838"
"41599","1.3013582229614258","1.3013582229614258","1.3013582229614258","839","839","839"
"41649","2.0786547660827637","2.0786547660827637","2.0786547660827637","840","840","840"
"41699","1.298378825187683","1.298378825187683","1.298378825187683","841","841","841"
"41749","1.0185472965240479","1.0185472965240479","1.0185472965240479","842","842","842"
"41799","1.488459825515747","1.488459825515747","1.488459825515747","843","843","843"
"41849","1.035484790802002","1.035484790802002","1.035484790802002","844","844","844"
"41899","1.4289169311523438","1.4289169311523438","1.4289169311523438","845","845","845"
"41949","1.1868536472320557","1.1868536472320557","1.1868536472320557","846","846","846"
"41999","1.3043122291564941","1.3043122291564941","1.3043122291564941","847","847","847"
"42049","1.5261070728302002","1.5261070728302002","1.5261070728302002","848","848","848"
"42099","1.568293571472168","1.568293571472168","1.568293571472168","849","849","849"
"42149","1.16300368309021","1.16300368309021","1.16300368309021","850","850","850"
"42199","1.8638145923614502","1.8638145923614502","1.8638145923614502","851","851","851"
"42249","1.9104573726654053","1.9104573726654053","1.9104573726654053","852","852","852"
"42299","1.861542820930481","1.861542820930481","1.861542820930481","853","853","853"
"42349","1.5056456327438354","1.5056456327438354","1.5056456327438354","854","854","854"
"42399","1.9399797916412354","1.9399797916412354","1.9399797916412354","855","855","855"
"42449","1.86550772190094","1.86550772190094","1.86550772190094","856","856","856"
"42499","1.0871469974517822","1.0871469974517822","1.0871469974517822","857","857","857"
"42549","2.0989811420440674","2.0989811420440674","2.0989811420440674","858","858","858"
"42599","0.9253047704696655","0.9253047704696655","0.9253047704696655","859","859","859"
"42649","1.469180941581726","1.469180941581726","1.469180941581726","860","860","860"
"42699","1.8298524618148804","1.8298524618148804","1.8298524618148804","861","861","861"
"42749","1.7997443675994873","1.7997443675994873","1.7997443675994873","862","862","862"
"42799","1.4178974628448486","1.4178974628448486","1.4178974628448486","863","863","863"
"42849","2.7695860862731934","2.7695860862731934","2.7695860862731934","864","864","864"
"42899","1.9583503007888794","1.9583503007888794","1.9583503007888794","865","865","865"
"42949","2.3233697414398193","2.3233697414398193","2.3233697414398193","866","866","866"
"42999","1.771817684173584","1.771817684173584","1.771817684173584","867","867","867"
"43049","1.4863154888153076","1.4863154888153076","1.4863154888153076","868","868","868"
"43099","2.832138776779175","2.832138776779175","2.832138776779175","869","869","869"
"43149","1.3511713743209839","1.3511713743209839","1.3511713743209839","870","870","870"
"43199","1.1260565519332886","1.1260565519332886","1.1260565519332886","871","871","871"
"43249","2.545017957687378","2.545017957687378","2.545017957687378","872","872","872"
"43299","1.7172826528549194","1.7172826528549194","1.7172826528549194","873","873","873"
"43349","1.3007858991622925","1.3007858991622925","1.3007858991622925","874","874","874"
"43399","1.5751478672027588","1.5751478672027588","1.5751478672027588","875","875","875"
"43449","1.2106579542160034","1.2106579542160034","1.2106579542160034","876","876","876"
"43499","1.7520580291748047","1.7520580291748047","1.7520580291748047","877","877","877"
"43549","1.9567996263504028","1.9567996263504028","1.9567996263504028","878","878","878"
"43599","3.0123496055603027","3.0123496055603027","3.0123496055603027","879","879","879"
"43649","1.8621808290481567","1.8621808290481567","1.8621808290481567","880","880","880"
"43699","1.718414306640625","1.718414306640625","1.718414306640625","881","881","881"
"43749","1.5731239318847656","1.5731239318847656","1.5731239318847656","882","882","882"
"43799","1.7233483791351318","1.7233483791351318","1.7233483791351318","883","883","883"
"43849","1.906754970550537","1.906754970550537","1.906754970550537","884","884","884"
"43899","2.2647130489349365","2.2647130489349365","2.2647130489349365","885","885","885"
"43949","1.6846905946731567","1.6846905946731567","1.6846905946731567","886","886","886"
"43999","3.04498553276062","3.04498553276062","3.04498553276062","887","887","887"
"44049","2.2995142936706543","2.2995142936706543","2.2995142936706543","888","888","888"
"44099","0.9912468194961548","0.9912468194961548","0.9912468194961548","889","889","889"
"44149","1.4846827983856201","1.4846827983856201","1.4846827983856201","890","890","890"
"44199","1.4714293479919434","1.4714293479919434","1.4714293479919434","891","891","891"
"44249","1.6021252870559692","1.6021252870559692","1.6021252870559692","892","892","892"
"44299","2.212137460708618","2.212137460708618","2.212137460708618","893","893","893"
"44349","1.9771311283111572","1.9771311283111572","1.9771311283111572","894","894","894"
"44399","2.4403741359710693","2.4403741359710693","2.4403741359710693","895","895","895"
"44449","1.67598557472229","1.67598557472229","1.67598557472229","896","896","896"
"44499","1.6447733640670776","1.6447733640670776","1.6447733640670776","897","897","897"
"44549","1.5050373077392578","1.5050373077392578","1.5050373077392578","898","898","898"
"44599","1.9946026802062988","1.9946026802062988","1.9946026802062988","899","899","899"
"44649","1.681348443031311","1.681348443031311","1.681348443031311","900","900","900"
"44699","1.2766687870025635","1.2766687870025635","1.2766687870025635","901","901","901"
"44749","1.8928834199905396","1.8928834199905396","1.8928834199905396","902","902","902"
"44799","1.282326340675354","1.282326340675354","1.282326340675354","903","903","903"
"44849","1.7100812196731567","1.7100812196731567","1.7100812196731567","904","904","904"
"44899","1.296417474746704","1.296417474746704","1.296417474746704","905","905","905"
"44949","1.1751347780227661","1.1751347780227661","1.1751347780227661","906","906","906"
"44999","1.1007200479507446","1.1007200479507446","1.1007200479507446","907","907","907"
"45049","1.5395363569259644","1.5395363569259644","1.5395363569259644","909","909","909"
"45099","1.2990599870681763","1.2990599870681763","1.2990599870681763","910","910","910"
"45149","1.3291258811950684","1.3291258811950684","1.3291258811950684","911","911","911"
"45199","1.282244086265564","1.282244086265564","1.282244086265564","912","912","912"
"45249","1.3219236135482788","1.3219236135482788","1.3219236135482788","913","913","913"
"45299","1.6636643409729004","1.6636643409729004","1.6636643409729004","914","914","914"
"45349","1.7687866687774658","1.7687866687774658","1.7687866687774658","915","915","915"
"45399","1.97463858127594","1.97463858127594","1.97463858127594","916","916","916"
"45449","1.484433889389038","1.484433889389038","1.484433889389038","917","917","917"
"45499","2.0607335567474365","2.0607335567474365","2.0607335567474365","918","918","918"
"45549","1.7418434619903564","1.7418434619903564","1.7418434619903564","919","919","919"
"45599","1.8548444509506226","1.8548444509506226","1.8548444509506226","920","920","920"
"45649","1.5759330987930298","1.5759330987930298","1.5759330987930298","921","921","921"
"45699","1.0861330032348633","1.0861330032348633","1.0861330032348633","922","922","922"
"45749","1.7193548679351807","1.7193548679351807","1.7193548679351807","923","923","923"
"45799","1.5052661895751953","1.5052661895751953","1.5052661895751953","924","924","924"
"45849","1.663967490196228","1.663967490196228","1.663967490196228","925","925","925"
"45899","1.2803441286087036","1.2803441286087036","1.2803441286087036","926","926","926"
"45949","1.2368062734603882","1.2368062734603882","1.2368062734603882","927","927","927"
"45999","1.74700927734375","1.74700927734375","1.74700927734375","928","928","928"
"46049","1.3868460655212402","1.3868460655212402","1.3868460655212402","929","929","929"
"46099","1.2601583003997803","1.2601583003997803","1.2601583003997803","930","930","930"
"46149","1.2989118099212646","1.2989118099212646","1.2989118099212646","931","931","931"
"46199","2.3838231563568115","2.3838231563568115","2.3838231563568115","932","932","932"
"46249","1.295242190361023","1.295242190361023","1.295242190361023","933","933","933"
"46299","1.1529358625411987","1.1529358625411987","1.1529358625411987","934","934","934"
"46349","2.0741477012634277","2.0741477012634277","2.0741477012634277","935","935","935"
"46399","1.4700435400009155","1.4700435400009155","1.4700435400009155","936","936","936"
"46449","1.792306661605835","1.792306661605835","1.792306661605835","937","937","937"
"46499","1.9134315252304077","1.9134315252304077","1.9134315252304077","938","938","938"
"46549","1.2191476821899414","1.2191476821899414","1.2191476821899414","939","939","939"
"46599","2.534306764602661","2.534306764602661","2.534306764602661","940","940","940"
"46649","1.079661250114441","1.079661250114441","1.079661250114441","941","941","941"
"46699","1.6168032884597778","1.6168032884597778","1.6168032884597778","942","942","942"
"46749","1.3333253860473633","1.3333253860473633","1.3333253860473633","943","943","943"
"46799","1.7925320863723755","1.7925320863723755","1.7925320863723755","944","944","944"
"46849","2.35969614982605","2.35969614982605","2.35969614982605","945","945","945"
"46899","1.0772732496261597","1.0772732496261597","1.0772732496261597","946","946","946"
"46949","1.6645857095718384","1.6645857095718384","1.6645857095718384","947","947","947"
"46999","1.6186412572860718","1.6186412572860718","1.6186412572860718","948","948","948"
"47049","2.1956946849823","2.1956946849823","2.1956946849823","949","949","949"
"47099","1.5078996419906616","1.5078996419906616","1.5078996419906616","950","950","950"
"47149","1.260711669921875","1.260711669921875","1.260711669921875","951","951","951"
"47199","1.7056376934051514","1.7056376934051514","1.7056376934051514","952","952","952"
"47249","2.9385905265808105","2.9385905265808105","2.9385905265808105","953","953","953"
"47299","2.183739185333252","2.183739185333252","2.183739185333252","954","954","954"
"47349","1.6432363986968994","1.6432363986968994","1.6432363986968994","955","955","955"
"47399","1.8719791173934937","1.8719791173934937","1.8719791173934937","956","956","956"
"47449","2.1668291091918945","2.1668291091918945","2.1668291091918945","957","957","957"
"47499","1.8060965538024902","1.8060965538024902","1.8060965538024902","958","958","958"
"47549","1.3996739387512207","1.3996739387512207","1.3996739387512207","959","959","959"
"47599","1.736274242401123","1.736274242401123","1.736274242401123","960","960","960"
"47649","1.0226454734802246","1.0226454734802246","1.0226454734802246","961","961","961"
"47699","2.0594561100006104","2.0594561100006104","2.0594561100006104","962","962","962"
"47749","1.9826163053512573","1.9826163053512573","1.9826163053512573","963","963","963"
"47799","2.065157651901245","2.065157651901245","2.065157651901245","964","964","964"
"47849","1.9310446977615356","1.9310446977615356","1.9310446977615356","965","965","965"
"47899","1.1562777757644653","1.1562777757644653","1.1562777757644653","966","966","966"
"47949","1.9262075424194336","1.9262075424194336","1.9262075424194336","967","967","967"
"47999","1.389501929283142","1.389501929283142","1.389501929283142","968","968","968"
"48049","2.013784885406494","2.013784885406494","2.013784885406494","969","969","969"
"48099","1.0851283073425293","1.0851283073425293","1.0851283073425293","970","970","970"
"48149","1.7940372228622437","1.7940372228622437","1.7940372228622437","971","971","971"
"48199","1.280470848083496","1.280470848083496","1.280470848083496","972","972","972"
"48249","1.380141258239746","1.380141258239746","1.380141258239746","973","973","973"
"48299","1.7818503379821777","1.7818503379821777","1.7818503379821777","974","974","974"
"48349","0.832166314125061","0.832166314125061","0.832166314125061","975","975","975"
"48399","1.577842116355896","1.577842116355896","1.577842116355896","976","976","976"
"48449","1.0542387962341309","1.0542387962341309","1.0542387962341309","977","977","977"
"48499","2.5647382736206055","2.5647382736206055","2.5647382736206055","978","978","978"
"48549","1.742213487625122","1.742213487625122","1.742213487625122","979","979","979"
"48599","2.010864496231079","2.010864496231079","2.010864496231079","980","980","980"
"48649","1.4475586414337158","1.4475586414337158","1.4475586414337158","981","981","981"
"48699","1.5641462802886963","1.5641462802886963","1.5641462802886963","982","982","982"
"48749","1.5444035530090332","1.5444035530090332","1.5444035530090332","983","983","983"
"48799","2.2160775661468506","2.2160775661468506","2.2160775661468506","984","984","984"
"48849","1.991808533668518","1.991808533668518","1.991808533668518","985","985","985"
"48899","2.023747444152832","2.023747444152832","2.023747444152832","986","986","986"
"48949","1.854315996170044","1.854315996170044","1.854315996170044","987","987","987"
"48999","1.7433985471725464","1.7433985471725464","1.7433985471725464","988","988","988"
"49049","2.071284770965576","2.071284770965576","2.071284770965576","989","989","989"
"49099","2.4445960521698","2.4445960521698","2.4445960521698","990","990","990"
"49149","1.5532429218292236","1.5532429218292236","1.5532429218292236","991","991","991"
"49199","1.4917267560958862","1.4917267560958862","1.4917267560958862","992","992","992"
"49249","1.4298632144927979","1.4298632144927979","1.4298632144927979","993","993","993"
"49299","1.7465859651565552","1.7465859651565552","1.7465859651565552","994","994","994"
"49349","1.8193778991699219","1.8193778991699219","1.8193778991699219","995","995","995"
"49399","2.2914233207702637","2.2914233207702637","2.2914233207702637","996","996","996"
"49449","2.2977898120880127","2.2977898120880127","2.2977898120880127","997","997","997"
"49499","2.2822115421295166","2.2822115421295166","2.2822115421295166","998","998","998"
"49549","1.1957292556762695","1.1957292556762695","1.1957292556762695","999","999","999"
"49599","2.5933709144592285","2.5933709144592285","2.5933709144592285","1000","1000","1000"
"49649","1.481735348701477","1.481735348701477","1.481735348701477","1001","1001","1001"
"49699","2.3213322162628174","2.3213322162628174","2.3213322162628174","1002","1002","1002"
"49749","1.7655162811279297","1.7655162811279297","1.7655162811279297","1003","1003","1003"
"49799","1.0466395616531372","1.0466395616531372","1.0466395616531372","1004","1004","1004"
"49849","1.4334852695465088","1.4334852695465088","1.4334852695465088","1005","1005","1005"
"49899","1.6169064044952393","1.6169064044952393","1.6169064044952393","1006","1006","1006"
"49949","1.3886675834655762","1.3886675834655762","1.3886675834655762","1007","1007","1007"
"49999","1.5696802139282227","1.5696802139282227","1.5696802139282227","1008","1008","1008"
"50049","1.3435840606689453","1.3435840606689453","1.3435840606689453","1010","1010","1010"
"50099","1.1315462589263916","1.1315462589263916","1.1315462589263916","1011","1011","1011"
"50149","1.249784231185913","1.249784231185913","1.249784231185913","1012","1012","1012"
"50199","1.9407352209091187","1.9407352209091187","1.9407352209091187","1013","1013","1013"
"50249","1.8145532608032227","1.8145532608032227","1.8145532608032227","1014","1014","1014"
"50299","2.0108766555786133","2.0108766555786133","2.0108766555786133","1015","1015","1015"
"50349","2.0503084659576416","2.0503084659576416","2.0503084659576416","1016","1016","1016"
"50399","1.7246110439300537","1.7246110439300537","1.7246110439300537","1017","1017","1017"
"50449","1.498099684715271","1.498099684715271","1.498099684715271","1018","1018","1018"
"50499","2.269625186920166","2.269625186920166","2.269625186920166","1019","1019","1019"
"50549","3.0656380653381348","3.0656380653381348","3.0656380653381348","1020","1020","1020"
"50599","1.472534418106079","1.472534418106079","1.472534418106079","1021","1021","1021"
"50649","1.3514009714126587","1.3514009714126587","1.3514009714126587","1022","1022","1022"
"50699","1.4900104999542236","1.4900104999542236","1.4900104999542236","1023","1023","1023"
"50749","1.1900631189346313","1.1900631189346313","1.1900631189346313","1024","1024","1024"
"50799","1.948206901550293","1.948206901550293","1.948206901550293","1025","1025","1025"
"50849","1.4373667240142822","1.4373667240142822","1.4373667240142822","1026","1026","1026"
"50899","1.415108323097229","1.415108323097229","1.415108323097229","1027","1027","1027"
"50949","1.2200287580490112","1.2200287580490112","1.2200287580490112","1028","1028","1028"
"50999","1.4388567209243774","1.4388567209243774","1.4388567209243774","1029","1029","1029"
"51049","2.302595615386963","2.302595615386963","2.302595615386963","1030","1030","1030"
"51099","1.100708246231079","1.100708246231079","1.100708246231079","1031","1031","1031"
"51149","1.3035738468170166","1.3035738468170166","1.3035738468170166","1032","1032","1032"
"51199","1.5267431735992432","1.5267431735992432","1.5267431735992432","1033","1033","1033"
"51249","1.9803727865219116","1.9803727865219116","1.9803727865219116","1034","1034","1034"
"51299","0.9852163791656494","0.9852163791656494","0.9852163791656494","1035","1035","1035"
"51349","1.4217603206634521","1.4217603206634521","1.4217603206634521","1036","1036","1036"
"51399","1.2799718379974365","1.2799718379974365","1.2799718379974365","1037","1037","1037"
"51449","1.6430866718292236","1.6430866718292236","1.6430866718292236","1038","1038","1038"
"51499","1.479085087776184","1.479085087776184","1.479085087776184","1039","1039","1039"
"51549","2.043938398361206","2.043938398361206","2.043938398361206","1040","1040","1040"
"51599","1.6554514169692993","1.6554514169692993","1.6554514169692993","1041","1041","1041"
"51649","1.0958198308944702","1.0958198308944702","1.0958198308944702","1042","1042","1042"
"51699","1.7368144989013672","1.7368144989013672","1.7368144989013672","1043","1043","1043"
"51749","2.0308265686035156","2.0308265686035156","2.0308265686035156","1044","1044","1044"
"51799","1.7988247871398926","1.7988247871398926","1.7988247871398926","1045","1045","1045"
"51849","1.2771650552749634","1.2771650552749634","1.2771650552749634","1046","1046","1046"
"51899","2.6917853355407715","2.6917853355407715","2.6917853355407715","1047","1047","1047"
"51949","1.9985007047653198","1.9985007047653198","1.9985007047653198","1048","1048","1048"
"51999","1.5741362571716309","1.5741362571716309","1.5741362571716309","1049","1049","1049"
"52049","1.157053828239441","1.157053828239441","1.157053828239441","1050","1050","1050"
"52099","1.559041976928711","1.559041976928711","1.559041976928711","1051","1051","1051"
"52149","1.3188413381576538","1.3188413381576538","1.3188413381576538","1052","1052","1052"
"52199","1.2103930711746216","1.2103930711746216","1.2103930711746216","1053","1053","1053"
"52249","0.9279482960700989","0.9279482960700989","0.9279482960700989","1054","1054","1054"
"52299","1.3745967149734497","1.3745967149734497","1.3745967149734497","1055","1055","1055"
"52349","2.192808151245117","2.192808151245117","2.192808151245117","1056","1056","1056"
"52399","1.6202139854431152","1.6202139854431152","1.6202139854431152","1057","1057","1057"
"52449","1.1521215438842773","1.1521215438842773","1.1521215438842773","1058","1058","1058"
"52499","2.3112549781799316","2.3112549781799316","2.3112549781799316","1059","1059","1059"
"52549","1.3047864437103271","1.3047864437103271","1.3047864437103271","1060","1060","1060"
"52599","1.5107061862945557","1.5107061862945557","1.5107061862945557","1061","1061","1061"
"52649","1.5151599645614624","1.5151599645614624","1.5151599645614624","1062","1062","1062"
"52699","1.4650704860687256","1.4650704860687256","1.4650704860687256","1063","1063","1063"
"52749","1.3203303813934326","1.3203303813934326","1.3203303813934326","1064","1064","1064"
"52799","1.7747292518615723","1.7747292518615723","1.7747292518615723","1065","1065","1065"
"52849","1.3447716236114502","1.3447716236114502","1.3447716236114502","1066","1066","1066"
"52899","1.3312784433364868","1.3312784433364868","1.3312784433364868","1067","1067","1067"
"52949","0.8742778301239014","0.8742778301239014","0.8742778301239014","1068","1068","1068"
"52999","1.3132045269012451","1.3132045269012451","1.3132045269012451","1069","1069","1069"
"53049","1.7675176858901978","1.7675176858901978","1.7675176858901978","1070","1070","1070"
"53099","2.6061856746673584","2.6061856746673584","2.6061856746673584","1071","1071","1071"
"53149","2.15265154838562","2.15265154838562","2.15265154838562","1072","1072","1072"
"53199","1.4899628162384033","1.4899628162384033","1.4899628162384033","1073","1073","1073"
"53249","1.4325848817825317","1.4325848817825317","1.4325848817825317","1074","1074","1074"
"53299","1.4295690059661865","1.4295690059661865","1.4295690059661865","1075","1075","1075"
"53349","1.2349021434783936","1.2349021434783936","1.2349021434783936","1076","1076","1076"
"53399","1.5454387664794922","1.5454387664794922","1.5454387664794922","1077","1077","1077"
"53449","1.54306960105896","1.54306960105896","1.54306960105896","1078","1078","1078"
"53499","1.7904914617538452","1.7904914617538452","1.7904914617538452","1079","1079","1079"
"53549","1.8853323459625244","1.8853323459625244","1.8853323459625244","1080","1080","1080"
"53599","2.7712855339050293","2.7712855339050293","2.7712855339050293","1081","1081","1081"
"53649","1.5706274509429932","1.5706274509429932","1.5706274509429932","1082","1082","1082"
"53699","1.3575859069824219","1.3575859069824219","1.3575859069824219","1083","1083","1083"
"53749","1.7497124671936035","1.7497124671936035","1.7497124671936035","1084","1084","1084"
"53799","1.5955896377563477","1.5955896377563477","1.5955896377563477","1085","1085","1085"
"53849","1.569671392440796","1.569671392440796","1.569671392440796","1086","1086","1086"
"53899","2.0848255157470703","2.0848255157470703","2.0848255157470703","1087","1087","1087"
"53949","1.3902426958084106","1.3902426958084106","1.3902426958084106","1088","1088","1088"
"53999","1.4661821126937866","1.4661821126937866","1.4661821126937866","1089","1089","1089"
"54049","1.6822240352630615","1.6822240352630615","1.6822240352630615","1090","1090","1090"
"54099","1.6104702949523926","1.6104702949523926","1.6104702949523926","1091","1091","1091"
"54149","1.1882197856903076","1.1882197856903076","1.1882197856903076","1092","1092","1092"
"54199","1.3422019481658936","1.3422019481658936","1.3422019481658936","1093","1093","1093"
"54249","1.1879855394363403","1.1879855394363403","1.1879855394363403","1094","1094","1094"
"54299","1.119246006011963","1.119246006011963","1.119246006011963","1095","1095","1095"
"54349","2.3237788677215576","2.3237788677215576","2.3237788677215576","1096","1096","1096"
"54399","1.477205514907837","1.477205514907837","1.477205514907837","1097","1097","1097"
"54449","2.384788751602173","2.384788751602173","2.384788751602173","1098","1098","1098"
"54499","1.2546555995941162","1.2546555995941162","1.2546555995941162","1099","1099","1099"
"54549","1.5279715061187744","1.5279715061187744","1.5279715061187744","1100","1100","1100"
"54599","1.2830767631530762","1.2830767631530762","1.2830767631530762","1101","1101","1101"
"54649","1.5861008167266846","1.5861008167266846","1.5861008167266846","1102","1102","1102"
"54699","2.61004376411438","2.61004376411438","2.61004376411438","1103","1103","1103"
"54749","1.7256972789764404","1.7256972789764404","1.7256972789764404","1104","1104","1104"
"54799","1.3516737222671509","1.3516737222671509","1.3516737222671509","1105","1105","1105"
"54849","2.1790151596069336","2.1790151596069336","2.1790151596069336","1106","1106","1106"
"54899","1.483682632446289","1.483682632446289","1.483682632446289","1107","1107","1107"
"54949","1.7718074321746826","1.7718074321746826","1.7718074321746826","1108","1108","1108"
"54999","1.5312986373901367","1.5312986373901367","1.5312986373901367","1109","1109","1109"
"55049","1.410988688468933","1.410988688468933","1.410988688468933","1111","1111","1111"
"55099","1.1578681468963623","1.1578681468963623","1.1578681468963623","1112","1112","1112"
"55149","2.0506184101104736","2.0506184101104736","2.0506184101104736","1113","1113","1113"
"55199","0.9793727397918701","0.9793727397918701","0.9793727397918701","1114","1114","1114"
"55249","1.4498449563980103","1.4498449563980103","1.4498449563980103","1115","1115","1115"
"55299","1.7634071111679077","1.7634071111679077","1.7634071111679077","1116","1116","1116"
"55349","0.9886945486068726","0.9886945486068726","0.9886945486068726","1117","1117","1117"
"55399","2.0991225242614746","2.0991225242614746","2.0991225242614746","1118","1118","1118"
"55449","1.616260051727295","1.616260051727295","1.616260051727295","1119","1119","1119"
"55499","2.057694673538208","2.057694673538208","2.057694673538208","1120","1120","1120"
"55549","1.706087589263916","1.706087589263916","1.706087589263916","1121","1121","1121"
"55599","2.230401039123535","2.230401039123535","2.230401039123535","1122","1122","1122"
"55649","1.439183235168457","1.439183235168457","1.439183235168457","1123","1123","1123"
"55699","1.744996190071106","1.744996190071106","1.744996190071106","1124","1124","1124"
"55749","1.5016703605651855","1.5016703605651855","1.5016703605651855","1125","1125","1125"
"55799","2.101067304611206","2.101067304611206","2.101067304611206","1126","1126","1126"
"55849","1.6501471996307373","1.6501471996307373","1.6501471996307373","1127","1127","1127"
"55899","1.2895785570144653","1.2895785570144653","1.2895785570144653","1128","1128","1128"
"55949","1.207587718963623","1.207587718963623","1.207587718963623","1129","1129","1129"
"55999","1.264228343963623","1.264228343963623","1.264228343963623","1130","1130","1130"
"56049","1.558516502380371","1.558516502380371","1.558516502380371","1131","1131","1131"
"56099","2.074023723602295","2.074023723602295","2.074023723602295","1132","1132","1132"
"56149","1.4769450426101685","1.4769450426101685","1.4769450426101685","1133","1133","1133"
"56199","1.8169071674346924","1.8169071674346924","1.8169071674346924","1134","1134","1134"
"56249","1.0675643682479858","1.0675643682479858","1.0675643682479858","1135","1135","1135"
"56299","1.6814274787902832","1.6814274787902832","1.6814274787902832","1136","1136","1136"
"56349","1.018986701965332","1.018986701965332","1.018986701965332","1137","1137","1137"
"56399","1.9033238887786865","1.9033238887786865","1.9033238887786865","1138","1138","1138"
"56449","1.1048976182937622","1.1048976182937622","1.1048976182937622","1139","1139","1139"
"56499","1.3182936906814575","1.3182936906814575","1.3182936906814575","1140","1140","1140"
"56549","1.3434454202651978","1.3434454202651978","1.3434454202651978","1141","1141","1141"
"56599","1.943015694618225","1.943015694618225","1.943015694618225","1142","1142","1142"
"56649","2.357118606567383","2.357118606567383","2.357118606567383","1143","1143","1143"
"56699","1.5731024742126465","1.5731024742126465","1.5731024742126465","1144","1144","1144"
"56749","1.6588668823242188","1.6588668823242188","1.6588668823242188","1145","1145","1145"
"56799","1.2811498641967773","1.2811498641967773","1.2811498641967773","1146","1146","1146"
"56849","2.4784646034240723","2.4784646034240723","2.4784646034240723","1147","1147","1147"
"56899","0.9602184295654297","0.9602184295654297","0.9602184295654297","1148","1148","1148"
"56949","1.6379226446151733","1.6379226446151733","1.6379226446151733","1149","1149","1149"
"56999","1.2563140392303467","1.2563140392303467","1.2563140392303467","1150","1150","1150"
"57049","2.9126992225646973","2.9126992225646973","2.9126992225646973","1151","1151","1151"
"57099","2.0267021656036377","2.0267021656036377","2.0267021656036377","1152","1152","1152"
"57149","1.3659648895263672","1.3659648895263672","1.3659648895263672","1153","1153","1153"
"57199","1.6418393850326538","1.6418393850326538","1.6418393850326538","1154","1154","1154"
"57249","0.9525129795074463","0.9525129795074463","0.9525129795074463","1155","1155","1155"
"57299","1.58207368850708","1.58207368850708","1.58207368850708","1156","1156","1156"
"57349","2.4504756927490234","2.4504756927490234","2.4504756927490234","1157","1157","1157"
"57399","1.391458511352539","1.391458511352539","1.391458511352539","1158","1158","1158"
"57449","1.8612303733825684","1.8612303733825684","1.8612303733825684","1159","1159","1159"
"57499","1.6521464586257935","1.6521464586257935","1.6521464586257935","1160","1160","1160"
"57549","2.1992342472076416","2.1992342472076416","2.1992342472076416","1161","1161","1161"
"57599","1.8519365787506104","1.8519365787506104","1.8519365787506104","1162","1162","1162"
"57649","1.6581203937530518","1.6581203937530518","1.6581203937530518","1163","1163","1163"
"57699","1.7220343351364136","1.7220343351364136","1.7220343351364136","1164","1164","1164"
"57749","1.254631757736206","1.254631757736206","1.254631757736206","1165","1165","1165"
"57799","1.858473539352417","1.858473539352417","1.858473539352417","1166","1166","1166"
"57849","1.4038695096969604","1.4038695096969604","1.4038695096969604","1167","1167","1167"
"57899","1.7656246423721313","1.7656246423721313","1.7656246423721313","1168","1168","1168"
"57949","1.5343925952911377","1.5343925952911377","1.5343925952911377","1169","1169","1169"
"57999","2.2914962768554688","2.2914962768554688","2.2914962768554688","1170","1170","1170"
"58049","2.189530372619629","2.189530372619629","2.189530372619629","1171","1171","1171"
"58099","1.7811323404312134","1.7811323404312134","1.7811323404312134","1172","1172","1172"
"58149","2.2059199810028076","2.2059199810028076","2.2059199810028076","1173","1173","1173"
"58199","1.5762343406677246","1.5762343406677246","1.5762343406677246","1174","1174","1174"
"58249","1.4958101511001587","1.4958101511001587","1.4958101511001587","1175","1175","1175"
"58299","1.4035214185714722","1.4035214185714722","1.4035214185714722","1176","1176","1176"
"58349","0.7771035432815552","0.7771035432815552","0.7771035432815552","1177","1177","1177"
"58399","1.2808589935302734","1.2808589935302734","1.2808589935302734","1178","1178","1178"
"58449","2.9352052211761475","2.9352052211761475","2.9352052211761475","1179","1179","1179"
"58499","1.2580684423446655","1.2580684423446655","1.2580684423446655","1180","1180","1180"
"58549","1.208073616027832","1.208073616027832","1.208073616027832","1181","1181","1181"
"58599","2.379842519760132","2.379842519760132","2.379842519760132","1182","1182","1182"
"58649","2.2003941535949707","2.2003941535949707","2.2003941535949707","1183","1183","1183"
"58699","1.4856293201446533","1.4856293201446533","1.4856293201446533","1184","1184","1184"
"58749","1.2711256742477417","1.2711256742477417","1.2711256742477417","1185","1185","1185"
"58799","1.9590307474136353","1.9590307474136353","1.9590307474136353","1186","1186","1186"
"58849","1.3634850978851318","1.3634850978851318","1.3634850978851318","1187","1187","1187"
"58899","1.3840041160583496","1.3840041160583496","1.3840041160583496","1188","1188","1188"
"58949","2.0574710369110107","2.0574710369110107","2.0574710369110107","1189","1189","1189"
"58999","1.668907880783081","1.668907880783081","1.668907880783081","1190","1190","1190"
"59049","0.5870214700698853","0.5870214700698853","0.5870214700698853","1191","1191","1191"
"59099","1.6368672847747803","1.6368672847747803","1.6368672847747803","1192","1192","1192"
"59149","1.4526686668395996","1.4526686668395996","1.4526686668395996","1193","1193","1193"
"59199","1.7740652561187744","1.7740652561187744","1.7740652561187744","1194","1194","1194"
"59249","1.7296931743621826","1.7296931743621826","1.7296931743621826","1195","1195","1195"
"59299","1.918695092201233","1.918695092201233","1.918695092201233","1196","1196","1196"
"59349","1.1501758098602295","1.1501758098602295","1.1501758098602295","1197","1197","1197"
"59399","1.713761568069458","1.713761568069458","1.713761568069458","1198","1198","1198"
"59449","1.2786214351654053","1.2786214351654053","1.2786214351654053","1199","1199","1199"
"59499","1.7805219888687134","1.7805219888687134","1.7805219888687134","1200","1200","1200"
"59549","1.469338059425354","1.469338059425354","1.469338059425354","1201","1201","1201"
"59599","1.651949167251587","1.651949167251587","1.651949167251587","1202","1202","1202"
"59649","1.4714776277542114","1.4714776277542114","1.4714776277542114","1203","1203","1203"
"59699","2.03763747215271","2.03763747215271","2.03763747215271","1204","1204","1204"
"59749","1.5907011032104492","1.5907011032104492","1.5907011032104492","1205","1205","1205"
"59799","1.3136274814605713","1.3136274814605713","1.3136274814605713","1206","1206","1206"
"59849","1.632875919342041","1.632875919342041","1.632875919342041","1207","1207","1207"
"59899","1.0596766471862793","1.0596766471862793","1.0596766471862793","1208","1208","1208"
"59949","2.2877614498138428","2.2877614498138428","2.2877614498138428","1209","1209","1209"
"59999","2.3484256267547607","2.3484256267547607","2.3484256267547607","1210","1210","1210"
"60049","1.1302233934402466","1.1302233934402466","1.1302233934402466","1212","1212","1212"
"60099","2.579357385635376","2.579357385635376","2.579357385635376","1213","1213","1213"
"60149","1.1868107318878174","1.1868107318878174","1.1868107318878174","1214","1214","1214"
"60199","1.1544978618621826","1.1544978618621826","1.1544978618621826","1215","1215","1215"
"60249","2.0182931423187256","2.0182931423187256","2.0182931423187256","1216","1216","1216"
"60299","1.329872488975525","1.329872488975525","1.329872488975525","1217","1217","1217"
"60349","1.4241563081741333","1.4241563081741333","1.4241563081741333","1218","1218","1218"
"60399","1.2225419282913208","1.2225419282913208","1.2225419282913208","1219","1219","1219"
"60449","1.3664321899414062","1.3664321899414062","1.3664321899414062","1220","1220","1220"
"60499","1.5846378803253174","1.5846378803253174","1.5846378803253174","1221","1221","1221"
"60549","2.9741668701171875","2.9741668701171875","2.9741668701171875","1222","1222","1222"
"60599","1.4225668907165527","1.4225668907165527","1.4225668907165527","1223","1223","1223"
"60649","1.5613244771957397","1.5613244771957397","1.5613244771957397","1224","1224","1224"
"60699","2.034513473510742","2.034513473510742","2.034513473510742","1225","1225","1225"
"60749","1.417127251625061","1.417127251625061","1.417127251625061","1226","1226","1226"
"60799","1.0932661294937134","1.0932661294937134","1.0932661294937134","1227","1227","1227"
"60849","2.001239538192749","2.001239538192749","2.001239538192749","1228","1228","1228"
"60899","1.1956936120986938","1.1956936120986938","1.1956936120986938","1229","1229","1229"
"60949","1.5170650482177734","1.5170650482177734","1.5170650482177734","1230","1230","1230"
"60999","2.2534244060516357","2.2534244060516357","2.2534244060516357","1231","1231","1231"
"61049","1.0588598251342773","1.0588598251342773","1.0588598251342773","1232","1232","1232"
"61099","1.6416605710983276","1.6416605710983276","1.6416605710983276","1233","1233","1233"
"61149","1.6720854043960571","1.6720854043960571","1.6720854043960571","1234","1234","1234"
"61199","1.8162509202957153","1.8162509202957153","1.8162509202957153","1235","1235","1235"
"61249","1.4606988430023193","1.4606988430023193","1.4606988430023193","1236","1236","1236"
"61299","1.6734716892242432","1.6734716892242432","1.6734716892242432","1237","1237","1237"
"61349","1.0805407762527466","1.0805407762527466","1.0805407762527466","1238","1238","1238"
"61399","2.4579427242279053","2.4579427242279053","2.4579427242279053","1239","1239","1239"
"61449","1.3344753980636597","1.3344753980636597","1.3344753980636597","1240","1240","1240"
"61499","1.3040026426315308","1.3040026426315308","1.3040026426315308","1241","1241","1241"
"61549","1.3297908306121826","1.3297908306121826","1.3297908306121826","1242","1242","1242"
"61599","1.3608256578445435","1.3608256578445435","1.3608256578445435","1243","1243","1243"
"61649","1.9128937721252441","1.9128937721252441","1.9128937721252441","1244","1244","1244"
"61699","1.4909621477127075","1.4909621477127075","1.4909621477127075","1245","1245","1245"
"61749","1.705737590789795","1.705737590789795","1.705737590789795","1246","1246","1246"
"61799","1.3803389072418213","1.3803389072418213","1.3803389072418213","1247","1247","1247"
"61849","1.4518011808395386","1.4518011808395386","1.4518011808395386","1248","1248","1248"
"61899","1.8677423000335693","1.8677423000335693","1.8677423000335693","1249","1249","1249"
"61949","1.933536171913147","1.933536171913147","1.933536171913147","1250","1250","1250"
"61999","1.2758173942565918","1.2758173942565918","1.2758173942565918","1251","1251","1251"
"62049","1.23430335521698","1.23430335521698","1.23430335521698","1252","1252","1252"
"62099","1.8818035125732422","1.8818035125732422","1.8818035125732422","1253","1253","1253"
"62149","1.292169213294983","1.292169213294983","1.292169213294983","1254","1254","1254"
"62199","1.2144370079040527","1.2144370079040527","1.2144370079040527","1255","1255","1255"
"62249","1.0619306564331055","1.0619306564331055","1.0619306564331055","1256","1256","1256"
"62299","1.4682645797729492","1.4682645797729492","1.4682645797729492","1257","1257","1257"
"62349","1.209412693977356","1.209412693977356","1.209412693977356","1258","1258","1258"
"62399","2.035048007965088","2.035048007965088","2.035048007965088","1259","1259","1259"
"62449","2.1894423961639404","2.1894423961639404","2.1894423961639404","1260","1260","1260"
"62499","1.7169969081878662","1.7169969081878662","1.7169969081878662","1261","1261","1261"
"62549","1.5402648448944092","1.5402648448944092","1.5402648448944092","1262","1262","1262"
"62599","1.3441036939620972","1.3441036939620972","1.3441036939620972","1263","1263","1263"
"62649","1.4960498809814453","1.4960498809814453","1.4960498809814453","1264","1264","1264"
"62699","1.4710773229599","1.4710773229599","1.4710773229599","1265","1265","1265"
"62749","1.9349098205566406","1.9349098205566406","1.9349098205566406","1266","1266","1266"
"62799","1.49788498878479","1.49788498878479","1.49788498878479","1267","1267","1267"
"62849","1.1777074337005615","1.1777074337005615","1.1777074337005615","1268","1268","1268"
"62899","1.8229475021362305","1.8229475021362305","1.8229475021362305","1269","1269","1269"
"62949","1.7613662481307983","1.7613662481307983","1.7613662481307983","1270","1270","1270"
"62999","1.5876621007919312","1.5876621007919312","1.5876621007919312","1271","1271","1271"
"63049","1.713862657546997","1.713862657546997","1.713862657546997","1272","1272","1272"
"63099","1.8600138425827026","1.8600138425827026","1.8600138425827026","1273","1273","1273"
"63149","1.8662803173065186","1.8662803173065186","1.8662803173065186","1274","1274","1274"
"63199","1.9222431182861328","1.9222431182861328","1.9222431182861328","1275","1275","1275"
"63249","0.8561871647834778","0.8561871647834778","0.8561871647834778","1276","1276","1276"
"63299","2.092160224914551","2.092160224914551","2.092160224914551","1277","1277","1277"
"63349","1.7460455894470215","1.7460455894470215","1.7460455894470215","1278","1278","1278"
"63399","1.581838607788086","1.581838607788086","1.581838607788086","1279","1279","1279"
"63449","1.3959710597991943","1.3959710597991943","1.3959710597991943","1280","1280","1280"
"63499","1.5837626457214355","1.5837626457214355","1.5837626457214355","1281","1281","1281"
"63549","1.6527206897735596","1.6527206897735596","1.6527206897735596","1282","1282","1282"
"63599","1.7050714492797852","1.7050714492797852","1.7050714492797852","1283","1283","1283"
"63649","2.0146658420562744","2.0146658420562744","2.0146658420562744","1284","1284","1284"
"63699","2.900920867919922","2.900920867919922","2.900920867919922","1285","1285","1285"
"63749","1.7975279092788696","1.7975279092788696","1.7975279092788696","1286","1286","1286"
"63799","2.9969394207000732","2.9969394207000732","2.9969394207000732","1287","1287","1287"
"63849","2.4515161514282227","2.4515161514282227","2.4515161514282227","1288","1288","1288"
"63899","1.2938169240951538","1.2938169240951538","1.2938169240951538","1289","1289","1289"
"63949","2.1717982292175293","2.1717982292175293","2.1717982292175293","1290","1290","1290"
"63999","1.0779622793197632","1.0779622793197632","1.0779622793197632","1291","1291","1291"
"64049","2.0553464889526367","2.0553464889526367","2.0553464889526367","1292","1292","1292"
"64099","1.3767527341842651","1.3767527341842651","1.3767527341842651","1293","1293","1293"
"64149","2.3589956760406494","2.3589956760406494","2.3589956760406494","1294","1294","1294"
"64199","0.981450080871582","0.981450080871582","0.981450080871582","1295","1295","1295"
"64249","2.2541980743408203","2.2541980743408203","2.2541980743408203","1296","1296","1296"
"64299","1.6796066761016846","1.6796066761016846","1.6796066761016846","1297","1297","1297"
"64349","2.3684167861938477","2.3684167861938477","2.3684167861938477","1298","1298","1298"
"64399","1.697807788848877","1.697807788848877","1.697807788848877","1299","1299","1299"
"64449","1.6064841747283936","1.6064841747283936","1.6064841747283936","1300","1300","1300"
"64499","1.5055068731307983","1.5055068731307983","1.5055068731307983","1301","1301","1301"
"64549","1.818782091140747","1.818782091140747","1.818782091140747","1302","1302","1302"
"64599","1.7833633422851562","1.7833633422851562","1.7833633422851562","1303","1303","1303"
"64649","1.53871750831604","1.53871750831604","1.53871750831604","1304","1304","1304"
"64699","1.7726231813430786","1.7726231813430786","1.7726231813430786","1305","1305","1305"
"64749","1.8705106973648071","1.8705106973648071","1.8705106973648071","1306","1306","1306"
"64799","1.309248685836792","1.309248685836792","1.309248685836792","1307","1307","1307"
"64849","0.9046812653541565","0.9046812653541565","0.9046812653541565","1308","1308","1308"
"64899","2.549955368041992","2.549955368041992","2.549955368041992","1309","1309","1309"
"64949","2.6547906398773193","2.6547906398773193","2.6547906398773193","1310","1310","1310"
"64999","2.633373498916626","2.633373498916626","2.633373498916626","1311","1311","1311"
"65049","0.8708390593528748","0.8708390593528748","0.8708390593528748","1313","1313","1313"
"65099","1.5518875122070312","1.5518875122070312","1.5518875122070312","1314","1314","1314"
"65149","1.1389333009719849","1.1389333009719849","1.1389333009719849","1315","1315","1315"
"65199","2.4346678256988525","2.4346678256988525","2.4346678256988525","1316","1316","1316"
"65249","1.547033667564392","1.547033667564392","1.547033667564392","1317","1317","1317"
"65299","1.8431960344314575","1.8431960344314575","1.8431960344314575","1318","1318","1318"
"65349","1.7779779434204102","1.7779779434204102","1.7779779434204102","1319","1319","1319"
"65399","1.560142159461975","1.560142159461975","1.560142159461975","1320","1320","1320"
"65449","2.4278340339660645","2.4278340339660645","2.4278340339660645","1321","1321","1321"
"65499","1.4376369714736938","1.4376369714736938","1.4376369714736938","1322","1322","1322"
"65549","2.6278419494628906","2.6278419494628906","2.6278419494628906","1323","1323","1323"
"65599","1.4183852672576904","1.4183852672576904","1.4183852672576904","1324","1324","1324"
"65649","1.4875518083572388","1.4875518083572388","1.4875518083572388","1325","1325","1325"
"65699","0.9827110171318054","0.9827110171318054","0.9827110171318054","1326","1326","1326"
"65749","2.0966765880584717","2.0966765880584717","2.0966765880584717","1327","1327","1327"
"65799","1.3674182891845703","1.3674182891845703","1.3674182891845703","1328","1328","1328"
"65849","1.6750284433364868","1.6750284433364868","1.6750284433364868","1329","1329","1329"
"65899","1.7442728281021118","1.7442728281021118","1.7442728281021118","1330","1330","1330"
"65949","2.311253547668457","2.311253547668457","2.311253547668457","1331","1331","1331"
"65999","1.7819888591766357","1.7819888591766357","1.7819888591766357","1332","1332","1332"
"66049","2.27843976020813","2.27843976020813","2.27843976020813","1333","1333","1333"
"66099","1.5180277824401855","1.5180277824401855","1.5180277824401855","1334","1334","1334"
"66149","1.834197998046875","1.834197998046875","1.834197998046875","1335","1335","1335"
"66199","1.0773720741271973","1.0773720741271973","1.0773720741271973","1336","1336","1336"
"66249","1.5433329343795776","1.5433329343795776","1.5433329343795776","1337","1337","1337"
"66299","1.3392397165298462","1.3392397165298462","1.3392397165298462","1338","1338","1338"
"66349","1.868117094039917","1.868117094039917","1.868117094039917","1339","1339","1339"
"66399","2.3788340091705322","2.3788340091705322","2.3788340091705322","1340","1340","1340"
"66449","1.4525355100631714","1.4525355100631714","1.4525355100631714","1341","1341","1341"
"66499","1.5620708465576172","1.5620708465576172","1.5620708465576172","1342","1342","1342"
"66549","1.4125672578811646","1.4125672578811646","1.4125672578811646","1343","1343","1343"
"66599","2.338726043701172","2.338726043701172","2.338726043701172","1344","1344","1344"
"66649","1.8296669721603394","1.8296669721603394","1.8296669721603394","1345","1345","1345"
"66699","1.2095725536346436","1.2095725536346436","1.2095725536346436","1346","1346","1346"
"66749","1.238369345664978","1.238369345664978","1.238369345664978","1347","1347","1347"
"66799","1.3131194114685059","1.3131194114685059","1.3131194114685059","1348","1348","1348"
"66849","1.905515193939209","1.905515193939209","1.905515193939209","1349","1349","1349"
"66899","1.885637640953064","1.885637640953064","1.885637640953064","1350","1350","1350"
"66949","1.4296691417694092","1.4296691417694092","1.4296691417694092","1351","1351","1351"
"66999","1.968836784362793","1.968836784362793","1.968836784362793","1352","1352","1352"
"67049","1.1695976257324219","1.1695976257324219","1.1695976257324219","1353","1353","1353"
"67099","1.2494242191314697","1.2494242191314697","1.2494242191314697","1354","1354","1354"
"67149","1.8605282306671143","1.8605282306671143","1.8605282306671143","1355","1355","1355"
"67199","1.5086191892623901","1.5086191892623901","1.5086191892623901","1356","1356","1356"
"67249","2.0989675521850586","2.0989675521850586","2.0989675521850586","1357","1357","1357"
"67299","1.1422617435455322","1.1422617435455322","1.1422617435455322","1358","1358","1358"
"67349","1.8793447017669678","1.8793447017669678","1.8793447017669678","1359","1359","1359"
"67399","1.320719838142395","1.320719838142395","1.320719838142395","1360","1360","1360"
"67449","3.1562676429748535","3.1562676429748535","3.1562676429748535","1361","1361","1361"
"67499","1.3105610609054565","1.3105610609054565","1.3105610609054565","1362","1362","1362"
"67549","1.8389947414398193","1.8389947414398193","1.8389947414398193","1363","1363","1363"
"67599","1.5372557640075684","1.5372557640075684","1.5372557640075684","1364","1364","1364"
"67649","1.6660983562469482","1.6660983562469482","1.6660983562469482","1365","1365","1365"
"67699","1.1662533283233643","1.1662533283233643","1.1662533283233643","1366","1366","1366"
"67749","2.272473096847534","2.272473096847534","2.272473096847534","1367","1367","1367"
"67799","1.415808916091919","1.415808916091919","1.415808916091919","1368","1368","1368"
"67849","1.320715308189392","1.320715308189392","1.320715308189392","1369","1369","1369"
"67899","2.691354274749756","2.691354274749756","2.691354274749756","1370","1370","1370"
"67949","1.8507500886917114","1.8507500886917114","1.8507500886917114","1371","1371","1371"
"67999","1.433477759361267","1.433477759361267","1.433477759361267","1372","1372","1372"
"68049","0.9702810645103455","0.9702810645103455","0.9702810645103455","1373","1373","1373"
"68099","1.5748186111450195","1.5748186111450195","1.5748186111450195","1374","1374","1374"
"68149","1.4755282402038574","1.4755282402038574","1.4755282402038574","1375","1375","1375"
"68199","0.9867385625839233","0.9867385625839233","0.9867385625839233","1376","1376","1376"
"68249","1.3579903841018677","1.3579903841018677","1.3579903841018677","1377","1377","1377"
"68299","1.2369991540908813","1.2369991540908813","1.2369991540908813","1378","1378","1378"
"68349","2.618070363998413","2.618070363998413","2.618070363998413","1379","1379","1379"
"68399","2.217388868331909","2.217388868331909","2.217388868331909","1380","1380","1380"
"68449","1.4922969341278076","1.4922969341278076","1.4922969341278076","1381","1381","1381"
"68499","1.2163145542144775","1.2163145542144775","1.2163145542144775","1382","1382","1382"
"68549","1.1372346878051758","1.1372346878051758","1.1372346878051758","1383","1383","1383"
"68599","1.5355082750320435","1.5355082750320435","1.5355082750320435","1384","1384","1384"
"68649","1.1252118349075317","1.1252118349075317","1.1252118349075317","1385","1385","1385"
"68699","1.589442253112793","1.589442253112793","1.589442253112793","1386","1386","1386"
"68749","2.021819591522217","2.021819591522217","2.021819591522217","1387","1387","1387"
"68799","2.547239303588867","2.547239303588867","2.547239303588867","1388","1388","1388"
"68849","2.1159749031066895","2.1159749031066895","2.1159749031066895","1389","1389","1389"
"68899","1.4028465747833252","1.4028465747833252","1.4028465747833252","1390","1390","1390"
"68949","1.4612112045288086","1.4612112045288086","1.4612112045288086","1391","1391","1391"
"68999","1.6220964193344116","1.6220964193344116","1.6220964193344116","1392","1392","1392"
"69049","2.978015184402466","2.978015184402466","2.978015184402466","1393","1393","1393"
"69099","1.7130740880966187","1.7130740880966187","1.7130740880966187","1394","1394","1394"
"69149","1.5100913047790527","1.5100913047790527","1.5100913047790527","1395","1395","1395"
"69199","1.6707191467285156","1.6707191467285156","1.6707191467285156","1396","1396","1396"
"69249","1.5659914016723633","1.5659914016723633","1.5659914016723633","1397","1397","1397"
"69299","2.0788042545318604","2.0788042545318604","2.0788042545318604","1398","1398","1398"
"69349","2.439563035964966","2.439563035964966","2.439563035964966","1399","1399","1399"
"69399","1.6188507080078125","1.6188507080078125","1.6188507080078125","1400","1400","1400"
"69449","1.7474334239959717","1.7474334239959717","1.7474334239959717","1401","1401","1401"
"69499","2.1514806747436523","2.1514806747436523","2.1514806747436523","1402","1402","1402"
"69549","1.203652262687683","1.203652262687683","1.203652262687683","1403","1403","1403"
"69599","1.60040283203125","1.60040283203125","1.60040283203125","1404","1404","1404"
"69649","1.804586410522461","1.804586410522461","1.804586410522461","1405","1405","1405"
"69699","2.0458903312683105","2.0458903312683105","2.0458903312683105","1406","1406","1406"
"69749","1.3800814151763916","1.3800814151763916","1.3800814151763916","1407","1407","1407"
"69799","1.3753340244293213","1.3753340244293213","1.3753340244293213","1408","1408","1408"
"69849","1.9971442222595215","1.9971442222595215","1.9971442222595215","1409","1409","1409"
"69899","1.2352522611618042","1.2352522611618042","1.2352522611618042","1410","1410","1410"
"69949","1.6764957904815674","1.6764957904815674","1.6764957904815674","1411","1411","1411"
"69999","1.047027587890625","1.047027587890625","1.047027587890625","1412","1412","1412"
"70049","1.2889418601989746","1.2889418601989746","1.2889418601989746","1414","1414","1414"
"70099","1.6075116395950317","1.6075116395950317","1.6075116395950317","1415","1415","1415"
"70149","1.181919813156128","1.181919813156128","1.181919813156128","1416","1416","1416"
"70199","1.8069244623184204","1.8069244623184204","1.8069244623184204","1417","1417","1417"
"70249","1.7114773988723755","1.7114773988723755","1.7114773988723755","1418","1418","1418"
"70299","1.5032141208648682","1.5032141208648682","1.5032141208648682","1419","1419","1419"
"70349","1.8188972473144531","1.8188972473144531","1.8188972473144531","1420","1420","1420"
"70399","1.4303655624389648","1.4303655624389648","1.4303655624389648","1421","1421","1421"
"70449","1.7463206052780151","1.7463206052780151","1.7463206052780151","1422","1422","1422"
"70499","1.2923734188079834","1.2923734188079834","1.2923734188079834","1423","1423","1423"
"70549","1.6848220825195312","1.6848220825195312","1.6848220825195312","1424","1424","1424"
"70599","1.4633337259292603","1.4633337259292603","1.4633337259292603","1425","1425","1425"
"70649","2.211956739425659","2.211956739425659","2.211956739425659","1426","1426","1426"
"70699","1.8977649211883545","1.8977649211883545","1.8977649211883545","1427","1427","1427"
"70749","1.4140958786010742","1.4140958786010742","1.4140958786010742","1428","1428","1428"
"70799","2.66032075881958","2.66032075881958","2.66032075881958","1429","1429","1429"
"70849","1.4802675247192383","1.4802675247192383","1.4802675247192383","1430","1430","1430"
"70899","2.1745057106018066","2.1745057106018066","2.1745057106018066","1431","1431","1431"
"70949","1.7725237607955933","1.7725237607955933","1.7725237607955933","1432","1432","1432"
"70999","2.5509748458862305","2.5509748458862305","2.5509748458862305","1433","1433","1433"
"71049","1.540629506111145","1.540629506111145","1.540629506111145","1434","1434","1434"
"71099","1.5307005643844604","1.5307005643844604","1.5307005643844604","1435","1435","1435"
"71149","1.0915554761886597","1.0915554761886597","1.0915554761886597","1436","1436","1436"
"71199","2.27073073387146","2.27073073387146","2.27073073387146","1437","1437","1437"
"71249","1.9798948764801025","1.9798948764801025","1.9798948764801025","1438","1438","1438"
"71299","1.8178421258926392","1.8178421258926392","1.8178421258926392","1439","1439","1439"
"71349","2.8896117210388184","2.8896117210388184","2.8896117210388184","1440","1440","1440"
"71399","1.0218298435211182","1.0218298435211182","1.0218298435211182","1441","1441","1441"
"71449","1.383154273033142","1.383154273033142","1.383154273033142","1442","1442","1442"
"71499","2.522545576095581","2.522545576095581","2.522545576095581","1443","1443","1443"
"71549","1.535387635231018","1.535387635231018","1.535387635231018","1444","1444","1444"
"71599","2.324155807495117","2.324155807495117","2.324155807495117","1445","1445","1445"
"71649","3.0261669158935547","3.0261669158935547","3.0261669158935547","1446","1446","1446"
"71699","2.933095932006836","2.933095932006836","2.933095932006836","1447","1447","1447"
"71749","1.2625267505645752","1.2625267505645752","1.2625267505645752","1448","1448","1448"
"71799","1.983184814453125","1.983184814453125","1.983184814453125","1449","1449","1449"
"71849","1.634106159210205","1.634106159210205","1.634106159210205","1450","1450","1450"
"71899","1.4194103479385376","1.4194103479385376","1.4194103479385376","1451","1451","1451"
"71949","1.7256348133087158","1.7256348133087158","1.7256348133087158","1452","1452","1452"
"71999","2.174384593963623","2.174384593963623","2.174384593963623","1453","1453","1453"
"72049","1.4688701629638672","1.4688701629638672","1.4688701629638672","1454","1454","1454"
"72099","0.9098337888717651","0.9098337888717651","0.9098337888717651","1455","1455","1455"
"72149","1.3957409858703613","1.3957409858703613","1.3957409858703613","1456","1456","1456"
"72199","1.7817015647888184","1.7817015647888184","1.7817015647888184","1457","1457","1457"
"72249","1.1704773902893066","1.1704773902893066","1.1704773902893066","1458","1458","1458"
"72299","1.1169688701629639","1.1169688701629639","1.1169688701629639","1459","1459","1459"
"72349","1.844007134437561","1.844007134437561","1.844007134437561","1460","1460","1460"
"72399","0.93943190574646","0.93943190574646","0.93943190574646","1461","1461","1461"
"72449","1.325729250907898","1.325729250907898","1.325729250907898","1462","1462","1462"
"72499","1.7411328554153442","1.7411328554153442","1.7411328554153442","1463","1463","1463"
"72549","2.038649320602417","2.038649320602417","2.038649320602417","1464","1464","1464"
"72599","1.1549533605575562","1.1549533605575562","1.1549533605575562","1465","1465","1465"
"72649","1.2988337278366089","1.2988337278366089","1.2988337278366089","1466","1466","1466"
"72699","1.1649616956710815","1.1649616956710815","1.1649616956710815","1467","1467","1467"
"72749","1.986524224281311","1.986524224281311","1.986524224281311","1468","1468","1468"
"72799","1.6725183725357056","1.6725183725357056","1.6725183725357056","1469","1469","1469"
"72849","2.011359930038452","2.011359930038452","2.011359930038452","1470","1470","1470"
"72899","0.8381434082984924","0.8381434082984924","0.8381434082984924","1471","1471","1471"
"72949","1.5460723638534546","1.5460723638534546","1.5460723638534546","1472","1472","1472"
"72999","1.4901654720306396","1.4901654720306396","1.4901654720306396","1473","1473","1473"
"73049","1.2772271633148193","1.2772271633148193","1.2772271633148193","1474","1474","1474"
"73099","1.0612461566925049","1.0612461566925049","1.0612461566925049","1475","1475","1475"
"73149","1.6997979879379272","1.6997979879379272","1.6997979879379272","1476","1476","1476"
"73199","1.2723073959350586","1.2723073959350586","1.2723073959350586","1477","1477","1477"
"73249","1.240803599357605","1.240803599357605","1.240803599357605","1478","1478","1478"
"73299","0.8516567945480347","0.8516567945480347","0.8516567945480347","1479","1479","1479"
"73349","1.9448833465576172","1.9448833465576172","1.9448833465576172","1480","1480","1480"
"73399","1.4934756755828857","1.4934756755828857","1.4934756755828857","1481","1481","1481"
"73449","1.2352994680404663","1.2352994680404663","1.2352994680404663","1482","1482","1482"
"73499","1.8310027122497559","1.8310027122497559","1.8310027122497559","1483","1483","1483"
"73549","1.6584700345993042","1.6584700345993042","1.6584700345993042","1484","1484","1484"
"73599","1.6325914859771729","1.6325914859771729","1.6325914859771729","1485","1485","1485"
"73649","1.769294023513794","1.769294023513794","1.769294023513794","1486","1486","1486"
"73699","1.697045087814331","1.697045087814331","1.697045087814331","1487","1487","1487"
"73749","1.5391418933868408","1.5391418933868408","1.5391418933868408","1488","1488","1488"
"73799","1.4367139339447021","1.4367139339447021","1.4367139339447021","1489","1489","1489"
"73849","1.817320704460144","1.817320704460144","1.817320704460144","1490","1490","1490"
"73899","1.7518953084945679","1.7518953084945679","1.7518953084945679","1491","1491","1491"
"73949","2.228282928466797","2.228282928466797","2.228282928466797","1492","1492","1492"
"73999","1.0661332607269287","1.0661332607269287","1.0661332607269287","1493","1493","1493"
"74049","1.4081826210021973","1.4081826210021973","1.4081826210021973","1494","1494","1494"
"74099","1.3220577239990234","1.3220577239990234","1.3220577239990234","1495","1495","1495"
"74149","1.5775976181030273","1.5775976181030273","1.5775976181030273","1496","1496","1496"
"74199","1.9845540523529053","1.9845540523529053","1.9845540523529053","1497","1497","1497"
"74249","1.7319567203521729","1.7319567203521729","1.7319567203521729","1498","1498","1498"
"74299","2.338524580001831","2.338524580001831","2.338524580001831","1499","1499","1499"
"74349","1.7923202514648438","1.7923202514648438","1.7923202514648438","1500","1500","1500"
"74399","2.135507822036743","2.135507822036743","2.135507822036743","1501","1501","1501"
"74449","1.4087601900100708","1.4087601900100708","1.4087601900100708","1502","1502","1502"
"74499","1.861736536026001","1.861736536026001","1.861736536026001","1503","1503","1503"
"74549","1.4284231662750244","1.4284231662750244","1.4284231662750244","1504","1504","1504"
"74599","1.129064679145813","1.129064679145813","1.129064679145813","1505","1505","1505"
"74649","2.057436227798462","2.057436227798462","2.057436227798462","1506","1506","1506"
"74699","2.2481937408447266","2.2481937408447266","2.2481937408447266","1507","1507","1507"
"74749","1.917762279510498","1.917762279510498","1.917762279510498","1508","1508","1508"
"74799","1.10567307472229","1.10567307472229","1.10567307472229","1509","1509","1509"
"74849","1.248259425163269","1.248259425163269","1.248259425163269","1510","1510","1510"
"74899","1.4639885425567627","1.4639885425567627","1.4639885425567627","1511","1511","1511"
"74949","1.1389989852905273","1.1389989852905273","1.1389989852905273","1512","1512","1512"
"74999","2.1937031745910645","2.1937031745910645","2.1937031745910645","1513","1513","1513"
"75049","1.000218152999878","1.000218152999878","1.000218152999878","1515","1515","1515"
"75099","1.3475477695465088","1.3475477695465088","1.3475477695465088","1516","1516","1516"
"75149","1.9198232889175415","1.9198232889175415","1.9198232889175415","1517","1517","1517"
"75199","1.3857600688934326","1.3857600688934326","1.3857600688934326","1518","1518","1518"
"75249","2.0270590782165527","2.0270590782165527","2.0270590782165527","1519","1519","1519"
"75299","1.256077766418457","1.256077766418457","1.256077766418457","1520","1520","1520"
"75349","1.0465152263641357","1.0465152263641357","1.0465152263641357","1521","1521","1521"
"75399","2.2842228412628174","2.2842228412628174","2.2842228412628174","1522","1522","1522"
"75449","1.4633195400238037","1.4633195400238037","1.4633195400238037","1523","1523","1523"
"75499","2.8092706203460693","2.8092706203460693","2.8092706203460693","1524","1524","1524"
"75549","1.6727941036224365","1.6727941036224365","1.6727941036224365","1525","1525","1525"
"75599","0.9478247165679932","0.9478247165679932","0.9478247165679932","1526","1526","1526"
"75649","3.1318531036376953","3.1318531036376953","3.1318531036376953","1527","1527","1527"
"75699","1.5339678525924683","1.5339678525924683","1.5339678525924683","1528","1528","1528"
"75749","1.6916329860687256","1.6916329860687256","1.6916329860687256","1529","1529","1529"
"75799","1.384686827659607","1.384686827659607","1.384686827659607","1530","1530","1530"
"75849","1.7004117965698242","1.7004117965698242","1.7004117965698242","1531","1531","1531"
"75899","1.475855827331543","1.475855827331543","1.475855827331543","1532","1532","1532"
"75949","1.7497578859329224","1.7497578859329224","1.7497578859329224","1533","1533","1533"
"75999","2.816056728363037","2.816056728363037","2.816056728363037","1534","1534","1534"
"76049","1.5716781616210938","1.5716781616210938","1.5716781616210938","1535","1535","1535"
"76099","1.7334457635879517","1.7334457635879517","1.7334457635879517","1536","1536","1536"
"76149","1.8421657085418701","1.8421657085418701","1.8421657085418701","1537","1537","1537"
"76199","1.204211711883545","1.204211711883545","1.204211711883545","1538","1538","1538"
"76249","1.7078074216842651","1.7078074216842651","1.7078074216842651","1539","1539","1539"
"76299","1.3362218141555786","1.3362218141555786","1.3362218141555786","1540","1540","1540"
"76349","1.2644381523132324","1.2644381523132324","1.2644381523132324","1541","1541","1541"
"76399","1.9183228015899658","1.9183228015899658","1.9183228015899658","1542","1542","1542"
"76449","1.6771974563598633","1.6771974563598633","1.6771974563598633","1543","1543","1543"
"76499","1.6862232685089111","1.6862232685089111","1.6862232685089111","1544","1544","1544"
"76549","1.206443428993225","1.206443428993225","1.206443428993225","1545","1545","1545"
"76599","1.8545889854431152","1.8545889854431152","1.8545889854431152","1546","1546","1546"
"76649","1.4645992517471313","1.4645992517471313","1.4645992517471313","1547","1547","1547"
"76699","2.2418854236602783","2.2418854236602783","2.2418854236602783","1548","1548","1548"
"76749","1.3659629821777344","1.3659629821777344","1.3659629821777344","1549","1549","1549"
"76799","1.605011224746704","1.605011224746704","1.605011224746704","1550","1550","1550"
"76849","1.526782512664795","1.526782512664795","1.526782512664795","1551","1551","1551"
"76899","2.0274417400360107","2.0274417400360107","2.0274417400360107","1552","1552","1552"
"76949","1.2391210794448853","1.2391210794448853","1.2391210794448853","1553","1553","1553"
"76999","1.6231153011322021","1.6231153011322021","1.6231153011322021","1554","1554","1554"
"77049","1.090013861656189","1.090013861656189","1.090013861656189","1555","1555","1555"
"77099","1.1409084796905518","1.1409084796905518","1.1409084796905518","1556","1556","1556"
"77149","1.5373717546463013","1.5373717546463013","1.5373717546463013","1557","1557","1557"
"77199","1.8313127756118774","1.8313127756118774","1.8313127756118774","1558","1558","1558"
"77249","2.4671332836151123","2.4671332836151123","2.4671332836151123","1559","1559","1559"
"77299","1.1136729717254639","1.1136729717254639","1.1136729717254639","1560","1560","1560"
"77349","1.1412923336029053","1.1412923336029053","1.1412923336029053","1561","1561","1561"
"77399","2.2373743057250977","2.2373743057250977","2.2373743057250977","1562","1562","1562"
"77449","1.1508550643920898","1.1508550643920898","1.1508550643920898","1563","1563","1563"
"77499","1.0117095708847046","1.0117095708847046","1.0117095708847046","1564","1564","1564"
"77549","0.7901487946510315","0.7901487946510315","0.7901487946510315","1565","1565","1565"
"77599","2.101372241973877","2.101372241973877","2.101372241973877","1566","1566","1566"
"77649","1.6484262943267822","1.6484262943267822","1.6484262943267822","1567","1567","1567"
"77699","2.241420269012451","2.241420269012451","2.241420269012451","1568","1568","1568"
"77749","1.4756977558135986","1.4756977558135986","1.4756977558135986","1569","1569","1569"
"77799","2.1526050567626953","2.1526050567626953","2.1526050567626953","1570","1570","1570"
"77849","1.7982194423675537","1.7982194423675537","1.7982194423675537","1571","1571","1571"
"77899","1.2820768356323242","1.2820768356323242","1.2820768356323242","1572","1572","1572"
"77949","1.617289662361145","1.617289662361145","1.617289662361145","1573","1573","1573"
"77999","1.6856935024261475","1.6856935024261475","1.6856935024261475","1574","1574","1574"
"78049","2.636695384979248","2.636695384979248","2.636695384979248","1575","1575","1575"
"78099","1.4735382795333862","1.4735382795333862","1.4735382795333862","1576","1576","1576"
"78149","2.009335994720459","2.009335994720459","2.009335994720459","1577","1577","1577"
"78199","2.508434534072876","2.508434534072876","2.508434534072876","1578","1578","1578"
"78249","1.4312357902526855","1.4312357902526855","1.4312357902526855","1579","1579","1579"
"78299","0.9708502292633057","0.9708502292633057","0.9708502292633057","1580","1580","1580"
"78349","2.3468499183654785","2.3468499183654785","2.3468499183654785","1581","1581","1581"
"78399","2.380174160003662","2.380174160003662","2.380174160003662","1582","1582","1582"
"78449","1.3620665073394775","1.3620665073394775","1.3620665073394775","1583","1583","1583"
"78499","1.331923007965088","1.331923007965088","1.331923007965088","1584","1584","1584"
"78549","1.0250108242034912","1.0250108242034912","1.0250108242034912","1585","1585","1585"
"78599","1.8400689363479614","1.8400689363479614","1.8400689363479614","1586","1586","1586"
"78649","2.1870052814483643","2.1870052814483643","2.1870052814483643","1587","1587","1587"
"78699","2.3502674102783203","2.3502674102783203","2.3502674102783203","1588","1588","1588"
"78749","2.022421360015869","2.022421360015869","2.022421360015869","1589","1589","1589"
"78799","2.379952907562256","2.379952907562256","2.379952907562256","1590","1590","1590"
"78849","1.6022287607192993","1.6022287607192993","1.6022287607192993","1591","1591","1591"
"78899","1.3957903385162354","1.3957903385162354","1.3957903385162354","1592","1592","1592"
"78949","2.2680883407592773","2.2680883407592773","2.2680883407592773","1593","1593","1593"
"78999","1.9054679870605469","1.9054679870605469","1.9054679870605469","1594","1594","1594"
"79049","1.9079461097717285","1.9079461097717285","1.9079461097717285","1595","1595","1595"
"79099","1.9263498783111572","1.9263498783111572","1.9263498783111572","1596","1596","1596"
"79149","1.3197497129440308","1.3197497129440308","1.3197497129440308","1597","1597","1597"
"79199","1.3006527423858643","1.3006527423858643","1.3006527423858643","1598","1598","1598"
"79249","1.3789966106414795","1.3789966106414795","1.3789966106414795","1599","1599","1599"
"79299","1.6020315885543823","1.6020315885543823","1.6020315885543823","1600","1600","1600"
"79349","2.7110447883605957","2.7110447883605957","2.7110447883605957","1601","1601","1601"
"79399","1.705174207687378","1.705174207687378","1.705174207687378","1602","1602","1602"
"79449","1.8322010040283203","1.8322010040283203","1.8322010040283203","1603","1603","1603"
"79499","1.4385137557983398","1.4385137557983398","1.4385137557983398","1604","1604","1604"
"79549","1.5354912281036377","1.5354912281036377","1.5354912281036377","1605","1605","1605"
"79599","1.1486939191818237","1.1486939191818237","1.1486939191818237","1606","1606","1606"
"79649","1.529826045036316","1.529826045036316","1.529826045036316","1607","1607","1607"
"79699","1.0912723541259766","1.0912723541259766","1.0912723541259766","1608","1608","1608"
"79749","1.6379693746566772","1.6379693746566772","1.6379693746566772","1609","1609","1609"
"79799","1.7333226203918457","1.7333226203918457","1.7333226203918457","1610","1610","1610"
"79849","3.2353971004486084","3.2353971004486084","3.2353971004486084","1611","1611","1611"
"79899","1.5330231189727783","1.5330231189727783","1.5330231189727783","1612","1612","1612"
"79949","1.5956932306289673","1.5956932306289673","1.5956932306289673","1613","1613","1613"
"79999","1.7240873575210571","1.7240873575210571","1.7240873575210571","1614","1614","1614"
"80049","1.376860499382019","1.376860499382019","1.376860499382019","1616","1616","1616"
"80099","1.492936134338379","1.492936134338379","1.492936134338379","1617","1617","1617"
"80149","1.8146405220031738","1.8146405220031738","1.8146405220031738","1618","1618","1618"
"80199","1.7700313329696655","1.7700313329696655","1.7700313329696655","1619","1619","1619"
"80249","1.3917198181152344","1.3917198181152344","1.3917198181152344","1620","1620","1620"
"80299","1.7277843952178955","1.7277843952178955","1.7277843952178955","1621","1621","1621"
"80349","2.0323197841644287","2.0323197841644287","2.0323197841644287","1622","1622","1622"
"80399","1.0202255249023438","1.0202255249023438","1.0202255249023438","1623","1623","1623"
"80449","1.6093920469284058","1.6093920469284058","1.6093920469284058","1624","1624","1624"
"80499","1.8555405139923096","1.8555405139923096","1.8555405139923096","1625","1625","1625"
"80549","1.2202489376068115","1.2202489376068115","1.2202489376068115","1626","1626","1626"
"80599","1.0179212093353271","1.0179212093353271","1.0179212093353271","1627","1627","1627"
"80649","1.2892581224441528","1.2892581224441528","1.2892581224441528","1628","1628","1628"
"80699","1.5405184030532837","1.5405184030532837","1.5405184030532837","1629","1629","1629"
"80749","2.667558193206787","2.667558193206787","2.667558193206787","1630","1630","1630"
"80799","1.810636043548584","1.810636043548584","1.810636043548584","1631","1631","1631"
"80849","1.3470063209533691","1.3470063209533691","1.3470063209533691","1632","1632","1632"
"80899","1.4511007070541382","1.4511007070541382","1.4511007070541382","1633","1633","1633"
"80949","1.719064474105835","1.719064474105835","1.719064474105835","1634","1634","1634"
"80999","1.5205814838409424","1.5205814838409424","1.5205814838409424","1635","1635","1635"
"81049","1.7669651508331299","1.7669651508331299","1.7669651508331299","1636","1636","1636"
"81099","1.3437347412109375","1.3437347412109375","1.3437347412109375","1637","1637","1637"
"81149","1.4703843593597412","1.4703843593597412","1.4703843593597412","1638","1638","1638"
"81199","1.42136549949646","1.42136549949646","1.42136549949646","1639","1639","1639"
"81249","1.8104639053344727","1.8104639053344727","1.8104639053344727","1640","1640","1640"
"81299","1.3954801559448242","1.3954801559448242","1.3954801559448242","1641","1641","1641"
"81349","1.8884563446044922","1.8884563446044922","1.8884563446044922","1642","1642","1642"
"81399","1.5407415628433228","1.5407415628433228","1.5407415628433228","1643","1643","1643"
"81449","1.3091775178909302","1.3091775178909302","1.3091775178909302","1644","1644","1644"
"81499","1.0697578191757202","1.0697578191757202","1.0697578191757202","1645","1645","1645"
"81549","1.2977261543273926","1.2977261543273926","1.2977261543273926","1646","1646","1646"
"81599","1.6559427976608276","1.6559427976608276","1.6559427976608276","1647","1647","1647"
"81649","2.316422700881958","2.316422700881958","2.316422700881958","1648","1648","1648"
"81699","1.4310615062713623","1.4310615062713623","1.4310615062713623","1649","1649","1649"
"81749","2.47123384475708","2.47123384475708","2.47123384475708","1650","1650","1650"
"81799","2.5426907539367676","2.5426907539367676","2.5426907539367676","1651","1651","1651"
"81849","2.555203437805176","2.555203437805176","2.555203437805176","1652","1652","1652"
"81899","2.05019474029541","2.05019474029541","2.05019474029541","1653","1653","1653"
"81949","1.3164552450180054","1.3164552450180054","1.3164552450180054","1654","1654","1654"
"81999","1.9688605070114136","1.9688605070114136","1.9688605070114136","1655","1655","1655"
"82049","2.7813079357147217","2.7813079357147217","2.7813079357147217","1656","1656","1656"
"82099","1.2298698425292969","1.2298698425292969","1.2298698425292969","1657","1657","1657"
"82149","2.0403294563293457","2.0403294563293457","2.0403294563293457","1658","1658","1658"
"82199","1.798042893409729","1.798042893409729","1.798042893409729","1659","1659","1659"
"82249","1.099152684211731","1.099152684211731","1.099152684211731","1660","1660","1660"
"82299","1.779615879058838","1.779615879058838","1.779615879058838","1661","1661","1661"
"82349","1.8093206882476807","1.8093206882476807","1.8093206882476807","1662","1662","1662"
"82399","1.7362825870513916","1.7362825870513916","1.7362825870513916","1663","1663","1663"
"82449","1.1416147947311401","1.1416147947311401","1.1416147947311401","1664","1664","1664"
"82499","1.6113213300704956","1.6113213300704956","1.6113213300704956","1665","1665","1665"
"82549","1.3148994445800781","1.3148994445800781","1.3148994445800781","1666","1666","1666"
"82599","2.761725902557373","2.761725902557373","2.761725902557373","1667","1667","1667"
"82649","1.9623697996139526","1.9623697996139526","1.9623697996139526","1668","1668","1668"
"82699","2.2906360626220703","2.2906360626220703","2.2906360626220703","1669","1669","1669"
"82749","1.8692436218261719","1.8692436218261719","1.8692436218261719","1670","1670","1670"
"82799","1.9259402751922607","1.9259402751922607","1.9259402751922607","1671","1671","1671"
"82849","2.87878680229187","2.87878680229187","2.87878680229187","1672","1672","1672"
"82899","1.6053357124328613","1.6053357124328613","1.6053357124328613","1673","1673","1673"
"82949","1.786240577697754","1.786240577697754","1.786240577697754","1674","1674","1674"
"82999","1.789340853691101","1.789340853691101","1.789340853691101","1675","1675","1675"
"83049","1.9047821760177612","1.9047821760177612","1.9047821760177612","1676","1676","1676"
"83099","1.3914188146591187","1.3914188146591187","1.3914188146591187","1677","1677","1677"
"83149","0.9609276056289673","0.9609276056289673","0.9609276056289673","1678","1678","1678"
"83199","1.9552515745162964","1.9552515745162964","1.9552515745162964","1679","1679","1679"
"83249","1.4232771396636963","1.4232771396636963","1.4232771396636963","1680","1680","1680"
"83299","1.2513033151626587","1.2513033151626587","1.2513033151626587","1681","1681","1681"
"83349","1.9429363012313843","1.9429363012313843","1.9429363012313843","1682","1682","1682"
"83399","1.5726721286773682","1.5726721286773682","1.5726721286773682","1683","1683","1683"
"83449","2.479949951171875","2.479949951171875","2.479949951171875","1684","1684","1684"
"83499","0.9779661893844604","0.9779661893844604","0.9779661893844604","1685","1685","1685"
"83549","1.4153892993927002","1.4153892993927002","1.4153892993927002","1686","1686","1686"
"83599","1.0881301164627075","1.0881301164627075","1.0881301164627075","1687","1687","1687"
"83649","1.2724446058273315","1.2724446058273315","1.2724446058273315","1688","1688","1688"
"83699","2.3258209228515625","2.3258209228515625","2.3258209228515625","1689","1689","1689"
"83749","1.4200878143310547","1.4200878143310547","1.4200878143310547","1690","1690","1690"
"83799","3.656035900115967","3.656035900115967","3.656035900115967","1691","1691","1691"
"83849","2.9781041145324707","2.9781041145324707","2.9781041145324707","1692","1692","1692"
"83899","1.7623707056045532","1.7623707056045532","1.7623707056045532","1693","1693","1693"
"83949","1.657001256942749","1.657001256942749","1.657001256942749","1694","1694","1694"
"83999","2.394380569458008","2.394380569458008","2.394380569458008","1695","1695","1695"
"84049","2.7077887058258057","2.7077887058258057","2.7077887058258057","1696","1696","1696"
"84099","1.4075579643249512","1.4075579643249512","1.4075579643249512","1697","1697","1697"
"84149","1.5453848838806152","1.5453848838806152","1.5453848838806152","1698","1698","1698"
"84199","1.6009857654571533","1.6009857654571533","1.6009857654571533","1699","1699","1699"
"84249","2.0250420570373535","2.0250420570373535","2.0250420570373535","1700","1700","1700"
"84299","1.1905031204223633","1.1905031204223633","1.1905031204223633","1701","1701","1701"
"84349","1.6516709327697754","1.6516709327697754","1.6516709327697754","1702","1702","1702"
"84399","1.6867858171463013","1.6867858171463013","1.6867858171463013","1703","1703","1703"
"84449","2.2883713245391846","2.2883713245391846","2.2883713245391846","1704","1704","1704"
"84499","3.2310328483581543","3.2310328483581543","3.2310328483581543","1705","1705","1705"
"84549","2.535726547241211","2.535726547241211","2.535726547241211","1706","1706","1706"
"84599","2.478663206100464","2.478663206100464","2.478663206100464","1707","1707","1707"
"84649","1.9852311611175537","1.9852311611175537","1.9852311611175537","1708","1708","1708"
"84699","2.026198387145996","2.026198387145996","2.026198387145996","1709","1709","1709"
"84749","3.1639418601989746","3.1639418601989746","3.1639418601989746","1710","1710","1710"
"84799","2.101158380508423","2.101158380508423","2.101158380508423","1711","1711","1711"
"84849","2.749488115310669","2.749488115310669","2.749488115310669","1712","1712","1712"
"84899","3.0695149898529053","3.0695149898529053","3.0695149898529053","1713","1713","1713"
"84949","2.66752028465271","2.66752028465271","2.66752028465271","1714","1714","1714"
"84999","2.4978585243225098","2.4978585243225098","2.4978585243225098","1715","1715","1715"
"85049","1.3523200750350952","1.3523200750350952","1.3523200750350952","1717","1717","1717"
"85099","2.393693447113037","2.393693447113037","2.393693447113037","1718","1718","1718"
"85149","1.239410638809204","1.239410638809204","1.239410638809204","1719","1719","1719"
"85199","2.0630006790161133","2.0630006790161133","2.0630006790161133","1720","1720","1720"
"85249","1.581170916557312","1.581170916557312","1.581170916557312","1721","1721","1721"
"85299","1.9825913906097412","1.9825913906097412","1.9825913906097412","1722","1722","1722"
"85349","3.7639217376708984","3.7639217376708984","3.7639217376708984","1723","1723","1723"
"85399","2.1129257678985596","2.1129257678985596","2.1129257678985596","1724","1724","1724"
"85449","1.8840068578720093","1.8840068578720093","1.8840068578720093","1725","1725","1725"
"85499","2.047746419906616","2.047746419906616","2.047746419906616","1726","1726","1726"
"85549","2.3059639930725098","2.3059639930725098","2.3059639930725098","1727","1727","1727"
"85599","2.4687979221343994","2.4687979221343994","2.4687979221343994","1728","1728","1728"
"85649","1.4336751699447632","1.4336751699447632","1.4336751699447632","1729","1729","1729"
"85699","1.8884875774383545","1.8884875774383545","1.8884875774383545","1730","1730","1730"
"85749","1.4365845918655396","1.4365845918655396","1.4365845918655396","1731","1731","1731"
"85799","2.8305060863494873","2.8305060863494873","2.8305060863494873","1732","1732","1732"
"85849","2.8471975326538086","2.8471975326538086","2.8471975326538086","1733","1733","1733"
"85899","2.4598774909973145","2.4598774909973145","2.4598774909973145","1734","1734","1734"
"85949","1.4259713888168335","1.4259713888168335","1.4259713888168335","1735","1735","1735"
"85999","3.8606936931610107","3.8606936931610107","3.8606936931610107","1736","1736","1736"
"86049","1.31895112991333","1.31895112991333","1.31895112991333","1737","1737","1737"
"86099","1.3468440771102905","1.3468440771102905","1.3468440771102905","1738","1738","1738"
"86149","2.847139358520508","2.847139358520508","2.847139358520508","1739","1739","1739"
"86199","2.10381817817688","2.10381817817688","2.10381817817688","1740","1740","1740"
"86249","1.6186398267745972","1.6186398267745972","1.6186398267745972","1741","1741","1741"
"86299","2.545454740524292","2.545454740524292","2.545454740524292","1742","1742","1742"
"86349","2.823572874069214","2.823572874069214","2.823572874069214","1743","1743","1743"
"86399","2.338332176208496","2.338332176208496","2.338332176208496","1744","1744","1744"
"86449","3.1004345417022705","3.1004345417022705","3.1004345417022705","1745","1745","1745"
"86499","2.167966365814209","2.167966365814209","2.167966365814209","1746","1746","1746"
"86549","3.1243691444396973","3.1243691444396973","3.1243691444396973","1747","1747","1747"
"86599","1.545662522315979","1.545662522315979","1.545662522315979","1748","1748","1748"
"86649","2.5031750202178955","2.5031750202178955","2.5031750202178955","1749","1749","1749"
"86699","2.270814895629883","2.270814895629883","2.270814895629883","1750","1750","1750"
"86749","3.444814920425415","3.444814920425415","3.444814920425415","1751","1751","1751"
"86799","1.58109450340271","1.58109450340271","1.58109450340271","1752","1752","1752"
"86849","2.4330554008483887","2.4330554008483887","2.4330554008483887","1753","1753","1753"
"86899","1.6279014348983765","1.6279014348983765","1.6279014348983765","1754","1754","1754"
"86949","2.103804349899292","2.103804349899292","2.103804349899292","1755","1755","1755"
"86999","2.51652193069458","2.51652193069458","2.51652193069458","1756","1756","1756"
"87049","1.6117091178894043","1.6117091178894043","1.6117091178894043","1757","1757","1757"
"87099","1.3335829973220825","1.3335829973220825","1.3335829973220825","1758","1758","1758"
"87149","2.0377297401428223","2.0377297401428223","2.0377297401428223","1759","1759","1759"
"87199","3.7773375511169434","3.7773375511169434","3.7773375511169434","1760","1760","1760"
"87249","1.9633586406707764","1.9633586406707764","1.9633586406707764","1761","1761","1761"
"87299","1.2734532356262207","1.2734532356262207","1.2734532356262207","1762","1762","1762"
"87349","1.9738829135894775","1.9738829135894775","1.9738829135894775","1763","1763","1763"
"87399","2.504343032836914","2.504343032836914","2.504343032836914","1764","1764","1764"
"87449","3.0706710815429688","3.0706710815429688","3.0706710815429688","1765","1765","1765"
"87499","2.124336004257202","2.124336004257202","2.124336004257202","1766","1766","1766"
"87549","3.332643508911133","3.332643508911133","3.332643508911133","1767","1767","1767"
"87599","3.245251417160034","3.245251417160034","3.245251417160034","1768","1768","1768"
"87649","1.7725564241409302","1.7725564241409302","1.7725564241409302","1769","1769","1769"
"87699","2.9699959754943848","2.9699959754943848","2.9699959754943848","1770","1770","1770"
"87749","1.4727718830108643","1.4727718830108643","1.4727718830108643","1771","1771","1771"
"87799","2.4682557582855225","2.4682557582855225","2.4682557582855225","1772","1772","1772"
"87849","2.8256995677948","2.8256995677948","2.8256995677948","1773","1773","1773"
"87899","2.895925760269165","2.895925760269165","2.895925760269165","1774","1774","1774"
"87949","2.164335250854492","2.164335250854492","2.164335250854492","1775","1775","1775"
"87999","1.3276337385177612","1.3276337385177612","1.3276337385177612","1776","1776","1776"
"88049","2.151273488998413","2.151273488998413","2.151273488998413","1777","1777","1777"
"88099","2.8869271278381348","2.8869271278381348","2.8869271278381348","1778","1778","1778"
"88149","1.116573452949524","1.116573452949524","1.116573452949524","1779","1779","1779"
"88199","3.397524356842041","3.397524356842041","3.397524356842041","1780","1780","1780"
"88249","3.2736804485321045","3.2736804485321045","3.2736804485321045","1781","1781","1781"
"88299","2.3612823486328125","2.3612823486328125","2.3612823486328125","1782","1782","1782"
"88349","1.2703793048858643","1.2703793048858643","1.2703793048858643","1783","1783","1783"
"88399","1.4144153594970703","1.4144153594970703","1.4144153594970703","1784","1784","1784"
"88449","3.412825107574463","3.412825107574463","3.412825107574463","1785","1785","1785"
"88499","1.7218133211135864","1.7218133211135864","1.7218133211135864","1786","1786","1786"
"88549","3.291808605194092","3.291808605194092","3.291808605194092","1787","1787","1787"
"88599","1.164252519607544","1.164252519607544","1.164252519607544","1788","1788","1788"
"88649","2.791428327560425","2.791428327560425","2.791428327560425","1789","1789","1789"
"88699","2.965006113052368","2.965006113052368","2.965006113052368","1790","1790","1790"
"88749","2.623178482055664","2.623178482055664","2.623178482055664","1791","1791","1791"
"88799","1.3088421821594238","1.3088421821594238","1.3088421821594238","1792","1792","1792"
"88849","2.109874963760376","2.109874963760376","2.109874963760376","1793","1793","1793"
"88899","2.971538543701172","2.971538543701172","2.971538543701172","1794","1794","1794"
"88949","1.933268666267395","1.933268666267395","1.933268666267395","1795","1795","1795"
"88999","1.8085483312606812","1.8085483312606812","1.8085483312606812","1796","1796","1796"
"89049","3.3483121395111084","3.3483121395111084","3.3483121395111084","1797","1797","1797"
"89099","2.028075695037842","2.028075695037842","2.028075695037842","1798","1798","1798"
"89149","1.4822652339935303","1.4822652339935303","1.4822652339935303","1799","1799","1799"
"89199","3.423313617706299","3.423313617706299","3.423313617706299","1800","1800","1800"
"89249","2.3578333854675293","2.3578333854675293","2.3578333854675293","1801","1801","1801"
"89299","1.4525479078292847","1.4525479078292847","1.4525479078292847","1802","1802","1802"
"89349","1.5791374444961548","1.5791374444961548","1.5791374444961548","1803","1803","1803"
"89399","1.8750617504119873","1.8750617504119873","1.8750617504119873","1804","1804","1804"
"89449","2.5366897583007812","2.5366897583007812","2.5366897583007812","1805","1805","1805"
"89499","3.5189249515533447","3.5189249515533447","3.5189249515533447","1806","1806","1806"
"89549","1.5217411518096924","1.5217411518096924","1.5217411518096924","1807","1807","1807"
"89599","3.4994118213653564","3.4994118213653564","3.4994118213653564","1808","1808","1808"
"89649","2.863177537918091","2.863177537918091","2.863177537918091","1809","1809","1809"
"89699","1.5362516641616821","1.5362516641616821","1.5362516641616821","1810","1810","1810"
"89749","1.9525530338287354","1.9525530338287354","1.9525530338287354","1811","1811","1811"
"89799","1.5819830894470215","1.5819830894470215","1.5819830894470215","1812","1812","1812"
"89849","1.1320362091064453","1.1320362091064453","1.1320362091064453","1813","1813","1813"
"89899","1.5569415092468262","1.5569415092468262","1.5569415092468262","1814","1814","1814"
"89949","1.1054751873016357","1.1054751873016357","1.1054751873016357","1815","1815","1815"
"89999","2.4548943042755127","2.4548943042755127","2.4548943042755127","1816","1816","1816"
"90049","3.0029306411743164","3.0029306411743164","3.0029306411743164","1818","1818","1818"
"90099","2.0457570552825928","2.0457570552825928","2.0457570552825928","1819","1819","1819"
"90149","2.251589775085449","2.251589775085449","2.251589775085449","1820","1820","1820"
"90199","1.156204104423523","1.156204104423523","1.156204104423523","1821","1821","1821"
"90249","2.425227642059326","2.425227642059326","2.425227642059326","1822","1822","1822"
"90299","1.5258750915527344","1.5258750915527344","1.5258750915527344","1823","1823","1823"
"90349","1.8447082042694092","1.8447082042694092","1.8447082042694092","1824","1824","1824"
"90399","2.513518810272217","2.513518810272217","2.513518810272217","1825","1825","1825"
"90449","2.8241636753082275","2.8241636753082275","2.8241636753082275","1826","1826","1826"
"90499","1.2340644598007202","1.2340644598007202","1.2340644598007202","1827","1827","1827"
"90549","2.2280328273773193","2.2280328273773193","2.2280328273773193","1828","1828","1828"
"90599","2.617128610610962","2.617128610610962","2.617128610610962","1829","1829","1829"
"90649","3.011038064956665","3.011038064956665","3.011038064956665","1830","1830","1830"
"90699","3.018296241760254","3.018296241760254","3.018296241760254","1831","1831","1831"
"90749","2.2833919525146484","2.2833919525146484","2.2833919525146484","1832","1832","1832"
"90799","1.5297783613204956","1.5297783613204956","1.5297783613204956","1833","1833","1833"
"90849","2.236721992492676","2.236721992492676","2.236721992492676","1834","1834","1834"
"90899","1.8364253044128418","1.8364253044128418","1.8364253044128418","1835","1835","1835"
"90949","3.2832045555114746","3.2832045555114746","3.2832045555114746","1836","1836","1836"
"90999","1.6261160373687744","1.6261160373687744","1.6261160373687744","1837","1837","1837"
"91049","2.5418639183044434","2.5418639183044434","2.5418639183044434","1838","1838","1838"
"91099","1.3950152397155762","1.3950152397155762","1.3950152397155762","1839","1839","1839"
"91149","1.3658119440078735","1.3658119440078735","1.3658119440078735","1840","1840","1840"
"91199","2.4282305240631104","2.4282305240631104","2.4282305240631104","1841","1841","1841"
"91249","2.3484954833984375","2.3484954833984375","2.3484954833984375","1842","1842","1842"
"91299","1.6151155233383179","1.6151155233383179","1.6151155233383179","1843","1843","1843"
"91349","2.788207769393921","2.788207769393921","2.788207769393921","1844","1844","1844"
"91399","2.1571178436279297","2.1571178436279297","2.1571178436279297","1845","1845","1845"
"91449","2.683605194091797","2.683605194091797","2.683605194091797","1846","1846","1846"
"91499","1.7691190242767334","1.7691190242767334","1.7691190242767334","1847","1847","1847"
"91549","2.7006618976593018","2.7006618976593018","2.7006618976593018","1848","1848","1848"
"91599","2.169801712036133","2.169801712036133","2.169801712036133","1849","1849","1849"
"91649","2.6371617317199707","2.6371617317199707","2.6371617317199707","1850","1850","1850"
"91699","1.3332537412643433","1.3332537412643433","1.3332537412643433","1851","1851","1851"
"91749","2.3543190956115723","2.3543190956115723","2.3543190956115723","1852","1852","1852"
"91799","3.0647358894348145","3.0647358894348145","3.0647358894348145","1853","1853","1853"
"91849","2.7487473487854004","2.7487473487854004","2.7487473487854004","1854","1854","1854"
"91899","1.8616899251937866","1.8616899251937866","1.8616899251937866","1855","1855","1855"
"91949","1.5975409746170044","1.5975409746170044","1.5975409746170044","1856","1856","1856"
"91999","2.7983739376068115","2.7983739376068115","2.7983739376068115","1857","1857","1857"
"92049","4.325700283050537","4.325700283050537","4.325700283050537","1858","1858","1858"
"92099","1.704252004623413","1.704252004623413","1.704252004623413","1859","1859","1859"
"92149","3.5295324325561523","3.5295324325561523","3.5295324325561523","1860","1860","1860"
"92199","1.742714524269104","1.742714524269104","1.742714524269104","1861","1861","1861"
"92249","2.010080099105835","2.010080099105835","2.010080099105835","1862","1862","1862"
"92299","4.2497992515563965","4.2497992515563965","4.2497992515563965","1863","1863","1863"
"92349","3.4009366035461426","3.4009366035461426","3.4009366035461426","1864","1864","1864"
"92399","3.2183644771575928","3.2183644771575928","3.2183644771575928","1865","1865","1865"
"92449","2.885469675064087","2.885469675064087","2.885469675064087","1866","1866","1866"
"92499","1.6847596168518066","1.6847596168518066","1.6847596168518066","1867","1867","1867"
"92549","1.9010498523712158","1.9010498523712158","1.9010498523712158","1868","1868","1868"
"92599","2.477663278579712","2.477663278579712","2.477663278579712","1869","1869","1869"
"92649","2.255186080932617","2.255186080932617","2.255186080932617","1870","1870","1870"
"92699","2.36091685295105","2.36091685295105","2.36091685295105","1871","1871","1871"
"92749","2.6897597312927246","2.6897597312927246","2.6897597312927246","1872","1872","1872"
"92799","3.180952310562134","3.180952310562134","3.180952310562134","1873","1873","1873"
"92849","2.7835562229156494","2.7835562229156494","2.7835562229156494","1874","1874","1874"
"92899","3.763362169265747","3.763362169265747","3.763362169265747","1875","1875","1875"
"92949","1.9815032482147217","1.9815032482147217","1.9815032482147217","1876","1876","1876"
"92999","1.391975998878479","1.391975998878479","1.391975998878479","1877","1877","1877"
"93049","1.4035258293151855","1.4035258293151855","1.4035258293151855","1878","1878","1878"
"93099","1.2188915014266968","1.2188915014266968","1.2188915014266968","1879","1879","1879"
"93149","2.8171863555908203","2.8171863555908203","2.8171863555908203","1880","1880","1880"
"93199","2.2700343132019043","2.2700343132019043","2.2700343132019043","1881","1881","1881"
"93249","2.2049527168273926","2.2049527168273926","2.2049527168273926","1882","1882","1882"
"93299","1.7564833164215088","1.7564833164215088","1.7564833164215088","1883","1883","1883"
"93349","1.1915544271469116","1.1915544271469116","1.1915544271469116","1884","1884","1884"
"93399","2.016157388687134","2.016157388687134","2.016157388687134","1885","1885","1885"
"93449","1.2557804584503174","1.2557804584503174","1.2557804584503174","1886","1886","1886"
"93499","1.5025787353515625","1.5025787353515625","1.5025787353515625","1887","1887","1887"
"93549","3.046888589859009","3.046888589859009","3.046888589859009","1888","1888","1888"
"93599","1.752009391784668","1.752009391784668","1.752009391784668","1889","1889","1889"
"93649","2.1470744609832764","2.1470744609832764","2.1470744609832764","1890","1890","1890"
"93699","1.478069543838501","1.478069543838501","1.478069543838501","1891","1891","1891"
"93749","1.6626018285751343","1.6626018285751343","1.6626018285751343","1892","1892","1892"
"93799","1.9783897399902344","1.9783897399902344","1.9783897399902344","1893","1893","1893"
"93849","2.566878318786621","2.566878318786621","2.566878318786621","1894","1894","1894"
"93899","1.7028374671936035","1.7028374671936035","1.7028374671936035","1895","1895","1895"
"93949","1.9168156385421753","1.9168156385421753","1.9168156385421753","1896","1896","1896"
"93999","1.1278021335601807","1.1278021335601807","1.1278021335601807","1897","1897","1897"
"94049","2.0461618900299072","2.0461618900299072","2.0461618900299072","1898","1898","1898"
"94099","1.184407353401184","1.184407353401184","1.184407353401184","1899","1899","1899"
"94149","1.4637490510940552","1.4637490510940552","1.4637490510940552","1900","1900","1900"
"94199","2.115447521209717","2.115447521209717","2.115447521209717","1901","1901","1901"
"94249","3.619673490524292","3.619673490524292","3.619673490524292","1902","1902","1902"
"94299","2.4947023391723633","2.4947023391723633","2.4947023391723633","1903","1903","1903"
"94349","3.0978684425354004","3.0978684425354004","3.0978684425354004","1904","1904","1904"
"94399","2.020416021347046","2.020416021347046","2.020416021347046","1905","1905","1905"
"94449","1.5764284133911133","1.5764284133911133","1.5764284133911133","1906","1906","1906"
"94499","2.1478683948516846","2.1478683948516846","2.1478683948516846","1907","1907","1907"
"94549","1.9203886985778809","1.9203886985778809","1.9203886985778809","1908","1908","1908"
"94599","1.5490777492523193","1.5490777492523193","1.5490777492523193","1909","1909","1909"
"94649","4.13998556137085","4.13998556137085","4.13998556137085","1910","1910","1910"
"94699","3.080690860748291","3.080690860748291","3.080690860748291","1911","1911","1911"
"94749","2.149869441986084","2.149869441986084","2.149869441986084","1912","1912","1912"
"94799","2.2428207397460938","2.2428207397460938","2.2428207397460938","1913","1913","1913"
"94849","3.310699701309204","3.310699701309204","3.310699701309204","1914","1914","1914"
"94899","2.366353988647461","2.366353988647461","2.366353988647461","1915","1915","1915"
"94949","2.243699312210083","2.243699312210083","2.243699312210083","1916","1916","1916"
"94999","2.3151283264160156","2.3151283264160156","2.3151283264160156","1917","1917","1917"
"95049","1.2169396877288818","1.2169396877288818","1.2169396877288818","1919","1919","1919"
"95099","2.697524070739746","2.697524070739746","2.697524070739746","1920","1920","1920"
"95149","1.687955379486084","1.687955379486084","1.687955379486084","1921","1921","1921"
"95199","3.087501287460327","3.087501287460327","3.087501287460327","1922","1922","1922"
"95249","2.8450098037719727","2.8450098037719727","2.8450098037719727","1923","1923","1923"
"95299","1.5447839498519897","1.5447839498519897","1.5447839498519897","1924","1924","1924"
"95349","3.0608553886413574","3.0608553886413574","3.0608553886413574","1925","1925","1925"
"95399","2.5026283264160156","2.5026283264160156","2.5026283264160156","1926","1926","1926"
"95449","2.016228437423706","2.016228437423706","2.016228437423706","1927","1927","1927"
"95499","2.1904711723327637","2.1904711723327637","2.1904711723327637","1928","1928","1928"
"95549","3.450061559677124","3.450061559677124","3.450061559677124","1929","1929","1929"
"95599","1.6129711866378784","1.6129711866378784","1.6129711866378784","1930","1930","1930"
"95649","1.8180410861968994","1.8180410861968994","1.8180410861968994","1931","1931","1931"
"95699","2.476017951965332","2.476017951965332","2.476017951965332","1932","1932","1932"
"95749","1.5454223155975342","1.5454223155975342","1.5454223155975342","1933","1933","1933"
"95799","3.3933963775634766","3.3933963775634766","3.3933963775634766","1934","1934","1934"
"95849","2.1363813877105713","2.1363813877105713","2.1363813877105713","1935","1935","1935"
"95899","1.3185701370239258","1.3185701370239258","1.3185701370239258","1936","1936","1936"
"95949","2.0507311820983887","2.0507311820983887","2.0507311820983887","1937","1937","1937"
"95999","1.8719830513000488","1.8719830513000488","1.8719830513000488","1938","1938","1938"
"96049","2.5368235111236572","2.5368235111236572","2.5368235111236572","1939","1939","1939"
"96099","1.2184876203536987","1.2184876203536987","1.2184876203536987","1940","1940","1940"
"96149","2.9245407581329346","2.9245407581329346","2.9245407581329346","1941","1941","1941"
"96199","2.8507349491119385","2.8507349491119385","2.8507349491119385","1942","1942","1942"
"96249","1.856199860572815","1.856199860572815","1.856199860572815","1943","1943","1943"
"96299","1.3932143449783325","1.3932143449783325","1.3932143449783325","1944","1944","1944"
"96349","3.6826422214508057","3.6826422214508057","3.6826422214508057","1945","1945","1945"
"96399","2.5435917377471924","2.5435917377471924","2.5435917377471924","1946","1946","1946"
"96449","1.9566645622253418","1.9566645622253418","1.9566645622253418","1947","1947","1947"
"96499","0.9915429353713989","0.9915429353713989","0.9915429353713989","1948","1948","1948"
"96549","2.65054988861084","2.65054988861084","2.65054988861084","1949","1949","1949"
"96599","1.5503134727478027","1.5503134727478027","1.5503134727478027","1950","1950","1950"
"96649","1.2288360595703125","1.2288360595703125","1.2288360595703125","1951","1951","1951"
"96699","2.6772549152374268","2.6772549152374268","2.6772549152374268","1952","1952","1952"
"96749","3.170234203338623","3.170234203338623","3.170234203338623","1953","1953","1953"
"96799","2.2862296104431152","2.2862296104431152","2.2862296104431152","1954","1954","1954"
"96849","1.7764990329742432","1.7764990329742432","1.7764990329742432","1955","1955","1955"
"96899","1.6179590225219727","1.6179590225219727","1.6179590225219727","1956","1956","1956"
"96949","1.7435989379882812","1.7435989379882812","1.7435989379882812","1957","1957","1957"
"96999","1.7848286628723145","1.7848286628723145","1.7848286628723145","1958","1958","1958"
"97049","2.5889391899108887","2.5889391899108887","2.5889391899108887","1959","1959","1959"
"97099","3.39686918258667","3.39686918258667","3.39686918258667","1960","1960","1960"
"97149","2.0192666053771973","2.0192666053771973","2.0192666053771973","1961","1961","1961"
"97199","2.486854076385498","2.486854076385498","2.486854076385498","1962","1962","1962"
"97249","2.6191012859344482","2.6191012859344482","2.6191012859344482","1963","1963","1963"
"97299","1.8761436939239502","1.8761436939239502","1.8761436939239502","1964","1964","1964"
"97349","2.3745875358581543","2.3745875358581543","2.3745875358581543","1965","1965","1965"
"97399","2.4077835083007812","2.4077835083007812","2.4077835083007812","1966","1966","1966"
"97449","2.795055866241455","2.795055866241455","2.795055866241455","1967","1967","1967"
"97499","2.8551747798919678","2.8551747798919678","2.8551747798919678","1968","1968","1968"
"97549","2.9075369834899902","2.9075369834899902","2.9075369834899902","1969","1969","1969"
"97599","3.8522703647613525","3.8522703647613525","3.8522703647613525","1970","1970","1970"
"97649","2.178039312362671","2.178039312362671","2.178039312362671","1971","1971","1971"
"97699","2.7500739097595215","2.7500739097595215","2.7500739097595215","1972","1972","1972"
"97749","2.2803807258605957","2.2803807258605957","2.2803807258605957","1973","1973","1973"
"97799","3.500081777572632","3.500081777572632","3.500081777572632","1974","1974","1974"
"97849","2.6075854301452637","2.6075854301452637","2.6075854301452637","1975","1975","1975"
"97899","2.712127447128296","2.712127447128296","2.712127447128296","1976","1976","1976"
"97949","2.3717751502990723","2.3717751502990723","2.3717751502990723","1977","1977","1977"
"97999","3.148381233215332","3.148381233215332","3.148381233215332","1978","1978","1978"
"98049","2.2683727741241455","2.2683727741241455","2.2683727741241455","1979","1979","1979"
"98099","2.936922550201416","2.936922550201416","2.936922550201416","1980","1980","1980"
"98149","1.5030484199523926","1.5030484199523926","1.5030484199523926","1981","1981","1981"
"98199","3.2094523906707764","3.2094523906707764","3.2094523906707764","1982","1982","1982"
"98249","4.482008934020996","4.482008934020996","4.482008934020996","1983","1983","1983"
"98299","2.677659749984741","2.677659749984741","2.677659749984741","1984","1984","1984"
"98349","2.286628007888794","2.286628007888794","2.286628007888794","1985","1985","1985"
"98399","2.3113951683044434","2.3113951683044434","2.3113951683044434","1986","1986","1986"
"98449","1.986680269241333","1.986680269241333","1.986680269241333","1987","1987","1987"
"98499","2.969438076019287","2.969438076019287","2.969438076019287","1988","1988","1988"
"98549","1.826629400253296","1.826629400253296","1.826629400253296","1989","1989","1989"
"98599","2.035942554473877","2.035942554473877","2.035942554473877","1990","1990","1990"
"98649","3.262238025665283","3.262238025665283","3.262238025665283","1991","1991","1991"
"98699","2.107297897338867","2.107297897338867","2.107297897338867","1992","1992","1992"
"98749","2.816154718399048","2.816154718399048","2.816154718399048","1993","1993","1993"
"98799","2.593034029006958","2.593034029006958","2.593034029006958","1994","1994","1994"
"98849","3.2390100955963135","3.2390100955963135","3.2390100955963135","1995","1995","1995"
"98899","2.0094852447509766","2.0094852447509766","2.0094852447509766","1996","1996","1996"
"98949","2.141963481903076","2.141963481903076","2.141963481903076","1997","1997","1997"
"98999","2.2376532554626465","2.2376532554626465","2.2376532554626465","1998","1998","1998"
"99049","1.399598240852356","1.399598240852356","1.399598240852356","1999","1999","1999"
"99099","1.7408469915390015","1.7408469915390015","1.7408469915390015","2000","2000","2000"
"99149","3.7305994033813477","3.7305994033813477","3.7305994033813477","2001","2001","2001"
"99199","1.9308000802993774","1.9308000802993774","1.9308000802993774","2002","2002","2002"
"99249","1.8235851526260376","1.8235851526260376","1.8235851526260376","2003","2003","2003"
"99299","4.307127952575684","4.307127952575684","4.307127952575684","2004","2004","2004"
"99349","2.32196044921875","2.32196044921875","2.32196044921875","2005","2005","2005"
"99399","2.1802680492401123","2.1802680492401123","2.1802680492401123","2006","2006","2006"
"99449","3.006662607192993","3.006662607192993","3.006662607192993","2007","2007","2007"
"99499","1.4765446186065674","1.4765446186065674","1.4765446186065674","2008","2008","2008"
"99549","2.5214133262634277","2.5214133262634277","2.5214133262634277","2009","2009","2009"
"99599","3.238898277282715","3.238898277282715","3.238898277282715","2010","2010","2010"
"99649","2.2602598667144775","2.2602598667144775","2.2602598667144775","2011","2011","2011"
"99699","1.8624658584594727","1.8624658584594727","1.8624658584594727","2012","2012","2012"
"99749","3.157362937927246","3.157362937927246","3.157362937927246","2013","2013","2013"
"99799","1.3022661209106445","1.3022661209106445","1.3022661209106445","2014","2014","2014"
"99849","1.6831161975860596","1.6831161975860596","1.6831161975860596","2015","2015","2015"
"99899","2.0692379474639893","2.0692379474639893","2.0692379474639893","2016","2016","2016"
"99949","1.9757096767425537","1.9757096767425537","1.9757096767425537","2017","2017","2017"
"99999","2.265803813934326","2.265803813934326","2.265803813934326","2018","2018","2018"
"100049","1.9737995862960815","1.9737995862960815","1.9737995862960815","2020","2020","2020"
"100099","1.624935269355774","1.624935269355774","1.624935269355774","2021","2021","2021"
"100149","2.2699098587036133","2.2699098587036133","2.2699098587036133","2022","2022","2022"
"100199","3.188918113708496","3.188918113708496","3.188918113708496","2023","2023","2023"
"100249","2.380120038986206","2.380120038986206","2.380120038986206","2024","2024","2024"
"100299","3.10646653175354","3.10646653175354","3.10646653175354","2025","2025","2025"
"100349","2.05767560005188","2.05767560005188","2.05767560005188","2026","2026","2026"
"100399","1.9393131732940674","1.9393131732940674","1.9393131732940674","2027","2027","2027"
"100449","2.2585220336914062","2.2585220336914062","2.2585220336914062","2028","2028","2028"
"100499","3.1803395748138428","3.1803395748138428","3.1803395748138428","2029","2029","2029"
"100549","2.554032564163208","2.554032564163208","2.554032564163208","2030","2030","2030"
"100599","2.6448662281036377","2.6448662281036377","2.6448662281036377","2031","2031","2031"
"100649","1.1972947120666504","1.1972947120666504","1.1972947120666504","2032","2032","2032"
"100699","1.9874064922332764","1.9874064922332764","1.9874064922332764","2033","2033","2033"
"100749","2.102328300476074","2.102328300476074","2.102328300476074","2034","2034","2034"
"100799","2.7809245586395264","2.7809245586395264","2.7809245586395264","2035","2035","2035"
"100849","3.3400256633758545","3.3400256633758545","3.3400256633758545","2036","2036","2036"
"100899","2.9680564403533936","2.9680564403533936","2.9680564403533936","2037","2037","2037"
"100949","3.7228012084960938","3.7228012084960938","3.7228012084960938","2038","2038","2038"
"100999","3.0987935066223145","3.0987935066223145","3.0987935066223145","2039","2039","2039"
"101049","2.0568408966064453","2.0568408966064453","2.0568408966064453","2040","2040","2040"
"101099","2.9815001487731934","2.9815001487731934","2.9815001487731934","2041","2041","2041"
"101149","2.8728671073913574","2.8728671073913574","2.8728671073913574","2042","2042","2042"
"101199","2.2694427967071533","2.2694427967071533","2.2694427967071533","2043","2043","2043"
"101249","2.3817663192749023","2.3817663192749023","2.3817663192749023","2044","2044","2044"
"101299","1.3209452629089355","1.3209452629089355","1.3209452629089355","2045","2045","2045"
"101349","2.002379894256592","2.002379894256592","2.002379894256592","2046","2046","2046"
"101399","2.0800271034240723","2.0800271034240723","2.0800271034240723","2047","2047","2047"
"101449","2.9510583877563477","2.9510583877563477","2.9510583877563477","2048","2048","2048"
"101499","2.305321455001831","2.305321455001831","2.305321455001831","2049","2049","2049"
"101549","2.3727455139160156","2.3727455139160156","2.3727455139160156","2050","2050","2050"
"101599","1.9083737134933472","1.9083737134933472","1.9083737134933472","2051","2051","2051"
"101649","3.156012535095215","3.156012535095215","3.156012535095215","2052","2052","2052"
"101699","1.6229894161224365","1.6229894161224365","1.6229894161224365","2053","2053","2053"
"101749","1.638878583908081","1.638878583908081","1.638878583908081","2054","2054","2054"
"101799","2.1802749633789062","2.1802749633789062","2.1802749633789062","2055","2055","2055"
"101849","2.813798666000366","2.813798666000366","2.813798666000366","2056","2056","2056"
"101899","3.3367509841918945","3.3367509841918945","3.3367509841918945","2057","2057","2057"
"101949","4.826247692108154","4.826247692108154","4.826247692108154","2058","2058","2058"
"101999","2.3770947456359863","2.3770947456359863","2.3770947456359863","2059","2059","2059"
"102049","2.6674110889434814","2.6674110889434814","2.6674110889434814","2060","2060","2060"
"102099","1.956369400024414","1.956369400024414","1.956369400024414","2061","2061","2061"
"102149","1.856080412864685","1.856080412864685","1.856080412864685","2062","2062","2062"
"102199","2.724457025527954","2.724457025527954","2.724457025527954","2063","2063","2063"
"102249","2.342508316040039","2.342508316040039","2.342508316040039","2064","2064","2064"
"102299","2.3341150283813477","2.3341150283813477","2.3341150283813477","2065","2065","2065"
"102349","2.711228132247925","2.711228132247925","2.711228132247925","2066","2066","2066"
"102399","1.7097678184509277","1.7097678184509277","1.7097678184509277","2067","2067","2067"
"102449","2.5795857906341553","2.5795857906341553","2.5795857906341553","2068","2068","2068"
"102499","2.7637147903442383","2.7637147903442383","2.7637147903442383","2069","2069","2069"
"102549","2.630281448364258","2.630281448364258","2.630281448364258","2070","2070","2070"
"102599","1.7991740703582764","1.7991740703582764","1.7991740703582764","2071","2071","2071"
"102649","1.859642744064331","1.859642744064331","1.859642744064331","2072","2072","2072"
"102699","3.156975507736206","3.156975507736206","3.156975507736206","2073","2073","2073"
"102749","2.1085572242736816","2.1085572242736816","2.1085572242736816","2074","2074","2074"
"102799","2.447256565093994","2.447256565093994","2.447256565093994","2075","2075","2075"
"102849","4.082449913024902","4.082449913024902","4.082449913024902","2076","2076","2076"
"102899","2.7465879917144775","2.7465879917144775","2.7465879917144775","2077","2077","2077"
"102949","1.7009978294372559","1.7009978294372559","1.7009978294372559","2078","2078","2078"
"102999","3.943233013153076","3.943233013153076","3.943233013153076","2079","2079","2079"
"103049","2.429593563079834","2.429593563079834","2.429593563079834","2080","2080","2080"
"103099","2.8676340579986572","2.8676340579986572","2.8676340579986572","2081","2081","2081"
"103149","1.9202911853790283","1.9202911853790283","1.9202911853790283","2082","2082","2082"
"103199","2.233365058898926","2.233365058898926","2.233365058898926","2083","2083","2083"
"103249","3.3138837814331055","3.3138837814331055","3.3138837814331055","2084","2084","2084"
"103299","1.6627789735794067","1.6627789735794067","1.6627789735794067","2085","2085","2085"
"103349","3.503810405731201","3.503810405731201","3.503810405731201","2086","2086","2086"
"103399","1.3641383647918701","1.3641383647918701","1.3641383647918701","2087","2087","2087"
"103449","2.8631339073181152","2.8631339073181152","2.8631339073181152","2088","2088","2088"
"103499","1.617402195930481","1.617402195930481","1.617402195930481","2089","2089","2089"
"103549","2.599722385406494","2.599722385406494","2.599722385406494","2090","2090","2090"
"103599","2.385005235671997","2.385005235671997","2.385005235671997","2091","2091","2091"
"103649","2.667090892791748","2.667090892791748","2.667090892791748","2092","2092","2092"
"103699","1.8696200847625732","1.8696200847625732","1.8696200847625732","2093","2093","2093"
"103749","2.1926655769348145","2.1926655769348145","2.1926655769348145","2094","2094","2094"
"103799","2.4547290802001953","2.4547290802001953","2.4547290802001953","2095","2095","2095"
"103849","3.536119222640991","3.536119222640991","3.536119222640991","2096","2096","2096"
"103899","3.215869665145874","3.215869665145874","3.215869665145874","2097","2097","2097"
"103949","2.420584201812744","2.420584201812744","2.420584201812744","2098","2098","2098"
"103999","3.392307996749878","3.392307996749878","3.392307996749878","2099","2099","2099"
"104049","1.661660075187683","1.661660075187683","1.661660075187683","2100","2100","2100"
"104099","2.089925527572632","2.089925527572632","2.089925527572632","2101","2101","2101"
"104149","2.1297707557678223","2.1297707557678223","2.1297707557678223","2102","2102","2102"
"104199","2.630772113800049","2.630772113800049","2.630772113800049","2103","2103","2103"
"104249","3.10062313079834","3.10062313079834","3.10062313079834","2104","2104","2104"
"104299","1.5964914560317993","1.5964914560317993","1.5964914560317993","2105","2105","2105"
"104349","1.3357917070388794","1.3357917070388794","1.3357917070388794","2106","2106","2106"
"104399","2.092495918273926","2.092495918273926","2.092495918273926","2107","2107","2107"
"104449","1.9034477472305298","1.9034477472305298","1.9034477472305298","2108","2108","2108"
"104499","1.8551691770553589","1.8551691770553589","1.8551691770553589","2109","2109","2109"
"104549","3.048062562942505","3.048062562942505","3.048062562942505","2110","2110","2110"
"104599","1.9536689519882202","1.9536689519882202","1.9536689519882202","2111","2111","2111"
"104649","1.5553505420684814","1.5553505420684814","1.5553505420684814","2112","2112","2112"
"104699","2.0798087120056152","2.0798087120056152","2.0798087120056152","2113","2113","2113"
"104749","1.4993956089019775","1.4993956089019775","1.4993956089019775","2114","2114","2114"
"104799","1.523558497428894","1.523558497428894","1.523558497428894","2115","2115","2115"
"104849","1.7606579065322876","1.7606579065322876","1.7606579065322876","2116","2116","2116"
"104899","1.3815431594848633","1.3815431594848633","1.3815431594848633","2117","2117","2117"
"104949","3.3729872703552246","3.3729872703552246","3.3729872703552246","2118","2118","2118"
"104999","2.020169973373413","2.020169973373413","2.020169973373413","2119","2119","2119"
"105049","2.187302350997925","2.187302350997925","2.187302350997925","2121","2121","2121"
"105099","2.889157295227051","2.889157295227051","2.889157295227051","2122","2122","2122"
"105149","2.990992784500122","2.990992784500122","2.990992784500122","2123","2123","2123"
"105199","1.9434397220611572","1.9434397220611572","1.9434397220611572","2124","2124","2124"
"105249","1.257525086402893","1.257525086402893","1.257525086402893","2125","2125","2125"
"105299","2.823061466217041","2.823061466217041","2.823061466217041","2126","2126","2126"
"105349","3.353085994720459","3.353085994720459","3.353085994720459","2127","2127","2127"
"105399","1.939470887184143","1.939470887184143","1.939470887184143","2128","2128","2128"
"105449","2.72257924079895","2.72257924079895","2.72257924079895","2129","2129","2129"
"105499","2.2660160064697266","2.2660160064697266","2.2660160064697266","2130","2130","2130"
"105549","1.708815574645996","1.708815574645996","1.708815574645996","2131","2131","2131"
"105599","2.0567286014556885","2.0567286014556885","2.0567286014556885","2132","2132","2132"
"105649","2.067065954208374","2.067065954208374","2.067065954208374","2133","2133","2133"
"105699","2.0609052181243896","2.0609052181243896","2.0609052181243896","2134","2134","2134"
"105749","1.7306795120239258","1.7306795120239258","1.7306795120239258","2135","2135","2135"
"105799","2.598754405975342","2.598754405975342","2.598754405975342","2136","2136","2136"
"105849","3.0720765590667725","3.0720765590667725","3.0720765590667725","2137","2137","2137"
"105899","1.1101183891296387","1.1101183891296387","1.1101183891296387","2138","2138","2138"
"105949","1.9078397750854492","1.9078397750854492","1.9078397750854492","2139","2139","2139"
"105999","3.1585490703582764","3.1585490703582764","3.1585490703582764","2140","2140","2140"
"106049","2.575000047683716","2.575000047683716","2.575000047683716","2141","2141","2141"
"106099","2.9988152980804443","2.9988152980804443","2.9988152980804443","2142","2142","2142"
"106149","2.265211820602417","2.265211820602417","2.265211820602417","2143","2143","2143"
"106199","1.3928735256195068","1.3928735256195068","1.3928735256195068","2144","2144","2144"
"106249","3.525136709213257","3.525136709213257","3.525136709213257","2145","2145","2145"
"106299","2.588892698287964","2.588892698287964","2.588892698287964","2146","2146","2146"
"106349","2.3071837425231934","2.3071837425231934","2.3071837425231934","2147","2147","2147"
"106399","2.0385403633117676","2.0385403633117676","2.0385403633117676","2148","2148","2148"
"106449","1.1713842153549194","1.1713842153549194","1.1713842153549194","2149","2149","2149"
"106499","1.6044447422027588","1.6044447422027588","1.6044447422027588","2150","2150","2150"
"106549","1.7915399074554443","1.7915399074554443","1.7915399074554443","2151","2151","2151"
"106599","4.2629265785217285","4.2629265785217285","4.2629265785217285","2152","2152","2152"
"106649","1.3828456401824951","1.3828456401824951","1.3828456401824951","2153","2153","2153"
"106699","3.6666195392608643","3.6666195392608643","3.6666195392608643","2154","2154","2154"
"106749","2.3922083377838135","2.3922083377838135","2.3922083377838135","2155","2155","2155"
"106799","2.754934549331665","2.754934549331665","2.754934549331665","2156","2156","2156"
"106849","3.696612596511841","3.696612596511841","3.696612596511841","2157","2157","2157"
"106899","1.9019473791122437","1.9019473791122437","1.9019473791122437","2158","2158","2158"
"106949","3.1524851322174072","3.1524851322174072","3.1524851322174072","2159","2159","2159"
"106999","1.9759482145309448","1.9759482145309448","1.9759482145309448","2160","2160","2160"
"107049","2.7860264778137207","2.7860264778137207","2.7860264778137207","2161","2161","2161"
"107099","2.2484869956970215","2.2484869956970215","2.2484869956970215","2162","2162","2162"
"107149","2.0415518283843994","2.0415518283843994","2.0415518283843994","2163","2163","2163"
"107199","2.906672239303589","2.906672239303589","2.906672239303589","2164","2164","2164"
"107249","3.8025429248809814","3.8025429248809814","3.8025429248809814","2165","2165","2165"
"107299","2.1084954738616943","2.1084954738616943","2.1084954738616943","2166","2166","2166"
"107349","2.994152784347534","2.994152784347534","2.994152784347534","2167","2167","2167"
"107399","1.994584560394287","1.994584560394287","1.994584560394287","2168","2168","2168"
"107449","2.7142179012298584","2.7142179012298584","2.7142179012298584","2169","2169","2169"
"107499","4.25823450088501","4.25823450088501","4.25823450088501","2170","2170","2170"
"107549","1.6465654373168945","1.6465654373168945","1.6465654373168945","2171","2171","2171"
"107599","2.000335216522217","2.000335216522217","2.000335216522217","2172","2172","2172"
"107649","1.5243803262710571","1.5243803262710571","1.5243803262710571","2173","2173","2173"
"107699","3.5631465911865234","3.5631465911865234","3.5631465911865234","2174","2174","2174"
"107749","1.1811071634292603","1.1811071634292603","1.1811071634292603","2175","2175","2175"
"107799","2.850968599319458","2.850968599319458","2.850968599319458","2176","2176","2176"
"107849","1.533285140991211","1.533285140991211","1.533285140991211","2177","2177","2177"
"107899","2.6621832847595215","2.6621832847595215","2.6621832847595215","2178","2178","2178"
"107949","1.7294347286224365","1.7294347286224365","1.7294347286224365","2179","2179","2179"
"107999","2.2183165550231934","2.2183165550231934","2.2183165550231934","2180","2180","2180"
"108049","1.125632882118225","1.125632882118225","1.125632882118225","2181","2181","2181"
"108099","3.274491786956787","3.274491786956787","3.274491786956787","2182","2182","2182"
"108149","2.8459291458129883","2.8459291458129883","2.8459291458129883","2183","2183","2183"
"108199","2.938934087753296","2.938934087753296","2.938934087753296","2184","2184","2184"
"108249","1.721350908279419","1.721350908279419","1.721350908279419","2185","2185","2185"
"108299","2.423999786376953","2.423999786376953","2.423999786376953","2186","2186","2186"
"108349","2.8056931495666504","2.8056931495666504","2.8056931495666504","2187","2187","2187"
"108399","1.8622876405715942","1.8622876405715942","1.8622876405715942","2188","2188","2188"
"108449","1.8160288333892822","1.8160288333892822","1.8160288333892822","2189","2189","2189"
"108499","2.3678231239318848","2.3678231239318848","2.3678231239318848","2190","2190","2190"
"108549","1.7445530891418457","1.7445530891418457","1.7445530891418457","2191","2191","2191"
"108599","3.2933521270751953","3.2933521270751953","3.2933521270751953","2192","2192","2192"
"108649","2.084023952484131","2.084023952484131","2.084023952484131","2193","2193","2193"
"108699","2.21937894821167","2.21937894821167","2.21937894821167","2194","2194","2194"
"108749","1.2213391065597534","1.2213391065597534","1.2213391065597534","2195","2195","2195"
"108799","2.127181053161621","2.127181053161621","2.127181053161621","2196","2196","2196"
"108849","3.157545804977417","3.157545804977417","3.157545804977417","2197","2197","2197"
"108899","1.945220947265625","1.945220947265625","1.945220947265625","2198","2198","2198"
"108949","2.0752947330474854","2.0752947330474854","2.0752947330474854","2199","2199","2199"
"108999","2.8020613193511963","2.8020613193511963","2.8020613193511963","2200","2200","2200"
"109049","2.683894634246826","2.683894634246826","2.683894634246826","2201","2201","2201"
"109099","2.3746047019958496","2.3746047019958496","2.3746047019958496","2202","2202","2202"
"109149","3.6968164443969727","3.6968164443969727","3.6968164443969727","2203","2203","2203"
"109199","1.7151038646697998","1.7151038646697998","1.7151038646697998","2204","2204","2204"
"109249","2.40932035446167","2.40932035446167","2.40932035446167","2205","2205","2205"
"109299","2.63329815864563","2.63329815864563","2.63329815864563","2206","2206","2206"
"109349","2.1924362182617188","2.1924362182617188","2.1924362182617188","2207","2207","2207"
"109399","3.064208745956421","3.064208745956421","3.064208745956421","2208","2208","2208"
"109449","2.771315813064575","2.771315813064575","2.771315813064575","2209","2209","2209"
"109499","2.1537747383117676","2.1537747383117676","2.1537747383117676","2210","2210","2210"
"109549","2.5309267044067383","2.5309267044067383","2.5309267044067383","2211","2211","2211"
"109599","2.7200872898101807","2.7200872898101807","2.7200872898101807","2212","2212","2212"
"109649","1.673893690109253","1.673893690109253","1.673893690109253","2213","2213","2213"
"109699","1.4632309675216675","1.4632309675216675","1.4632309675216675","2214","2214","2214"
"109749","1.684430480003357","1.684430480003357","1.684430480003357","2215","2215","2215"
"109799","3.8473329544067383","3.8473329544067383","3.8473329544067383","2216","2216","2216"
"109849","1.3872809410095215","1.3872809410095215","1.3872809410095215","2217","2217","2217"
"109899","1.3228652477264404","1.3228652477264404","1.3228652477264404","2218","2218","2218"
"109949","1.7906744480133057","1.7906744480133057","1.7906744480133057","2219","2219","2219"
"109999","2.0738916397094727","2.0738916397094727","2.0738916397094727","2220","2220","2220"
"110049","1.5788555145263672","1.5788555145263672","1.5788555145263672","2222","2222","2222"
"110099","2.963857412338257","2.963857412338257","2.963857412338257","2223","2223","2223"
"110149","2.6925251483917236","2.6925251483917236","2.6925251483917236","2224","2224","2224"
"110199","2.620250940322876","2.620250940322876","2.620250940322876","2225","2225","2225"
"110249","1.2672910690307617","1.2672910690307617","1.2672910690307617","2226","2226","2226"
"110299","1.9110265970230103","1.9110265970230103","1.9110265970230103","2227","2227","2227"
"110349","1.777344822883606","1.777344822883606","1.777344822883606","2228","2228","2228"
"110399","2.821403980255127","2.821403980255127","2.821403980255127","2229","2229","2229"
"110449","2.9608118534088135","2.9608118534088135","2.9608118534088135","2230","2230","2230"
"110499","2.2005844116210938","2.2005844116210938","2.2005844116210938","2231","2231","2231"
"110549","1.8891624212265015","1.8891624212265015","1.8891624212265015","2232","2232","2232"
"110599","3.770566463470459","3.770566463470459","3.770566463470459","2233","2233","2233"
"110649","2.463848114013672","2.463848114013672","2.463848114013672","2234","2234","2234"
"110699","1.9386016130447388","1.9386016130447388","1.9386016130447388","2235","2235","2235"
"110749","2.305187702178955","2.305187702178955","2.305187702178955","2236","2236","2236"
"110799","2.0199475288391113","2.0199475288391113","2.0199475288391113","2237","2237","2237"
"110849","2.667137622833252","2.667137622833252","2.667137622833252","2238","2238","2238"
"110899","2.1537251472473145","2.1537251472473145","2.1537251472473145","2239","2239","2239"
"110949","3.493028163909912","3.493028163909912","3.493028163909912","2240","2240","2240"
"110999","1.1432831287384033","1.1432831287384033","1.1432831287384033","2241","2241","2241"
"111049","1.8302457332611084","1.8302457332611084","1.8302457332611084","2242","2242","2242"
"111099","2.1652119159698486","2.1652119159698486","2.1652119159698486","2243","2243","2243"
"111149","1.2763502597808838","1.2763502597808838","1.2763502597808838","2244","2244","2244"
"111199","2.319709062576294","2.319709062576294","2.319709062576294","2245","2245","2245"
"111249","2.276721239089966","2.276721239089966","2.276721239089966","2246","2246","2246"
"111299","2.528968572616577","2.528968572616577","2.528968572616577","2247","2247","2247"
"111349","1.6805659532546997","1.6805659532546997","1.6805659532546997","2248","2248","2248"
"111399","2.0908114910125732","2.0908114910125732","2.0908114910125732","2249","2249","2249"
"111449","2.9198524951934814","2.9198524951934814","2.9198524951934814","2250","2250","2250"
"111499","1.1266179084777832","1.1266179084777832","1.1266179084777832","2251","2251","2251"
"111549","3.119283676147461","3.119283676147461","3.119283676147461","2252","2252","2252"
"111599","2.6438097953796387","2.6438097953796387","2.6438097953796387","2253","2253","2253"
"111649","2.675614356994629","2.675614356994629","2.675614356994629","2254","2254","2254"
"111699","2.8510212898254395","2.8510212898254395","2.8510212898254395","2255","2255","2255"
"111749","1.8753554821014404","1.8753554821014404","1.8753554821014404","2256","2256","2256"
"111799","2.313453435897827","2.313453435897827","2.313453435897827","2257","2257","2257"
"111849","1.3751024007797241","1.3751024007797241","1.3751024007797241","2258","2258","2258"
"111899","1.0692564249038696","1.0692564249038696","1.0692564249038696","2259","2259","2259"
"111949","2.091996431350708","2.091996431350708","2.091996431350708","2260","2260","2260"
"111999","1.900425672531128","1.900425672531128","1.900425672531128","2261","2261","2261"
"112049","1.1668033599853516","1.1668033599853516","1.1668033599853516","2262","2262","2262"
"112099","2.1142516136169434","2.1142516136169434","2.1142516136169434","2263","2263","2263"
"112149","2.9296762943267822","2.9296762943267822","2.9296762943267822","2264","2264","2264"
"112199","2.9038619995117188","2.9038619995117188","2.9038619995117188","2265","2265","2265"
"112249","1.5719810724258423","1.5719810724258423","1.5719810724258423","2266","2266","2266"
"112299","2.3733010292053223","2.3733010292053223","2.3733010292053223","2267","2267","2267"
"112349","1.7252557277679443","1.7252557277679443","1.7252557277679443","2268","2268","2268"
"112399","2.83717679977417","2.83717679977417","2.83717679977417","2269","2269","2269"
"112449","2.30963134765625","2.30963134765625","2.30963134765625","2270","2270","2270"
"112499","2.6212565898895264","2.6212565898895264","2.6212565898895264","2271","2271","2271"
"112549","2.995121955871582","2.995121955871582","2.995121955871582","2272","2272","2272"
"112599","3.141974687576294","3.141974687576294","3.141974687576294","2273","2273","2273"
"112649","2.8050782680511475","2.8050782680511475","2.8050782680511475","2274","2274","2274"
"112699","2.5239744186401367","2.5239744186401367","2.5239744186401367","2275","2275","2275"
"112749","1.5055038928985596","1.5055038928985596","1.5055038928985596","2276","2276","2276"
"112799","2.36667799949646","2.36667799949646","2.36667799949646","2277","2277","2277"
"112849","2.5673129558563232","2.5673129558563232","2.5673129558563232","2278","2278","2278"
"112899","2.0413742065429688","2.0413742065429688","2.0413742065429688","2279","2279","2279"
"112949","2.1906940937042236","2.1906940937042236","2.1906940937042236","2280","2280","2280"
"112999","2.510732412338257","2.510732412338257","2.510732412338257","2281","2281","2281"
"113049","3.221348762512207","3.221348762512207","3.221348762512207","2282","2282","2282"
"113099","2.8201003074645996","2.8201003074645996","2.8201003074645996","2283","2283","2283"
"113149","2.172807216644287","2.172807216644287","2.172807216644287","2284","2284","2284"
"113199","3.328378677368164","3.328378677368164","3.328378677368164","2285","2285","2285"
"113249","2.166818618774414","2.166818618774414","2.166818618774414","2286","2286","2286"
"113299","2.3985559940338135","2.3985559940338135","2.3985559940338135","2287","2287","2287"
"113349","2.958061456680298","2.958061456680298","2.958061456680298","2288","2288","2288"
"113399","2.057868719100952","2.057868719100952","2.057868719100952","2289","2289","2289"
"113449","2.6821024417877197","2.6821024417877197","2.6821024417877197","2290","2290","2290"
"113499","2.331336498260498","2.331336498260498","2.331336498260498","2291","2291","2291"
"113549","3.6149284839630127","3.6149284839630127","3.6149284839630127","2292","2292","2292"
"113599","1.213280200958252","1.213280200958252","1.213280200958252","2293","2293","2293"
"113649","2.204237461090088","2.204237461090088","2.204237461090088","2294","2294","2294"
"113699","1.877610206604004","1.877610206604004","1.877610206604004","2295","2295","2295"
"113749","2.713233232498169","2.713233232498169","2.713233232498169","2296","2296","2296"
"113799","3.5690340995788574","3.5690340995788574","3.5690340995788574","2297","2297","2297"
"113849","2.866276741027832","2.866276741027832","2.866276741027832","2298","2298","2298"
"113899","1.9398436546325684","1.9398436546325684","1.9398436546325684","2299","2299","2299"
"113949","2.6149497032165527","2.6149497032165527","2.6149497032165527","2300","2300","2300"
"113999","2.628145456314087","2.628145456314087","2.628145456314087","2301","2301","2301"
"114049","3.218273878097534","3.218273878097534","3.218273878097534","2302","2302","2302"
"114099","4.206483840942383","4.206483840942383","4.206483840942383","2303","2303","2303"
"114149","2.4188687801361084","2.4188687801361084","2.4188687801361084","2304","2304","2304"
"114199","3.1137912273406982","3.1137912273406982","3.1137912273406982","2305","2305","2305"
"114249","2.3400659561157227","2.3400659561157227","2.3400659561157227","2306","2306","2306"
"114299","1.9163105487823486","1.9163105487823486","1.9163105487823486","2307","2307","2307"
"114349","2.7781429290771484","2.7781429290771484","2.7781429290771484","2308","2308","2308"
"114399","1.7302939891815186","1.7302939891815186","1.7302939891815186","2309","2309","2309"
"114449","1.637638807296753","1.637638807296753","1.637638807296753","2310","2310","2310"
"114499","3.159139633178711","3.159139633178711","3.159139633178711","2311","2311","2311"
"114549","3.6194541454315186","3.6194541454315186","3.6194541454315186","2312","2312","2312"
"114599","1.9207206964492798","1.9207206964492798","1.9207206964492798","2313","2313","2313"
"114649","3.189490795135498","3.189490795135498","3.189490795135498","2314","2314","2314"
"114699","2.8564293384552","2.8564293384552","2.8564293384552","2315","2315","2315"
"114749","1.7713489532470703","1.7713489532470703","1.7713489532470703","2316","2316","2316"
"114799","1.7430334091186523","1.7430334091186523","1.7430334091186523","2317","2317","2317"
"114849","1.9043595790863037","1.9043595790863037","1.9043595790863037","2318","2318","2318"
"114899","1.5307996273040771","1.5307996273040771","1.5307996273040771","2319","2319","2319"
"114949","2.887594699859619","2.887594699859619","2.887594699859619","2320","2320","2320"
"114999","2.2854771614074707","2.2854771614074707","2.2854771614074707","2321","2321","2321"
"115049","1.5108062028884888","1.5108062028884888","1.5108062028884888","2323","2323","2323"
"115099","2.7744393348693848","2.7744393348693848","2.7744393348693848","2324","2324","2324"
"115149","1.5616997480392456","1.5616997480392456","1.5616997480392456","2325","2325","2325"
"115199","2.395267963409424","2.395267963409424","2.395267963409424","2326","2326","2326"
"115249","2.58046293258667","2.58046293258667","2.58046293258667","2327","2327","2327"
"115299","1.6343622207641602","1.6343622207641602","1.6343622207641602","2328","2328","2328"
"115349","2.8864760398864746","2.8864760398864746","2.8864760398864746","2329","2329","2329"
"115399","2.6978683471679688","2.6978683471679688","2.6978683471679688","2330","2330","2330"
"115449","3.3198647499084473","3.3198647499084473","3.3198647499084473","2331","2331","2331"
"115499","3.102872371673584","3.102872371673584","3.102872371673584","2332","2332","2332"
"115549","2.6466000080108643","2.6466000080108643","2.6466000080108643","2333","2333","2333"
"115599","1.5986435413360596","1.5986435413360596","1.5986435413360596","2334","2334","2334"
"115649","2.0698349475860596","2.0698349475860596","2.0698349475860596","2335","2335","2335"
"115699","2.185357093811035","2.185357093811035","2.185357093811035","2336","2336","2336"
"115749","3.082322359085083","3.082322359085083","3.082322359085083","2337","2337","2337"
"115799","2.6155970096588135","2.6155970096588135","2.6155970096588135","2338","2338","2338"
"115849","2.0650851726531982","2.0650851726531982","2.0650851726531982","2339","2339","2339"
"115899","2.0049145221710205","2.0049145221710205","2.0049145221710205","2340","2340","2340"
"115949","1.579430341720581","1.579430341720581","1.579430341720581","2341","2341","2341"
"115999","2.2512283325195312","2.2512283325195312","2.2512283325195312","2342","2342","2342"
"116049","1.9880107641220093","1.9880107641220093","1.9880107641220093","2343","2343","2343"
"116099","1.6900418996810913","1.6900418996810913","1.6900418996810913","2344","2344","2344"
"116149","1.6034886837005615","1.6034886837005615","1.6034886837005615","2345","2345","2345"
"116199","1.4799678325653076","1.4799678325653076","1.4799678325653076","2346","2346","2346"
"116249","3.44234037399292","3.44234037399292","3.44234037399292","2347","2347","2347"
"116299","2.2153494358062744","2.2153494358062744","2.2153494358062744","2348","2348","2348"
"116349","2.4023399353027344","2.4023399353027344","2.4023399353027344","2349","2349","2349"
"116399","2.7437503337860107","2.7437503337860107","2.7437503337860107","2350","2350","2350"
"116449","2.673334836959839","2.673334836959839","2.673334836959839","2351","2351","2351"
"116499","2.7175164222717285","2.7175164222717285","2.7175164222717285","2352","2352","2352"
"116549","1.4369313716888428","1.4369313716888428","1.4369313716888428","2353","2353","2353"
"116599","1.8914393186569214","1.8914393186569214","1.8914393186569214","2354","2354","2354"
"116649","2.411921977996826","2.411921977996826","2.411921977996826","2355","2355","2355"
"116699","3.3547277450561523","3.3547277450561523","3.3547277450561523","2356","2356","2356"
"116749","2.1660315990448","2.1660315990448","2.1660315990448","2357","2357","2357"
"116799","3.2023677825927734","3.2023677825927734","3.2023677825927734","2358","2358","2358"
"116849","2.245891571044922","2.245891571044922","2.245891571044922","2359","2359","2359"
"116899","1.7330985069274902","1.7330985069274902","1.7330985069274902","2360","2360","2360"
"116949","1.0347260236740112","1.0347260236740112","1.0347260236740112","2361","2361","2361"
"116999","2.060241937637329","2.060241937637329","2.060241937637329","2362","2362","2362"
"117049","1.5242220163345337","1.5242220163345337","1.5242220163345337","2363","2363","2363"
"117099","2.054910659790039","2.054910659790039","2.054910659790039","2364","2364","2364"
"117149","2.293704032897949","2.293704032897949","2.293704032897949","2365","2365","2365"
"117199","4.036670684814453","4.036670684814453","4.036670684814453","2366","2366","2366"
"117249","2.553067684173584","2.553067684173584","2.553067684173584","2367","2367","2367"
"117299","4.103968143463135","4.103968143463135","4.103968143463135","2368","2368","2368"
"117349","2.5634219646453857","2.5634219646453857","2.5634219646453857","2369","2369","2369"
"117399","2.7432496547698975","2.7432496547698975","2.7432496547698975","2370","2370","2370"
"117449","2.0653460025787354","2.0653460025787354","2.0653460025787354","2371","2371","2371"
"117499","3.2385263442993164","3.2385263442993164","3.2385263442993164","2372","2372","2372"
"117549","1.9090893268585205","1.9090893268585205","1.9090893268585205","2373","2373","2373"
"117599","2.115835189819336","2.115835189819336","2.115835189819336","2374","2374","2374"
"117649","2.3639445304870605","2.3639445304870605","2.3639445304870605","2375","2375","2375"
"117699","2.9527664184570312","2.9527664184570312","2.9527664184570312","2376","2376","2376"
"117749","2.1482484340667725","2.1482484340667725","2.1482484340667725","2377","2377","2377"
"117799","2.056302070617676","2.056302070617676","2.056302070617676","2378","2378","2378"
"117849","2.280139923095703","2.280139923095703","2.280139923095703","2379","2379","2379"
"117899","2.4840235710144043","2.4840235710144043","2.4840235710144043","2380","2380","2380"
"117949","2.1687512397766113","2.1687512397766113","2.1687512397766113","2381","2381","2381"
"117999","3.304074287414551","3.304074287414551","3.304074287414551","2382","2382","2382"
"118049","3.2026538848876953","3.2026538848876953","3.2026538848876953","2383","2383","2383"
"118099","1.6299810409545898","1.6299810409545898","1.6299810409545898","2384","2384","2384"
"118149","3.7017621994018555","3.7017621994018555","3.7017621994018555","2385","2385","2385"
"118199","3.0947394371032715","3.0947394371032715","3.0947394371032715","2386","2386","2386"
"118249","1.8948233127593994","1.8948233127593994","1.8948233127593994","2387","2387","2387"
"118299","1.8448914289474487","1.8448914289474487","1.8448914289474487","2388","2388","2388"
"118349","2.0645456314086914","2.0645456314086914","2.0645456314086914","2389","2389","2389"
"118399","2.681283712387085","2.681283712387085","2.681283712387085","2390","2390","2390"
"118449","2.1040263175964355","2.1040263175964355","2.1040263175964355","2391","2391","2391"
"118499","4.0956902503967285","4.0956902503967285","4.0956902503967285","2392","2392","2392"
"118549","2.281808376312256","2.281808376312256","2.281808376312256","2393","2393","2393"
"118599","2.612588882446289","2.612588882446289","2.612588882446289","2394","2394","2394"
"118649","3.5477733612060547","3.5477733612060547","3.5477733612060547","2395","2395","2395"
"118699","4.0754899978637695","4.0754899978637695","4.0754899978637695","2396","2396","2396"
"118749","1.586949110031128","1.586949110031128","1.586949110031128","2397","2397","2397"
"118799","2.1549835205078125","2.1549835205078125","2.1549835205078125","2398","2398","2398"
"118849","2.2463414669036865","2.2463414669036865","2.2463414669036865","2399","2399","2399"
"118899","1.4344291687011719","1.4344291687011719","1.4344291687011719","2400","2400","2400"
"118949","1.199963927268982","1.199963927268982","1.199963927268982","2401","2401","2401"
"118999","2.972208261489868","2.972208261489868","2.972208261489868","2402","2402","2402"
"119049","3.507460832595825","3.507460832595825","3.507460832595825","2403","2403","2403"
"119099","3.2876553535461426","3.2876553535461426","3.2876553535461426","2404","2404","2404"
"119149","1.4678385257720947","1.4678385257720947","1.4678385257720947","2405","2405","2405"
"119199","2.7161359786987305","2.7161359786987305","2.7161359786987305","2406","2406","2406"
"119249","4.691365718841553","4.691365718841553","4.691365718841553","2407","2407","2407"
"119299","3.0593204498291016","3.0593204498291016","3.0593204498291016","2408","2408","2408"
"119349","1.3872079849243164","1.3872079849243164","1.3872079849243164","2409","2409","2409"
"119399","2.01492977142334","2.01492977142334","2.01492977142334","2410","2410","2410"
"119449","2.0871734619140625","2.0871734619140625","2.0871734619140625","2411","2411","2411"
"119499","2.741163730621338","2.741163730621338","2.741163730621338","2412","2412","2412"
"119549","1.2008278369903564","1.2008278369903564","1.2008278369903564","2413","2413","2413"
"119599","2.4930148124694824","2.4930148124694824","2.4930148124694824","2414","2414","2414"
"119649","1.7358025312423706","1.7358025312423706","1.7358025312423706","2415","2415","2415"
"119699","3.067079544067383","3.067079544067383","3.067079544067383","2416","2416","2416"
"119749","2.047468423843384","2.047468423843384","2.047468423843384","2417","2417","2417"
"119799","2.737072467803955","2.737072467803955","2.737072467803955","2418","2418","2418"
"119849","2.9040701389312744","2.9040701389312744","2.9040701389312744","2419","2419","2419"
"119899","3.6088638305664062","3.6088638305664062","3.6088638305664062","2420","2420","2420"
"119949","1.4846391677856445","1.4846391677856445","1.4846391677856445","2421","2421","2421"
"119999","3.022890090942383","3.022890090942383","3.022890090942383","2422","2422","2422"
"120049","3.4576339721679688","3.4576339721679688","3.4576339721679688","2424","2424","2424"
"120099","1.968173623085022","1.968173623085022","1.968173623085022","2425","2425","2425"
"120149","2.322026491165161","2.322026491165161","2.322026491165161","2426","2426","2426"
"120199","2.2849884033203125","2.2849884033203125","2.2849884033203125","2427","2427","2427"
"120249","3.1519079208374023","3.1519079208374023","3.1519079208374023","2428","2428","2428"
"120299","3.0723490715026855","3.0723490715026855","3.0723490715026855","2429","2429","2429"
"120349","2.886241912841797","2.886241912841797","2.886241912841797","2430","2430","2430"
"120399","2.5939018726348877","2.5939018726348877","2.5939018726348877","2431","2431","2431"
"120449","1.5430176258087158","1.5430176258087158","1.5430176258087158","2432","2432","2432"
"120499","2.5090835094451904","2.5090835094451904","2.5090835094451904","2433","2433","2433"
"120549","2.719413995742798","2.719413995742798","2.719413995742798","2434","2434","2434"
"120599","3.3143301010131836","3.3143301010131836","3.3143301010131836","2435","2435","2435"
"120649","3.385852813720703","3.385852813720703","3.385852813720703","2436","2436","2436"
"120699","2.1228883266448975","2.1228883266448975","2.1228883266448975","2437","2437","2437"
"120749","2.1707923412323","2.1707923412323","2.1707923412323","2438","2438","2438"
"120799","1.958441138267517","1.958441138267517","1.958441138267517","2439","2439","2439"
"120849","3.030975580215454","3.030975580215454","3.030975580215454","2440","2440","2440"
"120899","1.839698314666748","1.839698314666748","1.839698314666748","2441","2441","2441"
"120949","2.8847920894622803","2.8847920894622803","2.8847920894622803","2442","2442","2442"
"120999","2.036522626876831","2.036522626876831","2.036522626876831","2443","2443","2443"
"121049","2.82818341255188","2.82818341255188","2.82818341255188","2444","2444","2444"
"121099","3.1644959449768066","3.1644959449768066","3.1644959449768066","2445","2445","2445"
"121149","2.5651135444641113","2.5651135444641113","2.5651135444641113","2446","2446","2446"
"121199","1.4463882446289062","1.4463882446289062","1.4463882446289062","2447","2447","2447"
"121249","3.0664005279541016","3.0664005279541016","3.0664005279541016","2448","2448","2448"
"121299","2.398402452468872","2.398402452468872","2.398402452468872","2449","2449","2449"
"121349","2.4068307876586914","2.4068307876586914","2.4068307876586914","2450","2450","2450"
"121399","1.9823641777038574","1.9823641777038574","1.9823641777038574","2451","2451","2451"
"121449","4.7702178955078125","4.7702178955078125","4.7702178955078125","2452","2452","2452"
"121499","2.215937614440918","2.215937614440918","2.215937614440918","2453","2453","2453"
"121549","3.733743190765381","3.733743190765381","3.733743190765381","2454","2454","2454"
"121599","3.5324604511260986","3.5324604511260986","3.5324604511260986","2455","2455","2455"
"121649","1.5340937376022339","1.5340937376022339","1.5340937376022339","2456","2456","2456"
"121699","3.6487157344818115","3.6487157344818115","3.6487157344818115","2457","2457","2457"
"121749","2.4754180908203125","2.4754180908203125","2.4754180908203125","2458","2458","2458"
"121799","2.514218807220459","2.514218807220459","2.514218807220459","2459","2459","2459"
"121849","3.982847213745117","3.982847213745117","3.982847213745117","2460","2460","2460"
"121899","1.8712117671966553","1.8712117671966553","1.8712117671966553","2461","2461","2461"
"121949","1.696330189704895","1.696330189704895","1.696330189704895","2462","2462","2462"
"121999","2.3518617153167725","2.3518617153167725","2.3518617153167725","2463","2463","2463"
"122049","2.895608425140381","2.895608425140381","2.895608425140381","2464","2464","2464"
"122099","2.157255172729492","2.157255172729492","2.157255172729492","2465","2465","2465"
"122149","3.769644260406494","3.769644260406494","3.769644260406494","2466","2466","2466"
"122199","2.9168362617492676","2.9168362617492676","2.9168362617492676","2467","2467","2467"
"122249","2.0908257961273193","2.0908257961273193","2.0908257961273193","2468","2468","2468"
"122299","2.4414656162261963","2.4414656162261963","2.4414656162261963","2469","2469","2469"
"122349","1.4862746000289917","1.4862746000289917","1.4862746000289917","2470","2470","2470"
"122399","2.7864019870758057","2.7864019870758057","2.7864019870758057","2471","2471","2471"