"trainer/global_step","pixeldit_rr_kee100_150kimgs_pairsum_dense_signed_gain05_repa_200k_2gpu - train/grad_norm","pixeldit_rr_kee100_150kimgs_pairsum_dense_signed_gain05_repa_200k_2gpu - train/grad_norm__MIN","pixeldit_rr_kee100_150kimgs_pairsum_dense_signed_gain05_repa_200k_2gpu - train/grad_norm__MAX","pixeldit_rr_kee100_150kimgs_pairsum_dense_signed_gain05_repa_200k_2gpu - _step","pixeldit_rr_kee100_150kimgs_pairsum_dense_signed_gain05_repa_200k_2gpu - _step__MIN","pixeldit_rr_kee100_150kimgs_pairsum_dense_signed_gain05_repa_200k_2gpu - _step__MAX"
"49","5.55610990524292","5.55610990524292","5.55610990524292","0","0","0"
"99","1.4028809070587158","1.4028809070587158","1.4028809070587158","1","1","1"
"149","1.6280862092971802","1.6280862092971802","1.6280862092971802","2","2","2"
"199","1.2550885677337646","1.2550885677337646","1.2550885677337646","3","3","3"
"249","0.6899822354316711","0.6899822354316711","0.6899822354316711","4","4","4"
"299","0.9617887735366821","0.9617887735366821","0.9617887735366821","5","5","5"
"349","1.1126203536987305","1.1126203536987305","1.1126203536987305","6","6","6"
"399","0.8323668837547302","0.8323668837547302","0.8323668837547302","7","7","7"
"449","0.7941576242446899","0.7941576242446899","0.7941576242446899","8","8","8"
"499","0.7868220210075378","0.7868220210075378","0.7868220210075378","9","9","9"
"549","0.5142106413841248","0.5142106413841248","0.5142106413841248","10","10","10"
"599","0.9381600618362427","0.9381600618362427","0.9381600618362427","11","11","11"
"649","0.6789906620979309","0.6789906620979309","0.6789906620979309","12","12","12"
"699","1.3952085971832275","1.3952085971832275","1.3952085971832275","13","13","13"
"749","0.6311978101730347","0.6311978101730347","0.6311978101730347","14","14","14"
"799","1.3887295722961426","1.3887295722961426","1.3887295722961426","15","15","15"
"849","0.9043951034545898","0.9043951034545898","0.9043951034545898","16","16","16"
"899","0.5659026503562927","0.5659026503562927","0.5659026503562927","17","17","17"
"949","0.9544757008552551","0.9544757008552551","0.9544757008552551","18","18","18"
"999","1.1383347511291504","1.1383347511291504","1.1383347511291504","19","19","19"
"1049","0.988172709941864","0.988172709941864","0.988172709941864","20","20","20"
"1099","0.9313044548034668","0.9313044548034668","0.9313044548034668","21","21","21"
"1149","0.5738380551338196","0.5738380551338196","0.5738380551338196","22","22","22"
"1199","0.5402648448944092","0.5402648448944092","0.5402648448944092","23","23","23"
"1249","0.7121233344078064","0.7121233344078064","0.7121233344078064","24","24","24"
"1299","0.6324303150177002","0.6324303150177002","0.6324303150177002","25","25","25"
"1349","0.95423424243927","0.95423424243927","0.95423424243927","26","26","26"
"1399","1.1214805841445923","1.1214805841445923","1.1214805841445923","27","27","27"
"1449","0.6491973400115967","0.6491973400115967","0.6491973400115967","28","28","28"
"1499","0.8230966925621033","0.8230966925621033","0.8230966925621033","29","29","29"
"1549","0.4755139946937561","0.4755139946937561","0.4755139946937561","30","30","30"
"1599","0.7579014897346497","0.7579014897346497","0.7579014897346497","31","31","31"
"1649","0.4589606821537018","0.4589606821537018","0.4589606821537018","32","32","32"
"1699","0.5346434712409973","0.5346434712409973","0.5346434712409973","33","33","33"
"1749","0.4781130850315094","0.4781130850315094","0.4781130850315094","34","34","34"
"1799","0.8415700793266296","0.8415700793266296","0.8415700793266296","35","35","35"
"1849","0.6348395347595215","0.6348395347595215","0.6348395347595215","36","36","36"
"1899","0.7177595496177673","0.7177595496177673","0.7177595496177673","37","37","37"
"1949","0.47894561290740967","0.47894561290740967","0.47894561290740967","38","38","38"
"1999","1.175538420677185","1.175538420677185","1.175538420677185","39","39","39"
"2049","0.7487155199050903","0.7487155199050903","0.7487155199050903","40","40","40"
"2099","1.2507864236831665","1.2507864236831665","1.2507864236831665","41","41","41"
"2149","0.7029804587364197","0.7029804587364197","0.7029804587364197","42","42","42"
"2199","0.8098764419555664","0.8098764419555664","0.8098764419555664","43","43","43"
"2249","0.7664233446121216","0.7664233446121216","0.7664233446121216","44","44","44"
"2299","0.6455575823783875","0.6455575823783875","0.6455575823783875","45","45","45"
"2349","0.7922120094299316","0.7922120094299316","0.7922120094299316","46","46","46"
"2399","0.6363240480422974","0.6363240480422974","0.6363240480422974","47","47","47"
"2449","0.5727105736732483","0.5727105736732483","0.5727105736732483","48","48","48"
"2499","0.6117679476737976","0.6117679476737976","0.6117679476737976","49","49","49"
"2549","0.7106949687004089","0.7106949687004089","0.7106949687004089","50","50","50"
"2599","0.6401404738426208","0.6401404738426208","0.6401404738426208","51","51","51"
"2649","0.3531918525695801","0.3531918525695801","0.3531918525695801","52","52","52"
"2699","0.694975733757019","0.694975733757019","0.694975733757019","53","53","53"
"2749","0.7667998671531677","0.7667998671531677","0.7667998671531677","54","54","54"
"2799","0.7615233063697815","0.7615233063697815","0.7615233063697815","55","55","55"
"2849","0.5306687951087952","0.5306687951087952","0.5306687951087952","56","56","56"
"2899","0.6073652505874634","0.6073652505874634","0.6073652505874634","57","57","57"
"2949","0.7585422396659851","0.7585422396659851","0.7585422396659851","58","58","58"
"2999","0.7408260703086853","0.7408260703086853","0.7408260703086853","59","59","59"
"3049","1.0709055662155151","1.0709055662155151","1.0709055662155151","60","60","60"
"3099","1.2381041049957275","1.2381041049957275","1.2381041049957275","61","61","61"
"3149","0.8621737360954285","0.8621737360954285","0.8621737360954285","62","62","62"
"3199","0.5493912100791931","0.5493912100791931","0.5493912100791931","63","63","63"
"3249","0.7269566655158997","0.7269566655158997","0.7269566655158997","64","64","64"
"3299","0.6043940186500549","0.6043940186500549","0.6043940186500549","65","65","65"
"3349","0.8012213706970215","0.8012213706970215","0.8012213706970215","66","66","66"
"3399","1.2748956680297852","1.2748956680297852","1.2748956680297852","67","67","67"
"3449","0.8863202333450317","0.8863202333450317","0.8863202333450317","68","68","68"
"3499","0.5045040845870972","0.5045040845870972","0.5045040845870972","69","69","69"
"3549","0.6643537282943726","0.6643537282943726","0.6643537282943726","70","70","70"
"3599","1.2510346174240112","1.2510346174240112","1.2510346174240112","71","71","71"
"3649","0.4759441316127777","0.4759441316127777","0.4759441316127777","72","72","72"
"3699","1.0047283172607422","1.0047283172607422","1.0047283172607422","73","73","73"
"3749","0.626685619354248","0.626685619354248","0.626685619354248","74","74","74"
"3799","1.0608673095703125","1.0608673095703125","1.0608673095703125","75","75","75"
"3849","0.795728862285614","0.795728862285614","0.795728862285614","76","76","76"
"3899","0.9922695755958557","0.9922695755958557","0.9922695755958557","77","77","77"
"3949","0.8565769195556641","0.8565769195556641","0.8565769195556641","78","78","78"
"3999","0.5493776798248291","0.5493776798248291","0.5493776798248291","79","79","79"
"4049","1.0242118835449219","1.0242118835449219","1.0242118835449219","80","80","80"
"4099","1.1029726266860962","1.1029726266860962","1.1029726266860962","81","81","81"
"4149","0.9699472784996033","0.9699472784996033","0.9699472784996033","82","82","82"
"4199","0.6648381352424622","0.6648381352424622","0.6648381352424622","83","83","83"
"4249","1.615189790725708","1.615189790725708","1.615189790725708","84","84","84"
"4299","1.1574852466583252","1.1574852466583252","1.1574852466583252","85","85","85"
"4349","1.1050148010253906","1.1050148010253906","1.1050148010253906","86","86","86"
"4399","0.7799503207206726","0.7799503207206726","0.7799503207206726","87","87","87"
"4449","0.885112464427948","0.885112464427948","0.885112464427948","88","88","88"
"4499","0.672477126121521","0.672477126121521","0.672477126121521","89","89","89"
"4549","0.5742074847221375","0.5742074847221375","0.5742074847221375","90","90","90"
"4599","0.733095645904541","0.733095645904541","0.733095645904541","91","91","91"
"4649","0.9519686102867126","0.9519686102867126","0.9519686102867126","92","92","92"
"4699","0.7656333446502686","0.7656333446502686","0.7656333446502686","93","93","93"
"4749","1.1956592798233032","1.1956592798233032","1.1956592798233032","94","94","94"
"4799","0.6452188491821289","0.6452188491821289","0.6452188491821289","95","95","95"
"4849","1.1505779027938843","1.1505779027938843","1.1505779027938843","96","96","96"
"4899","0.6873315572738647","0.6873315572738647","0.6873315572738647","97","97","97"
"4949","0.8444043397903442","0.8444043397903442","0.8444043397903442","98","98","98"
"4999","0.9642841219902039","0.9642841219902039","0.9642841219902039","99","99","99"
"5049","1.8669445514678955","1.8669445514678955","1.8669445514678955","101","101","101"
"5099","0.9969635605812073","0.9969635605812073","0.9969635605812073","102","102","102"
"5149","1.0673000812530518","1.0673000812530518","1.0673000812530518","103","103","103"
"5199","1.1735140085220337","1.1735140085220337","1.1735140085220337","104","104","104"
"5249","0.7121421098709106","0.7121421098709106","0.7121421098709106","105","105","105"
"5299","1.3434276580810547","1.3434276580810547","1.3434276580810547","106","106","106"
"5349","1.2544615268707275","1.2544615268707275","1.2544615268707275","107","107","107"
"5399","2.915278911590576","2.915278911590576","2.915278911590576","108","108","108"
"5449","1.290992021560669","1.290992021560669","1.290992021560669","109","109","109"
"5499","2.542464256286621","2.542464256286621","2.542464256286621","110","110","110"
"5549","1.0625669956207275","1.0625669956207275","1.0625669956207275","111","111","111"
"5599","0.871539831161499","0.871539831161499","0.871539831161499","112","112","112"
"5649","3.3051514625549316","3.3051514625549316","3.3051514625549316","113","113","113"
"5699","0.8901964426040649","0.8901964426040649","0.8901964426040649","114","114","114"
"5749","0.6505094766616821","0.6505094766616821","0.6505094766616821","115","115","115"
"5799","0.8251945376396179","0.8251945376396179","0.8251945376396179","116","116","116"
"5849","1.298721432685852","1.298721432685852","1.298721432685852","117","117","117"
"5899","2.019906520843506","2.019906520843506","2.019906520843506","118","118","118"
"5949","0.6823190450668335","0.6823190450668335","0.6823190450668335","119","119","119"
"5999","0.6045583486557007","0.6045583486557007","0.6045583486557007","120","120","120"
"6049","0.9525850415229797","0.9525850415229797","0.9525850415229797","121","121","121"
"6099","0.766575813293457","0.766575813293457","0.766575813293457","122","122","122"
"6149","0.7695294618606567","0.7695294618606567","0.7695294618606567","123","123","123"
"6199","0.859498918056488","0.859498918056488","0.859498918056488","124","124","124"
"6249","1.3784457445144653","1.3784457445144653","1.3784457445144653","125","125","125"
"6299","0.7277372479438782","0.7277372479438782","0.7277372479438782","126","126","126"
"6349","1.149194598197937","1.149194598197937","1.149194598197937","127","127","127"
"6399","0.7670398950576782","0.7670398950576782","0.7670398950576782","128","128","128"
"6449","1.9001151323318481","1.9001151323318481","1.9001151323318481","129","129","129"
"6499","1.5980969667434692","1.5980969667434692","1.5980969667434692","130","130","130"
"6549","0.9010663032531738","0.9010663032531738","0.9010663032531738","131","131","131"
"6599","0.7501552104949951","0.7501552104949951","0.7501552104949951","132","132","132"
"6649","1.1138179302215576","1.1138179302215576","1.1138179302215576","133","133","133"
"6699","0.9433347582817078","0.9433347582817078","0.9433347582817078","134","134","134"
"6749","0.7669404745101929","0.7669404745101929","0.7669404745101929","135","135","135"
"6799","2.1362812519073486","2.1362812519073486","2.1362812519073486","136","136","136"
"6849","0.7285861968994141","0.7285861968994141","0.7285861968994141","137","137","137"
"6899","1.7655091285705566","1.7655091285705566","1.7655091285705566","138","138","138"
"6949","2.363710641860962","2.363710641860962","2.363710641860962","139","139","139"
"6999","4.251141548156738","4.251141548156738","4.251141548156738","140","140","140"
"7049","1.5216261148452759","1.5216261148452759","1.5216261148452759","141","141","141"
"7099","1.0180740356445312","1.0180740356445312","1.0180740356445312","142","142","142"
"7149","0.9076906442642212","0.9076906442642212","0.9076906442642212","143","143","143"
"7199","0.7299796938896179","0.7299796938896179","0.7299796938896179","144","144","144"
"7249","0.5622649192810059","0.5622649192810059","0.5622649192810059","145","145","145"
"7299","0.9891328811645508","0.9891328811645508","0.9891328811645508","146","146","146"
"7349","0.8213000893592834","0.8213000893592834","0.8213000893592834","147","147","147"
"7399","0.8571598529815674","0.8571598529815674","0.8571598529815674","148","148","148"
"7449","1.8891834020614624","1.8891834020614624","1.8891834020614624","149","149","149"
"7499","1.0591588020324707","1.0591588020324707","1.0591588020324707","150","150","150"
"7549","1.0851162672042847","1.0851162672042847","1.0851162672042847","151","151","151"
"7599","0.95961993932724","0.95961993932724","0.95961993932724","152","152","152"
"7649","1.4965240955352783","1.4965240955352783","1.4965240955352783","153","153","153"
"7699","0.6903274059295654","0.6903274059295654","0.6903274059295654","154","154","154"
"7749","0.9600383043289185","0.9600383043289185","0.9600383043289185","155","155","155"
"7799","2.8024940490722656","2.8024940490722656","2.8024940490722656","156","156","156"
"7849","1.1743228435516357","1.1743228435516357","1.1743228435516357","157","157","157"
"7899","1.2291269302368164","1.2291269302368164","1.2291269302368164","158","158","158"
"7949","1.51710844039917","1.51710844039917","1.51710844039917","159","159","159"
"7999","1.5225579738616943","1.5225579738616943","1.5225579738616943","160","160","160"
"8049","1.3302509784698486","1.3302509784698486","1.3302509784698486","161","161","161"
"8099","0.787741482257843","0.787741482257843","0.787741482257843","162","162","162"
"8149","0.9626893401145935","0.9626893401145935","0.9626893401145935","163","163","163"
"8199","1.1068822145462036","1.1068822145462036","1.1068822145462036","164","164","164"
"8249","1.2839106321334839","1.2839106321334839","1.2839106321334839","165","165","165"
"8299","0.8793339133262634","0.8793339133262634","0.8793339133262634","166","166","166"
"8349","1.0060001611709595","1.0060001611709595","1.0060001611709595","167","167","167"
"8399","1.3212090730667114","1.3212090730667114","1.3212090730667114","168","168","168"
"8449","1.2484545707702637","1.2484545707702637","1.2484545707702637","169","169","169"
"8499","2.426581382751465","2.426581382751465","2.426581382751465","170","170","170"
"8549","0.8558367490768433","0.8558367490768433","0.8558367490768433","171","171","171"
"8599","1.2730367183685303","1.2730367183685303","1.2730367183685303","172","172","172"
"8649","1.2199524641036987","1.2199524641036987","1.2199524641036987","173","173","173"
"8699","1.4161016941070557","1.4161016941070557","1.4161016941070557","174","174","174"
"8749","1.564241886138916","1.564241886138916","1.564241886138916","175","175","175"
"8799","0.9606062173843384","0.9606062173843384","0.9606062173843384","176","176","176"
"8849","1.1267507076263428","1.1267507076263428","1.1267507076263428","177","177","177"
"8899","0.8475534915924072","0.8475534915924072","0.8475534915924072","178","178","178"
"8949","0.9111717939376831","0.9111717939376831","0.9111717939376831","179","179","179"
"8999","0.7086382508277893","0.7086382508277893","0.7086382508277893","180","180","180"
"9049","1.5621744394302368","1.5621744394302368","1.5621744394302368","181","181","181"
"9099","1.5605759620666504","1.5605759620666504","1.5605759620666504","182","182","182"
"9149","0.644969642162323","0.644969642162323","0.644969642162323","183","183","183"
"9199","0.9688199758529663","0.9688199758529663","0.9688199758529663","184","184","184"
"9249","1.4865549802780151","1.4865549802780151","1.4865549802780151","185","185","185"
"9299","0.7606237530708313","0.7606237530708313","0.7606237530708313","186","186","186"
"9349","0.8284547328948975","0.8284547328948975","0.8284547328948975","187","187","187"
"9399","2.0504963397979736","2.0504963397979736","2.0504963397979736","188","188","188"
"9449","2.7497756481170654","2.7497756481170654","2.7497756481170654","189","189","189"
"9499","1.349128007888794","1.349128007888794","1.349128007888794","190","190","190"
"9549","2.3355214595794678","2.3355214595794678","2.3355214595794678","191","191","191"
"9599","0.7150662541389465","0.7150662541389465","0.7150662541389465","192","192","192"
"9649","1.501273274421692","1.501273274421692","1.501273274421692","193","193","193"
"9699","1.4796652793884277","1.4796652793884277","1.4796652793884277","194","194","194"
"9749","0.6087984442710876","0.6087984442710876","0.6087984442710876","195","195","195"
"9799","0.6440674066543579","0.6440674066543579","0.6440674066543579","196","196","196"
"9849","1.311585783958435","1.311585783958435","1.311585783958435","197","197","197"
"9899","1.3339042663574219","1.3339042663574219","1.3339042663574219","198","198","198"
"9949","1.6387972831726074","1.6387972831726074","1.6387972831726074","199","199","199"
"9999","1.267801284790039","1.267801284790039","1.267801284790039","200","200","200"
"10049","0.9652413129806519","0.9652413129806519","0.9652413129806519","202","202","202"
"10099","1.1259434223175049","1.1259434223175049","1.1259434223175049","203","203","203"
"10149","0.7636649012565613","0.7636649012565613","0.7636649012565613","204","204","204"
"10199","1.1700758934020996","1.1700758934020996","1.1700758934020996","205","205","205"
"10249","0.5008108019828796","0.5008108019828796","0.5008108019828796","206","206","206"
"10299","1.1995302438735962","1.1995302438735962","1.1995302438735962","207","207","207"
"10349","0.9622290730476379","0.9622290730476379","0.9622290730476379","208","208","208"
"10399","2.8163111209869385","2.8163111209869385","2.8163111209869385","209","209","209"
"10449","0.9741500616073608","0.9741500616073608","0.9741500616073608","210","210","210"
"10499","0.639552652835846","0.639552652835846","0.639552652835846","211","211","211"
"10549","0.6899343729019165","0.6899343729019165","0.6899343729019165","212","212","212"
"10599","0.8985456228256226","0.8985456228256226","0.8985456228256226","213","213","213"
"10649","0.5996943712234497","0.5996943712234497","0.5996943712234497","214","214","214"
"10699","1.1423884630203247","1.1423884630203247","1.1423884630203247","215","215","215"
"10749","0.6464014053344727","0.6464014053344727","0.6464014053344727","216","216","216"
"10799","0.9742254614830017","0.9742254614830017","0.9742254614830017","217","217","217"
"10849","0.7675297260284424","0.7675297260284424","0.7675297260284424","218","218","218"
"10899","0.7778549790382385","0.7778549790382385","0.7778549790382385","219","219","219"
"10949","2.045123815536499","2.045123815536499","2.045123815536499","220","220","220"
"10999","0.6190966963768005","0.6190966963768005","0.6190966963768005","221","221","221"
"11049","1.348412275314331","1.348412275314331","1.348412275314331","222","222","222"
"11099","1.8455188274383545","1.8455188274383545","1.8455188274383545","223","223","223"
"11149","1.1282957792282104","1.1282957792282104","1.1282957792282104","224","224","224"
"11199","0.9126279354095459","0.9126279354095459","0.9126279354095459","225","225","225"
"11249","1.0881564617156982","1.0881564617156982","1.0881564617156982","226","226","226"
"11299","0.783923864364624","0.783923864364624","0.783923864364624","227","227","227"
"11349","1.4930552244186401","1.4930552244186401","1.4930552244186401","228","228","228"
"11399","1.5372451543807983","1.5372451543807983","1.5372451543807983","229","229","229"
"11449","1.5593620538711548","1.5593620538711548","1.5593620538711548","230","230","230"
"11499","1.1787643432617188","1.1787643432617188","1.1787643432617188","231","231","231"
"11549","1.2693893909454346","1.2693893909454346","1.2693893909454346","232","232","232"
"11599","0.8812984824180603","0.8812984824180603","0.8812984824180603","233","233","233"
"11649","0.6214526891708374","0.6214526891708374","0.6214526891708374","234","234","234"
"11699","0.5687286853790283","0.5687286853790283","0.5687286853790283","235","235","235"
"11749","0.9623456597328186","0.9623456597328186","0.9623456597328186","236","236","236"
"11799","1.4427114725112915","1.4427114725112915","1.4427114725112915","237","237","237"
"11849","1.087398648262024","1.087398648262024","1.087398648262024","238","238","238"
"11899","1.163413166999817","1.163413166999817","1.163413166999817","239","239","239"
"11949","0.7783967852592468","0.7783967852592468","0.7783967852592468","240","240","240"
"11999","0.6083509922027588","0.6083509922027588","0.6083509922027588","241","241","241"
"12049","2.240138530731201","2.240138530731201","2.240138530731201","242","242","242"
"12099","0.7082948088645935","0.7082948088645935","0.7082948088645935","243","243","243"
"12149","0.9185409545898438","0.9185409545898438","0.9185409545898438","244","244","244"
"12199","0.7706988453865051","0.7706988453865051","0.7706988453865051","245","245","245"
"12249","0.9978892207145691","0.9978892207145691","0.9978892207145691","246","246","246"
"12299","1.491498589515686","1.491498589515686","1.491498589515686","247","247","247"
"12349","1.3138294219970703","1.3138294219970703","1.3138294219970703","248","248","248"
"12399","0.8654657006263733","0.8654657006263733","0.8654657006263733","249","249","249"
"12449","1.5206422805786133","1.5206422805786133","1.5206422805786133","250","250","250"
"12499","1.471044659614563","1.471044659614563","1.471044659614563","251","251","251"
"12549","1.054152488708496","1.054152488708496","1.054152488708496","252","252","252"
"12599","0.8681110739707947","0.8681110739707947","0.8681110739707947","253","253","253"
"12649","2.217806100845337","2.217806100845337","2.217806100845337","254","254","254"
"12699","0.7249643206596375","0.7249643206596375","0.7249643206596375","255","255","255"
"12749","0.7985396385192871","0.7985396385192871","0.7985396385192871","256","256","256"
"12799","1.5378366708755493","1.5378366708755493","1.5378366708755493","257","257","257"
"12849","0.8337013721466064","0.8337013721466064","0.8337013721466064","258","258","258"
"12899","1.2625471353530884","1.2625471353530884","1.2625471353530884","259","259","259"
"12949","0.7820422649383545","0.7820422649383545","0.7820422649383545","260","260","260"
"12999","1.447835922241211","1.447835922241211","1.447835922241211","261","261","261"
"13049","0.6614556908607483","0.6614556908607483","0.6614556908607483","262","262","262"
"13099","0.7019245028495789","0.7019245028495789","0.7019245028495789","263","263","263"
"13149","1.2165240049362183","1.2165240049362183","1.2165240049362183","264","264","264"
"13199","0.9258697032928467","0.9258697032928467","0.9258697032928467","265","265","265"
"13249","1.6363716125488281","1.6363716125488281","1.6363716125488281","266","266","266"
"13299","1.4507802724838257","1.4507802724838257","1.4507802724838257","267","267","267"
"13349","0.9114386439323425","0.9114386439323425","0.9114386439323425","268","268","268"
"13399","2.5534470081329346","2.5534470081329346","2.5534470081329346","269","269","269"
"13449","1.1839803457260132","1.1839803457260132","1.1839803457260132","270","270","270"
"13499","1.2501873970031738","1.2501873970031738","1.2501873970031738","271","271","271"
"13549","1.1337101459503174","1.1337101459503174","1.1337101459503174","272","272","272"
"13599","1.6230252981185913","1.6230252981185913","1.6230252981185913","273","273","273"
"13649","1.1041706800460815","1.1041706800460815","1.1041706800460815","274","274","274"
"13699","0.8069073557853699","0.8069073557853699","0.8069073557853699","275","275","275"
"13749","2.23245906829834","2.23245906829834","2.23245906829834","276","276","276"
"13799","0.7538922429084778","0.7538922429084778","0.7538922429084778","277","277","277"
"13849","0.8740289211273193","0.8740289211273193","0.8740289211273193","278","278","278"
"13899","2.101818799972534","2.101818799972534","2.101818799972534","279","279","279"
"13949","1.5243817567825317","1.5243817567825317","1.5243817567825317","280","280","280"
"13999","0.7524502277374268","0.7524502277374268","0.7524502277374268","281","281","281"
"14049","8.349372863769531","8.349372863769531","8.349372863769531","282","282","282"
"14099","0.9107134342193604","0.9107134342193604","0.9107134342193604","283","283","283"
"14149","1.0743321180343628","1.0743321180343628","1.0743321180343628","284","284","284"
"14199","0.7891196608543396","0.7891196608543396","0.7891196608543396","285","285","285"
"14249","1.5466463565826416","1.5466463565826416","1.5466463565826416","286","286","286"
"14299","4.23665189743042","4.23665189743042","4.23665189743042","287","287","287"
"14349","1.04343843460083","1.04343843460083","1.04343843460083","288","288","288"
"14399","0.7171333432197571","0.7171333432197571","0.7171333432197571","289","289","289"
"14449","0.7066725492477417","0.7066725492477417","0.7066725492477417","290","290","290"
"14499","1.1962687969207764","1.1962687969207764","1.1962687969207764","291","291","291"
"14549","0.9223902821540833","0.9223902821540833","0.9223902821540833","292","292","292"
"14599","1.279016375541687","1.279016375541687","1.279016375541687","293","293","293"
"14649","0.9501814246177673","0.9501814246177673","0.9501814246177673","294","294","294"
"14699","1.0371190309524536","1.0371190309524536","1.0371190309524536","295","295","295"
"14749","2.6020984649658203","2.6020984649658203","2.6020984649658203","296","296","296"
"14799","0.7182843685150146","0.7182843685150146","0.7182843685150146","297","297","297"
"14849","0.8864315152168274","0.8864315152168274","0.8864315152168274","298","298","298"
"14899","0.7333865165710449","0.7333865165710449","0.7333865165710449","299","299","299"
"14949","0.5765883922576904","0.5765883922576904","0.5765883922576904","300","300","300"
"14999","0.7459549903869629","0.7459549903869629","0.7459549903869629","301","301","301"
"15049","0.4972357451915741","0.4972357451915741","0.4972357451915741","303","303","303"
"15099","1.1538805961608887","1.1538805961608887","1.1538805961608887","304","304","304"
"15149","0.7699776291847229","0.7699776291847229","0.7699776291847229","305","305","305"
"15199","1.5269993543624878","1.5269993543624878","1.5269993543624878","306","306","306"
"15249","0.9069778919219971","0.9069778919219971","0.9069778919219971","307","307","307"
"15299","0.6308780908584595","0.6308780908584595","0.6308780908584595","308","308","308"
"15349","1.0557849407196045","1.0557849407196045","1.0557849407196045","309","309","309"
"15399","0.567775309085846","0.567775309085846","0.567775309085846","310","310","310"
"15449","0.6665551066398621","0.6665551066398621","0.6665551066398621","311","311","311"
"15499","0.8536226749420166","0.8536226749420166","0.8536226749420166","312","312","312"
"15549","0.9712293148040771","0.9712293148040771","0.9712293148040771","313","313","313"
"15599","1.0298539400100708","1.0298539400100708","1.0298539400100708","314","314","314"
"15649","1.0058798789978027","1.0058798789978027","1.0058798789978027","315","315","315"
"15699","1.4453295469284058","1.4453295469284058","1.4453295469284058","316","316","316"
"15749","1.6371268033981323","1.6371268033981323","1.6371268033981323","317","317","317"
"15799","0.9217915534973145","0.9217915534973145","0.9217915534973145","318","318","318"
"15849","0.6303466558456421","0.6303466558456421","0.6303466558456421","319","319","319"
"15899","0.6292304992675781","0.6292304992675781","0.6292304992675781","320","320","320"
"15949","0.569572925567627","0.569572925567627","0.569572925567627","321","321","321"
"15999","0.8615258932113647","0.8615258932113647","0.8615258932113647","322","322","322"
"16049","1.1102808713912964","1.1102808713912964","1.1102808713912964","323","323","323"
"16099","1.2399780750274658","1.2399780750274658","1.2399780750274658","324","324","324"
"16149","0.8560850024223328","0.8560850024223328","0.8560850024223328","325","325","325"
"16199","4.089506149291992","4.089506149291992","4.089506149291992","326","326","326"
"16249","1.3047515153884888","1.3047515153884888","1.3047515153884888","327","327","327"
"16299","1.510378360748291","1.510378360748291","1.510378360748291","328","328","328"
"16349","1.3053103685379028","1.3053103685379028","1.3053103685379028","329","329","329"
"16399","0.6319786906242371","0.6319786906242371","0.6319786906242371","330","330","330"
"16449","0.817186176776886","0.817186176776886","0.817186176776886","331","331","331"
"16499","0.7272258400917053","0.7272258400917053","0.7272258400917053","332","332","332"
"16549","0.6159224510192871","0.6159224510192871","0.6159224510192871","333","333","333"
"16599","2.3689937591552734","2.3689937591552734","2.3689937591552734","334","334","334"
"16649","0.6531551480293274","0.6531551480293274","0.6531551480293274","335","335","335"
"16699","0.8355922102928162","0.8355922102928162","0.8355922102928162","336","336","336"
"16749","2.4790031909942627","2.4790031909942627","2.4790031909942627","337","337","337"
"16799","0.6399558186531067","0.6399558186531067","0.6399558186531067","338","338","338"
"16849","1.3908103704452515","1.3908103704452515","1.3908103704452515","339","339","339"
"16899","0.9169219136238098","0.9169219136238098","0.9169219136238098","340","340","340"
"16949","0.8873891830444336","0.8873891830444336","0.8873891830444336","341","341","341"
"16999","2.4153921604156494","2.4153921604156494","2.4153921604156494","342","342","342"
"17049","0.9743326306343079","0.9743326306343079","0.9743326306343079","343","343","343"
"17099","2.417661666870117","2.417661666870117","2.417661666870117","344","344","344"
"17149","8.246795654296875","8.246795654296875","8.246795654296875","345","345","345"
"17199","1.8122724294662476","1.8122724294662476","1.8122724294662476","346","346","346"
"17249","0.7379842400550842","0.7379842400550842","0.7379842400550842","347","347","347"
"17299","1.1376714706420898","1.1376714706420898","1.1376714706420898","348","348","348"
"17349","1.545143961906433","1.545143961906433","1.545143961906433","349","349","349"
"17399","1.0436314344406128","1.0436314344406128","1.0436314344406128","350","350","350"
"17449","0.7071036100387573","0.7071036100387573","0.7071036100387573","351","351","351"
"17499","0.7815195918083191","0.7815195918083191","0.7815195918083191","352","352","352"
"17549","0.8330690860748291","0.8330690860748291","0.8330690860748291","353","353","353"
"17599","0.7578703165054321","0.7578703165054321","0.7578703165054321","354","354","354"
"17649","1.0860310792922974","1.0860310792922974","1.0860310792922974","355","355","355"
"17699","0.7247844934463501","0.7247844934463501","0.7247844934463501","356","356","356"
"17749","0.6417882442474365","0.6417882442474365","0.6417882442474365","357","357","357"
"17799","1.0960990190505981","1.0960990190505981","1.0960990190505981","358","358","358"
"17849","0.6076486706733704","0.6076486706733704","0.6076486706733704","359","359","359"
"17899","0.8864522576332092","0.8864522576332092","0.8864522576332092","360","360","360"
"17949","2.3093667030334473","2.3093667030334473","2.3093667030334473","361","361","361"
"17999","0.6580579876899719","0.6580579876899719","0.6580579876899719","362","362","362"
"18049","1.0092079639434814","1.0092079639434814","1.0092079639434814","363","363","363"
"18099","0.7778466939926147","0.7778466939926147","0.7778466939926147","364","364","364"
"18149","3.331066608428955","3.331066608428955","3.331066608428955","365","365","365"
"18199","0.8103006482124329","0.8103006482124329","0.8103006482124329","366","366","366"
"18249","1.1276040077209473","1.1276040077209473","1.1276040077209473","367","367","367"
"18299","3.7539901733398438","3.7539901733398438","3.7539901733398438","368","368","368"
"18349","1.429137110710144","1.429137110710144","1.429137110710144","369","369","369"
"18399","0.8786036372184753","0.8786036372184753","0.8786036372184753","370","370","370"
"18449","2.1337802410125732","2.1337802410125732","2.1337802410125732","371","371","371"
"18499","2.4585206508636475","2.4585206508636475","2.4585206508636475","372","372","372"
"18549","2.9586620330810547","2.9586620330810547","2.9586620330810547","373","373","373"
"18599","0.7068171501159668","0.7068171501159668","0.7068171501159668","374","374","374"
"18649","0.7929006218910217","0.7929006218910217","0.7929006218910217","375","375","375"
"18699","1.0791518688201904","1.0791518688201904","1.0791518688201904","376","376","376"
"18749","2.136913537979126","2.136913537979126","2.136913537979126","377","377","377"
"18799","0.7363640069961548","0.7363640069961548","0.7363640069961548","378","378","378"
"18849","0.681229293346405","0.681229293346405","0.681229293346405","379","379","379"
"18899","0.6157437562942505","0.6157437562942505","0.6157437562942505","380","380","380"
"18949","0.8120125532150269","0.8120125532150269","0.8120125532150269","381","381","381"
"18999","1.113323450088501","1.113323450088501","1.113323450088501","382","382","382"
"19049","0.9265674948692322","0.9265674948692322","0.9265674948692322","383","383","383"
"19099","2.4617385864257812","2.4617385864257812","2.4617385864257812","384","384","384"
"19149","0.8468947410583496","0.8468947410583496","0.8468947410583496","385","385","385"
"19199","4.549991607666016","4.549991607666016","4.549991607666016","386","386","386"
"19249","1.6064413785934448","1.6064413785934448","1.6064413785934448","387","387","387"
"19299","0.9351044297218323","0.9351044297218323","0.9351044297218323","388","388","388"
"19349","2.6360039710998535","2.6360039710998535","2.6360039710998535","389","389","389"
"19399","0.6624618172645569","0.6624618172645569","0.6624618172645569","390","390","390"
"19449","0.6179903149604797","0.6179903149604797","0.6179903149604797","391","391","391"
"19499","0.8580965995788574","0.8580965995788574","0.8580965995788574","392","392","392"
"19549","0.8444406986236572","0.8444406986236572","0.8444406986236572","393","393","393"
"19599","1.2991251945495605","1.2991251945495605","1.2991251945495605","394","394","394"
"19649","0.991435706615448","0.991435706615448","0.991435706615448","395","395","395"
"19699","4.023533821105957","4.023533821105957","4.023533821105957","396","396","396"
"19749","0.6306777000427246","0.6306777000427246","0.6306777000427246","397","397","397"
"19799","0.5615668892860413","0.5615668892860413","0.5615668892860413","398","398","398"
"19849","1.688835620880127","1.688835620880127","1.688835620880127","399","399","399"
"19899","0.7252228856086731","0.7252228856086731","0.7252228856086731","400","400","400"
"19949","0.8737635016441345","0.8737635016441345","0.8737635016441345","401","401","401"
"19999","0.9681772589683533","0.9681772589683533","0.9681772589683533","402","402","402"
"20049","1.6245479583740234","1.6245479583740234","1.6245479583740234","404","404","404"
"20099","3.2411162853240967","3.2411162853240967","3.2411162853240967","405","405","405"
"20149","1.2224602699279785","1.2224602699279785","1.2224602699279785","406","406","406"
"20199","0.6585347056388855","0.6585347056388855","0.6585347056388855","407","407","407"
"20249","0.931021511554718","0.931021511554718","0.931021511554718","408","408","408"
"20299","0.9619147181510925","0.9619147181510925","0.9619147181510925","409","409","409"
"20349","1.4618406295776367","1.4618406295776367","1.4618406295776367","410","410","410"
"20399","0.9017242193222046","0.9017242193222046","0.9017242193222046","411","411","411"
"20449","1.4479725360870361","1.4479725360870361","1.4479725360870361","412","412","412"
"20499","1.0542526245117188","1.0542526245117188","1.0542526245117188","413","413","413"
"20549","1.1647617816925049","1.1647617816925049","1.1647617816925049","414","414","414"
"20599","0.9609730243682861","0.9609730243682861","0.9609730243682861","415","415","415"
"20649","4.243105411529541","4.243105411529541","4.243105411529541","416","416","416"
"20699","0.6847708821296692","0.6847708821296692","0.6847708821296692","417","417","417"
"20749","0.8955867886543274","0.8955867886543274","0.8955867886543274","418","418","418"
"20799","3.4288790225982666","3.4288790225982666","3.4288790225982666","419","419","419"
"20849","0.8419524431228638","0.8419524431228638","0.8419524431228638","420","420","420"
"20899","1.7890669107437134","1.7890669107437134","1.7890669107437134","421","421","421"
"20949","1.5757911205291748","1.5757911205291748","1.5757911205291748","422","422","422"
"20999","1.6307209730148315","1.6307209730148315","1.6307209730148315","423","423","423"
"21049","0.7089440822601318","0.7089440822601318","0.7089440822601318","424","424","424"
"21099","0.8985849022865295","0.8985849022865295","0.8985849022865295","425","425","425"
"21149","0.9175378680229187","0.9175378680229187","0.9175378680229187","426","426","426"
"21199","9.24656867980957","9.24656867980957","9.24656867980957","427","427","427"
"21249","2.942354917526245","2.942354917526245","2.942354917526245","428","428","428"
"21299","0.9408912062644958","0.9408912062644958","0.9408912062644958","429","429","429"
"21349","3.5093297958374023","3.5093297958374023","3.5093297958374023","430","430","430"
"21399","0.7168055176734924","0.7168055176734924","0.7168055176734924","431","431","431"
"21449","1.3830890655517578","1.3830890655517578","1.3830890655517578","432","432","432"
"21499","1.2587319612503052","1.2587319612503052","1.2587319612503052","433","433","433"
"21549","0.5964857935905457","0.5964857935905457","0.5964857935905457","434","434","434"
"21599","0.8318241238594055","0.8318241238594055","0.8318241238594055","435","435","435"
"21649","0.8028414249420166","0.8028414249420166","0.8028414249420166","436","436","436"
"21699","0.7608208656311035","0.7608208656311035","0.7608208656311035","437","437","437"
"21749","0.8012422919273376","0.8012422919273376","0.8012422919273376","438","438","438"
"21799","1.7692421674728394","1.7692421674728394","1.7692421674728394","439","439","439"
"21849","3.3925440311431885","3.3925440311431885","3.3925440311431885","440","440","440"
"21899","2.6626737117767334","2.6626737117767334","2.6626737117767334","441","441","441"
"21949","0.9170891642570496","0.9170891642570496","0.9170891642570496","442","442","442"
"21999","1.3994678258895874","1.3994678258895874","1.3994678258895874","443","443","443"
"22049","0.7751465439796448","0.7751465439796448","0.7751465439796448","444","444","444"
"22099","1.424553632736206","1.424553632736206","1.424553632736206","445","445","445"
"22149","1.7507528066635132","1.7507528066635132","1.7507528066635132","446","446","446"
"22199","0.7033916711807251","0.7033916711807251","0.7033916711807251","447","447","447"
"22249","0.9867191910743713","0.9867191910743713","0.9867191910743713","448","448","448"
"22299","1.7315183877944946","1.7315183877944946","1.7315183877944946","449","449","449"
"22349","1.3443313837051392","1.3443313837051392","1.3443313837051392","450","450","450"
"22399","2.0713181495666504","2.0713181495666504","2.0713181495666504","451","451","451"
"22449","0.7990736365318298","0.7990736365318298","0.7990736365318298","452","452","452"
"22499","1.134207010269165","1.134207010269165","1.134207010269165","453","453","453"
"22549","1.0671005249023438","1.0671005249023438","1.0671005249023438","454","454","454"
"22599","1.61126708984375","1.61126708984375","1.61126708984375","455","455","455"
"22649","2.738713264465332","2.738713264465332","2.738713264465332","456","456","456"
"22699","0.7498620748519897","0.7498620748519897","0.7498620748519897","457","457","457"
"22749","2.8164501190185547","2.8164501190185547","2.8164501190185547","458","458","458"
"22799","1.336795687675476","1.336795687675476","1.336795687675476","459","459","459"
"22849","1.0602179765701294","1.0602179765701294","1.0602179765701294","460","460","460"
"22899","1.299742579460144","1.299742579460144","1.299742579460144","461","461","461"
"22949","3.71405029296875","3.71405029296875","3.71405029296875","462","462","462"
"22999","2.9222028255462646","2.9222028255462646","2.9222028255462646","463","463","463"
"23049","0.7187568545341492","0.7187568545341492","0.7187568545341492","464","464","464"
"23099","2.438042640686035","2.438042640686035","2.438042640686035","465","465","465"
"23149","1.0167672634124756","1.0167672634124756","1.0167672634124756","466","466","466"
"23199","1.3159373998641968","1.3159373998641968","1.3159373998641968","467","467","467"
"23249","1.526424765586853","1.526424765586853","1.526424765586853","468","468","468"
"23299","0.744168221950531","0.744168221950531","0.744168221950531","469","469","469"
"23349","0.4834367632865906","0.4834367632865906","0.4834367632865906","470","470","470"
"23399","1.2373831272125244","1.2373831272125244","1.2373831272125244","471","471","471"
"23449","0.6136894822120667","0.6136894822120667","0.6136894822120667","472","472","472"
"23499","0.697176992893219","0.697176992893219","0.697176992893219","473","473","473"
"23549","0.6382325887680054","0.6382325887680054","0.6382325887680054","474","474","474"
"23599","0.9382327198982239","0.9382327198982239","0.9382327198982239","475","475","475"
"23649","0.7016907930374146","0.7016907930374146","0.7016907930374146","476","476","476"
"23699","0.6858037710189819","0.6858037710189819","0.6858037710189819","477","477","477"
"23749","1.2397449016571045","1.2397449016571045","1.2397449016571045","478","478","478"
"23799","0.6933131217956543","0.6933131217956543","0.6933131217956543","479","479","479"
"23849","1.7310324907302856","1.7310324907302856","1.7310324907302856","480","480","480"
"23899","0.7010915279388428","0.7010915279388428","0.7010915279388428","481","481","481"
"23949","0.6368458271026611","0.6368458271026611","0.6368458271026611","482","482","482"
"23999","0.8691374063491821","0.8691374063491821","0.8691374063491821","483","483","483"
"24049","0.7382434010505676","0.7382434010505676","0.7382434010505676","484","484","484"
"24099","0.6399250030517578","0.6399250030517578","0.6399250030517578","485","485","485"
"24149","0.6983848214149475","0.6983848214149475","0.6983848214149475","486","486","486"
"24199","0.5766148567199707","0.5766148567199707","0.5766148567199707","487","487","487"
"24249","0.7581408619880676","0.7581408619880676","0.7581408619880676","488","488","488"
"24299","1.2806918621063232","1.2806918621063232","1.2806918621063232","489","489","489"
"24349","0.8008286952972412","0.8008286952972412","0.8008286952972412","490","490","490"
"24399","0.7743542790412903","0.7743542790412903","0.7743542790412903","491","491","491"
"24449","1.2052851915359497","1.2052851915359497","1.2052851915359497","492","492","492"
"24499","1.1978188753128052","1.1978188753128052","1.1978188753128052","493","493","493"
"24549","3.2605807781219482","3.2605807781219482","3.2605807781219482","494","494","494"
"24599","11.111124992370605","11.111124992370605","11.111124992370605","495","495","495"
"24649","0.9704049825668335","0.9704049825668335","0.9704049825668335","496","496","496"
"24699","1.0669567584991455","1.0669567584991455","1.0669567584991455","497","497","497"
"24749","0.9689159393310547","0.9689159393310547","0.9689159393310547","498","498","498"
"24799","1.1335867643356323","1.1335867643356323","1.1335867643356323","499","499","499"
"24849","0.7641348242759705","0.7641348242759705","0.7641348242759705","500","500","500"
"24899","1.5397526025772095","1.5397526025772095","1.5397526025772095","501","501","501"
"24949","0.9299547672271729","0.9299547672271729","0.9299547672271729","502","502","502"
"24999","1.0844684839248657","1.0844684839248657","1.0844684839248657","503","503","503"
"25049","0.8400521874427795","0.8400521874427795","0.8400521874427795","505","505","505"
"25099","2.1790599822998047","2.1790599822998047","2.1790599822998047","506","506","506"
"25149","0.7846195697784424","0.7846195697784424","0.7846195697784424","507","507","507"
"25199","0.8611288070678711","0.8611288070678711","0.8611288070678711","508","508","508"
"25249","0.7742154002189636","0.7742154002189636","0.7742154002189636","509","509","509"
"25299","2.5807292461395264","2.5807292461395264","2.5807292461395264","510","510","510"
"25349","0.7869147062301636","0.7869147062301636","0.7869147062301636","511","511","511"
"25399","0.9969104528427124","0.9969104528427124","0.9969104528427124","512","512","512"
"25449","0.8103034496307373","0.8103034496307373","0.8103034496307373","513","513","513"
"25499","0.6044324636459351","0.6044324636459351","0.6044324636459351","514","514","514"
"25549","0.8298416137695312","0.8298416137695312","0.8298416137695312","515","515","515"
"25599","1.0588215589523315","1.0588215589523315","1.0588215589523315","516","516","516"
"25649","0.6125906109809875","0.6125906109809875","0.6125906109809875","517","517","517"
"25699","0.7756745219230652","0.7756745219230652","0.7756745219230652","518","518","518"
"25749","2.758655548095703","2.758655548095703","2.758655548095703","519","519","519"
"25799","1.7019869089126587","1.7019869089126587","1.7019869089126587","520","520","520"
"25849","0.7238622307777405","0.7238622307777405","0.7238622307777405","521","521","521"
"25899","0.7865723967552185","0.7865723967552185","0.7865723967552185","522","522","522"
"25949","1.6069315671920776","1.6069315671920776","1.6069315671920776","523","523","523"
"25999","1.5648127794265747","1.5648127794265747","1.5648127794265747","524","524","524"
"26049","0.6201884746551514","0.6201884746551514","0.6201884746551514","525","525","525"
"26099","1.3462098836898804","1.3462098836898804","1.3462098836898804","526","526","526"
"26149","0.7694798111915588","0.7694798111915588","0.7694798111915588","527","527","527"
"26199","1.4101097583770752","1.4101097583770752","1.4101097583770752","528","528","528"
"26249","0.5107191801071167","0.5107191801071167","0.5107191801071167","529","529","529"
"26299","1.7600184679031372","1.7600184679031372","1.7600184679031372","530","530","530"
"26349","1.8928380012512207","1.8928380012512207","1.8928380012512207","531","531","531"
"26399","1.049000859260559","1.049000859260559","1.049000859260559","532","532","532"
"26449","0.6572698354721069","0.6572698354721069","0.6572698354721069","533","533","533"
"26499","0.8573352694511414","0.8573352694511414","0.8573352694511414","534","534","534"
"26549","0.8933882117271423","0.8933882117271423","0.8933882117271423","535","535","535"
"26599","0.5515365600585938","0.5515365600585938","0.5515365600585938","536","536","536"
"26649","0.5222687721252441","0.5222687721252441","0.5222687721252441","537","537","537"
"26699","0.9347531795501709","0.9347531795501709","0.9347531795501709","538","538","538"
"26749","1.789446473121643","1.789446473121643","1.789446473121643","539","539","539"
"26799","0.8130102157592773","0.8130102157592773","0.8130102157592773","540","540","540"
"26849","1.0015641450881958","1.0015641450881958","1.0015641450881958","541","541","541"
"26899","0.7685454487800598","0.7685454487800598","0.7685454487800598","542","542","542"
"26949","1.1173701286315918","1.1173701286315918","1.1173701286315918","543","543","543"
"26999","1.615033745765686","1.615033745765686","1.615033745765686","544","544","544"
"27049","0.9449345469474792","0.9449345469474792","0.9449345469474792","545","545","545"
"27099","1.060491681098938","1.060491681098938","1.060491681098938","546","546","546"
"27149","2.0399084091186523","2.0399084091186523","2.0399084091186523","547","547","547"
"27199","0.8016692996025085","0.8016692996025085","0.8016692996025085","548","548","548"
"27249","0.9497401118278503","0.9497401118278503","0.9497401118278503","549","549","549"
"27299","1.4353960752487183","1.4353960752487183","1.4353960752487183","550","550","550"
"27349","0.9098227024078369","0.9098227024078369","0.9098227024078369","551","551","551"
"27399","0.647933304309845","0.647933304309845","0.647933304309845","552","552","552"
"27449","1.1293498277664185","1.1293498277664185","1.1293498277664185","553","553","553"
"27499","0.9103825688362122","0.9103825688362122","0.9103825688362122","554","554","554"
"27549","1.281349539756775","1.281349539756775","1.281349539756775","555","555","555"
"27599","0.9238123893737793","0.9238123893737793","0.9238123893737793","556","556","556"
"27649","1.202180027961731","1.202180027961731","1.202180027961731","557","557","557"
"27699","0.8512788414955139","0.8512788414955139","0.8512788414955139","558","558","558"
"27749","0.5552119612693787","0.5552119612693787","0.5552119612693787","559","559","559"
"27799","1.136334776878357","1.136334776878357","1.136334776878357","560","560","560"
"27849","0.768126904964447","0.768126904964447","0.768126904964447","561","561","561"
"27899","0.8299000859260559","0.8299000859260559","0.8299000859260559","562","562","562"
"27949","0.6850257515907288","0.6850257515907288","0.6850257515907288","563","563","563"
"27999","0.7621333003044128","0.7621333003044128","0.7621333003044128","564","564","564"
"28049","0.6331343054771423","0.6331343054771423","0.6331343054771423","565","565","565"
"28099","0.6374961733818054","0.6374961733818054","0.6374961733818054","566","566","566"
"28149","0.5353113412857056","0.5353113412857056","0.5353113412857056","567","567","567"
"28199","0.5792033076286316","0.5792033076286316","0.5792033076286316","568","568","568"
"28249","1.1767750978469849","1.1767750978469849","1.1767750978469849","569","569","569"
"28299","1.1283290386199951","1.1283290386199951","1.1283290386199951","570","570","570"
"28349","2.0067715644836426","2.0067715644836426","2.0067715644836426","571","571","571"
"28399","1.7602736949920654","1.7602736949920654","1.7602736949920654","572","572","572"
"28449","0.8540397882461548","0.8540397882461548","0.8540397882461548","573","573","573"
"28499","1.9367724657058716","1.9367724657058716","1.9367724657058716","574","574","574"
"28549","1.3026548624038696","1.3026548624038696","1.3026548624038696","575","575","575"
"28599","0.5559089779853821","0.5559089779853821","0.5559089779853821","576","576","576"
"28649","1.1618245840072632","1.1618245840072632","1.1618245840072632","577","577","577"
"28699","0.6245877146720886","0.6245877146720886","0.6245877146720886","578","578","578"
"28749","0.8486543297767639","0.8486543297767639","0.8486543297767639","579","579","579"
"28799","0.9365549683570862","0.9365549683570862","0.9365549683570862","580","580","580"
"28849","0.6749740242958069","0.6749740242958069","0.6749740242958069","581","581","581"
"28899","0.6905810236930847","0.6905810236930847","0.6905810236930847","582","582","582"
"28949","0.5923058390617371","0.5923058390617371","0.5923058390617371","583","583","583"
"28999","0.7017993927001953","0.7017993927001953","0.7017993927001953","584","584","584"
"29049","0.7853332757949829","0.7853332757949829","0.7853332757949829","585","585","585"
"29099","0.7366281151771545","0.7366281151771545","0.7366281151771545","586","586","586"
"29149","0.9055501818656921","0.9055501818656921","0.9055501818656921","587","587","587"
"29199","0.6940723061561584","0.6940723061561584","0.6940723061561584","588","588","588"
"29249","0.8349529504776001","0.8349529504776001","0.8349529504776001","589","589","589"
"29299","4.4409003257751465","4.4409003257751465","4.4409003257751465","590","590","590"
"29349","0.7218815684318542","0.7218815684318542","0.7218815684318542","591","591","591"
"29399","1.0187448263168335","1.0187448263168335","1.0187448263168335","592","592","592"
"29449","0.7641162276268005","0.7641162276268005","0.7641162276268005","593","593","593"
"29499","1.7195299863815308","1.7195299863815308","1.7195299863815308","594","594","594"
"29549","0.7793936729431152","0.7793936729431152","0.7793936729431152","595","595","595"
"29599","0.8647490739822388","0.8647490739822388","0.8647490739822388","596","596","596"
"29649","1.2101075649261475","1.2101075649261475","1.2101075649261475","597","597","597"
"29699","0.8008424043655396","0.8008424043655396","0.8008424043655396","598","598","598"
"29749","1.2855286598205566","1.2855286598205566","1.2855286598205566","599","599","599"
"29799","0.6014053225517273","0.6014053225517273","0.6014053225517273","600","600","600"
"29849","1.7000176906585693","1.7000176906585693","1.7000176906585693","601","601","601"
"29899","0.7899448275566101","0.7899448275566101","0.7899448275566101","602","602","602"
"29949","5.943999290466309","5.943999290466309","5.943999290466309","603","603","603"
"29999","0.5381755232810974","0.5381755232810974","0.5381755232810974","604","604","604"
"30049","0.7779741883277893","0.7779741883277893","0.7779741883277893","606","606","606"
"30099","4.18009090423584","4.18009090423584","4.18009090423584","607","607","607"
"30149","0.6785473227500916","0.6785473227500916","0.6785473227500916","608","608","608"
"30199","0.6965832114219666","0.6965832114219666","0.6965832114219666","609","609","609"
"30249","0.5927412509918213","0.5927412509918213","0.5927412509918213","610","610","610"
"30299","1.0390549898147583","1.0390549898147583","1.0390549898147583","611","611","611"
"30349","0.7738937735557556","0.7738937735557556","0.7738937735557556","612","612","612"
"30399","0.7376292943954468","0.7376292943954468","0.7376292943954468","613","613","613"
"30449","1.0766445398330688","1.0766445398330688","1.0766445398330688","614","614","614"
"30499","1.0640252828598022","1.0640252828598022","1.0640252828598022","615","615","615"
"30549","0.6593166589736938","0.6593166589736938","0.6593166589736938","616","616","616"
"30599","0.6585291624069214","0.6585291624069214","0.6585291624069214","617","617","617"
"30649","1.7767525911331177","1.7767525911331177","1.7767525911331177","618","618","618"
"30699","3.338200092315674","3.338200092315674","3.338200092315674","619","619","619"
"30749","2.566729784011841","2.566729784011841","2.566729784011841","620","620","620"
"30799","1.0146949291229248","1.0146949291229248","1.0146949291229248","621","621","621"
"30849","0.8273326754570007","0.8273326754570007","0.8273326754570007","622","622","622"
"30899","0.5103644132614136","0.5103644132614136","0.5103644132614136","623","623","623"
"30949","1.1029242277145386","1.1029242277145386","1.1029242277145386","624","624","624"
"30999","1.7052470445632935","1.7052470445632935","1.7052470445632935","625","625","625"
"31049","0.829246997833252","0.829246997833252","0.829246997833252","626","626","626"
"31099","1.1009392738342285","1.1009392738342285","1.1009392738342285","627","627","627"
"31149","0.8683837652206421","0.8683837652206421","0.8683837652206421","628","628","628"
"31199","1.367413878440857","1.367413878440857","1.367413878440857","629","629","629"
"31249","1.0930678844451904","1.0930678844451904","1.0930678844451904","630","630","630"
"31299","2.0472564697265625","2.0472564697265625","2.0472564697265625","631","631","631"
"31349","0.6733651161193848","0.6733651161193848","0.6733651161193848","632","632","632"
"31399","1.589252233505249","1.589252233505249","1.589252233505249","633","633","633"
"31449","0.7509438395500183","0.7509438395500183","0.7509438395500183","634","634","634"
"31499","0.914862334728241","0.914862334728241","0.914862334728241","635","635","635"
"31549","0.6969749331474304","0.6969749331474304","0.6969749331474304","636","636","636"
"31599","0.9245727062225342","0.9245727062225342","0.9245727062225342","637","637","637"
"31649","1.819331407546997","1.819331407546997","1.819331407546997","638","638","638"
"31699","0.7408843636512756","0.7408843636512756","0.7408843636512756","639","639","639"
"31749","1.0850083827972412","1.0850083827972412","1.0850083827972412","640","640","640"
"31799","0.7078127264976501","0.7078127264976501","0.7078127264976501","641","641","641"
"31849","1.166570782661438","1.166570782661438","1.166570782661438","642","642","642"
"31899","0.7931172847747803","0.7931172847747803","0.7931172847747803","643","643","643"
"31949","1.5599335432052612","1.5599335432052612","1.5599335432052612","644","644","644"
"31999","1.3493632078170776","1.3493632078170776","1.3493632078170776","645","645","645"
"32049","1.5831100940704346","1.5831100940704346","1.5831100940704346","646","646","646"
"32099","0.7990374565124512","0.7990374565124512","0.7990374565124512","647","647","647"
"32149","0.7422729134559631","0.7422729134559631","0.7422729134559631","648","648","648"
"32199","0.7600368857383728","0.7600368857383728","0.7600368857383728","649","649","649"
"32249","0.5772882699966431","0.5772882699966431","0.5772882699966431","650","650","650"
"32299","1.841863989830017","1.841863989830017","1.841863989830017","651","651","651"
"32349","1.0354018211364746","1.0354018211364746","1.0354018211364746","652","652","652"
"32399","1.7737140655517578","1.7737140655517578","1.7737140655517578","653","653","653"
"32449","0.9608203768730164","0.9608203768730164","0.9608203768730164","654","654","654"
"32499","0.6969503164291382","0.6969503164291382","0.6969503164291382","655","655","655"
"32549","1.946296215057373","1.946296215057373","1.946296215057373","656","656","656"
"32599","0.9559735655784607","0.9559735655784607","0.9559735655784607","657","657","657"
"32649","0.6699943542480469","0.6699943542480469","0.6699943542480469","658","658","658"
"32699","0.6759853363037109","0.6759853363037109","0.6759853363037109","659","659","659"
"32749","0.5971829891204834","0.5971829891204834","0.5971829891204834","660","660","660"
"32799","0.6497365832328796","0.6497365832328796","0.6497365832328796","661","661","661"
"32849","0.6003206968307495","0.6003206968307495","0.6003206968307495","662","662","662"
"32899","0.6374810338020325","0.6374810338020325","0.6374810338020325","663","663","663"
"32949","1.1196906566619873","1.1196906566619873","1.1196906566619873","664","664","664"
"32999","2.767094850540161","2.767094850540161","2.767094850540161","665","665","665"
"33049","0.6407697796821594","0.6407697796821594","0.6407697796821594","666","666","666"
"33099","0.6381083726882935","0.6381083726882935","0.6381083726882935","667","667","667"
"33149","0.7393426895141602","0.7393426895141602","0.7393426895141602","668","668","668"
"33199","2.159694194793701","2.159694194793701","2.159694194793701","669","669","669"
"33249","0.8637362122535706","0.8637362122535706","0.8637362122535706","670","670","670"
"33299","1.7494773864746094","1.7494773864746094","1.7494773864746094","671","671","671"
"33349","1.0535731315612793","1.0535731315612793","1.0535731315612793","672","672","672"
"33399","1.3519634008407593","1.3519634008407593","1.3519634008407593","673","673","673"
"33449","1.1771390438079834","1.1771390438079834","1.1771390438079834","674","674","674"
"33499","0.6536665558815002","0.6536665558815002","0.6536665558815002","675","675","675"
"33549","1.070459008216858","1.070459008216858","1.070459008216858","676","676","676"
"33599","0.8474009037017822","0.8474009037017822","0.8474009037017822","677","677","677"
"33649","0.9772151112556458","0.9772151112556458","0.9772151112556458","678","678","678"
"33699","1.182219386100769","1.182219386100769","1.182219386100769","679","679","679"
"33749","0.7917059063911438","0.7917059063911438","0.7917059063911438","680","680","680"
"33799","1.0548334121704102","1.0548334121704102","1.0548334121704102","681","681","681"
"33849","0.8240675926208496","0.8240675926208496","0.8240675926208496","682","682","682"
"33899","1.1126940250396729","1.1126940250396729","1.1126940250396729","683","683","683"
"33949","1.0301871299743652","1.0301871299743652","1.0301871299743652","684","684","684"
"33999","0.7576033473014832","0.7576033473014832","0.7576033473014832","685","685","685"
"34049","0.6685508489608765","0.6685508489608765","0.6685508489608765","686","686","686"
"34099","0.7380762100219727","0.7380762100219727","0.7380762100219727","687","687","687"
"34149","1.1056584119796753","1.1056584119796753","1.1056584119796753","688","688","688"
"34199","0.7578128576278687","0.7578128576278687","0.7578128576278687","689","689","689"
"34249","0.44240766763687134","0.44240766763687134","0.44240766763687134","690","690","690"
"34299","0.6041019558906555","0.6041019558906555","0.6041019558906555","691","691","691"
"34349","1.2138609886169434","1.2138609886169434","1.2138609886169434","692","692","692"
"34399","1.2943860292434692","1.2943860292434692","1.2943860292434692","693","693","693"
"34449","0.7511100769042969","0.7511100769042969","0.7511100769042969","694","694","694"
"34499","0.5111080408096313","0.5111080408096313","0.5111080408096313","695","695","695"
"34549","0.6981413960456848","0.6981413960456848","0.6981413960456848","696","696","696"
"34599","0.8012486100196838","0.8012486100196838","0.8012486100196838","697","697","697"
"34649","0.6175975203514099","0.6175975203514099","0.6175975203514099","698","698","698"
"34699","0.9699165225028992","0.9699165225028992","0.9699165225028992","699","699","699"
"34749","0.4639207124710083","0.4639207124710083","0.4639207124710083","700","700","700"
"34799","0.5892248153686523","0.5892248153686523","0.5892248153686523","701","701","701"
"34849","0.6871979236602783","0.6871979236602783","0.6871979236602783","702","702","702"
"34899","3.485409736633301","3.485409736633301","3.485409736633301","703","703","703"
"34949","0.870109498500824","0.870109498500824","0.870109498500824","704","704","704"
"34999","1.2840969562530518","1.2840969562530518","1.2840969562530518","705","705","705"
"35049","2.1136319637298584","2.1136319637298584","2.1136319637298584","707","707","707"
"35099","0.5676441788673401","0.5676441788673401","0.5676441788673401","708","708","708"
"35149","0.5140116810798645","0.5140116810798645","0.5140116810798645","709","709","709"
"35199","1.9538853168487549","1.9538853168487549","1.9538853168487549","710","710","710"
"35249","1.1054246425628662","1.1054246425628662","1.1054246425628662","711","711","711"
"35299","1.1371276378631592","1.1371276378631592","1.1371276378631592","712","712","712"
"35349","0.8023847937583923","0.8023847937583923","0.8023847937583923","713","713","713"
"35399","0.7217546105384827","0.7217546105384827","0.7217546105384827","714","714","714"
"35449","0.7135059237480164","0.7135059237480164","0.7135059237480164","715","715","715"
"35499","0.8755661845207214","0.8755661845207214","0.8755661845207214","716","716","716"
"35549","0.8428472876548767","0.8428472876548767","0.8428472876548767","717","717","717"
"35599","0.6956427097320557","0.6956427097320557","0.6956427097320557","718","718","718"
"35649","0.8801938891410828","0.8801938891410828","0.8801938891410828","719","719","719"
"35699","1.559653639793396","1.559653639793396","1.559653639793396","720","720","720"
"35749","0.783936619758606","0.783936619758606","0.783936619758606","721","721","721"
"35799","0.7310743927955627","0.7310743927955627","0.7310743927955627","722","722","722"
"35849","1.0730723142623901","1.0730723142623901","1.0730723142623901","723","723","723"
"35899","0.9688977003097534","0.9688977003097534","0.9688977003097534","724","724","724"
"35949","6.4438958168029785","6.4438958168029785","6.4438958168029785","725","725","725"
"35999","2.1327672004699707","2.1327672004699707","2.1327672004699707","726","726","726"
"36049","0.6058719158172607","0.6058719158172607","0.6058719158172607","727","727","727"
"36099","0.6598165035247803","0.6598165035247803","0.6598165035247803","728","728","728"
"36149","0.6784713864326477","0.6784713864326477","0.6784713864326477","729","729","729"
"36199","1.0828022956848145","1.0828022956848145","1.0828022956848145","730","730","730"
"36249","0.649503231048584","0.649503231048584","0.649503231048584","731","731","731"
"36299","0.7788515090942383","0.7788515090942383","0.7788515090942383","732","732","732"
"36349","0.6186226010322571","0.6186226010322571","0.6186226010322571","733","733","733"
"36399","0.777368426322937","0.777368426322937","0.777368426322937","734","734","734"
"36449","0.7827728390693665","0.7827728390693665","0.7827728390693665","735","735","735"
"36499","0.8593490719795227","0.8593490719795227","0.8593490719795227","736","736","736"
"36549","0.6463202834129333","0.6463202834129333","0.6463202834129333","737","737","737"
"36599","0.8331952095031738","0.8331952095031738","0.8331952095031738","738","738","738"
"36649","0.4933367371559143","0.4933367371559143","0.4933367371559143","739","739","739"
"36699","1.3964710235595703","1.3964710235595703","1.3964710235595703","740","740","740"
"36749","1.7813714742660522","1.7813714742660522","1.7813714742660522","741","741","741"
"36799","0.7099831104278564","0.7099831104278564","0.7099831104278564","742","742","742"
"36849","1.2171449661254883","1.2171449661254883","1.2171449661254883","743","743","743"
"36899","1.1769225597381592","1.1769225597381592","1.1769225597381592","744","744","744"
"36949","1.139238715171814","1.139238715171814","1.139238715171814","745","745","745"
"36999","0.884004533290863","0.884004533290863","0.884004533290863","746","746","746"
"37049","1.625095248222351","1.625095248222351","1.625095248222351","747","747","747"
"37099","0.7604392766952515","0.7604392766952515","0.7604392766952515","748","748","748"
"37149","0.6311555504798889","0.6311555504798889","0.6311555504798889","749","749","749"
"37199","0.6857928037643433","0.6857928037643433","0.6857928037643433","750","750","750"
"37249","1.0091300010681152","1.0091300010681152","1.0091300010681152","751","751","751"
"37299","0.7780901789665222","0.7780901789665222","0.7780901789665222","752","752","752"
"37349","1.9442851543426514","1.9442851543426514","1.9442851543426514","753","753","753"
"37399","0.5300723910331726","0.5300723910331726","0.5300723910331726","754","754","754"
"37449","0.7228426337242126","0.7228426337242126","0.7228426337242126","755","755","755"
"37499","0.5641615390777588","0.5641615390777588","0.5641615390777588","756","756","756"
"37549","0.62831711769104","0.62831711769104","0.62831711769104","757","757","757"
"37599","1.0968341827392578","1.0968341827392578","1.0968341827392578","758","758","758"
"37649","0.9154722690582275","0.9154722690582275","0.9154722690582275","759","759","759"
"37699","1.1841750144958496","1.1841750144958496","1.1841750144958496","760","760","760"
"37749","0.560080885887146","0.560080885887146","0.560080885887146","761","761","761"
"37799","0.4973357319831848","0.4973357319831848","0.4973357319831848","762","762","762"
"37849","0.8614880442619324","0.8614880442619324","0.8614880442619324","763","763","763"
"37899","1.306089997291565","1.306089997291565","1.306089997291565","764","764","764"
"37949","0.7674307823181152","0.7674307823181152","0.7674307823181152","765","765","765"
"37999","1.2825592756271362","1.2825592756271362","1.2825592756271362","766","766","766"
"38049","0.7900317907333374","0.7900317907333374","0.7900317907333374","767","767","767"
"38099","0.6314762234687805","0.6314762234687805","0.6314762234687805","768","768","768"
"38149","0.7457799315452576","0.7457799315452576","0.7457799315452576","769","769","769"
"38199","0.5524828433990479","0.5524828433990479","0.5524828433990479","770","770","770"
"38249","0.6476895809173584","0.6476895809173584","0.6476895809173584","771","771","771"
"38299","0.732956051826477","0.732956051826477","0.732956051826477","772","772","772"
"38349","0.7393039464950562","0.7393039464950562","0.7393039464950562","773","773","773"
"38399","1.0671114921569824","1.0671114921569824","1.0671114921569824","774","774","774"
"38449","1.0940924882888794","1.0940924882888794","1.0940924882888794","775","775","775"
"38499","1.2517108917236328","1.2517108917236328","1.2517108917236328","776","776","776"
"38549","2.990065574645996","2.990065574645996","2.990065574645996","777","777","777"
"38599","1.0499104261398315","1.0499104261398315","1.0499104261398315","778","778","778"
"38649","0.6788119673728943","0.6788119673728943","0.6788119673728943","779","779","779"
"38699","0.8219819068908691","0.8219819068908691","0.8219819068908691","780","780","780"
"38749","0.8290051221847534","0.8290051221847534","0.8290051221847534","781","781","781"
"38799","0.7986791729927063","0.7986791729927063","0.7986791729927063","782","782","782"
"38849","0.9218102693557739","0.9218102693557739","0.9218102693557739","783","783","783"
"38899","0.49556541442871094","0.49556541442871094","0.49556541442871094","784","784","784"
"38949","0.7505894303321838","0.7505894303321838","0.7505894303321838","785","785","785"
"38999","0.721147894859314","0.721147894859314","0.721147894859314","786","786","786"
"39049","1.1057610511779785","1.1057610511779785","1.1057610511779785","787","787","787"
"39099","1.9741640090942383","1.9741640090942383","1.9741640090942383","788","788","788"
"39149","0.8496356010437012","0.8496356010437012","0.8496356010437012","789","789","789"
"39199","0.7498525381088257","0.7498525381088257","0.7498525381088257","790","790","790"
"39249","1.0191540718078613","1.0191540718078613","1.0191540718078613","791","791","791"
"39299","0.5647490620613098","0.5647490620613098","0.5647490620613098","792","792","792"
"39349","1.1160696744918823","1.1160696744918823","1.1160696744918823","793","793","793"
"39399","0.48443347215652466","0.48443347215652466","0.48443347215652466","794","794","794"
"39449","1.2174479961395264","1.2174479961395264","1.2174479961395264","795","795","795"
"39499","0.8702554702758789","0.8702554702758789","0.8702554702758789","796","796","796"
"39549","0.9989542961120605","0.9989542961120605","0.9989542961120605","797","797","797"
"39599","0.6390292644500732","0.6390292644500732","0.6390292644500732","798","798","798"
"39649","0.5976350903511047","0.5976350903511047","0.5976350903511047","799","799","799"
"39699","0.8209524154663086","0.8209524154663086","0.8209524154663086","800","800","800"
"39749","0.5945702791213989","0.5945702791213989","0.5945702791213989","801","801","801"
"39799","1.2379077672958374","1.2379077672958374","1.2379077672958374","802","802","802"
"39849","0.7649372220039368","0.7649372220039368","0.7649372220039368","803","803","803"
"39899","0.9241121411323547","0.9241121411323547","0.9241121411323547","804","804","804"
"39949","0.8509508967399597","0.8509508967399597","0.8509508967399597","805","805","805"
"39999","1.1088850498199463","1.1088850498199463","1.1088850498199463","806","806","806"
"40049","1.0901724100112915","1.0901724100112915","1.0901724100112915","808","808","808"
"40099","1.0979686975479126","1.0979686975479126","1.0979686975479126","809","809","809"
"40149","0.788149893283844","0.788149893283844","0.788149893283844","810","810","810"
"40199","0.5871115326881409","0.5871115326881409","0.5871115326881409","811","811","811"
"40249","0.886756420135498","0.886756420135498","0.886756420135498","812","812","812"
"40299","1.068578839302063","1.068578839302063","1.068578839302063","813","813","813"
"40349","0.7031408548355103","0.7031408548355103","0.7031408548355103","814","814","814"
"40399","0.8522050976753235","0.8522050976753235","0.8522050976753235","815","815","815"
"40449","0.4075496196746826","0.4075496196746826","0.4075496196746826","816","816","816"
"40499","1.3267288208007812","1.3267288208007812","1.3267288208007812","817","817","817"
"40549","0.6726430058479309","0.6726430058479309","0.6726430058479309","818","818","818"
"40599","1.4013762474060059","1.4013762474060059","1.4013762474060059","819","819","819"
"40649","0.8518913388252258","0.8518913388252258","0.8518913388252258","820","820","820"
"40699","0.6424567103385925","0.6424567103385925","0.6424567103385925","821","821","821"
"40749","2.0573363304138184","2.0573363304138184","2.0573363304138184","822","822","822"
"40799","0.6948373317718506","0.6948373317718506","0.6948373317718506","823","823","823"
"40849","0.9106225967407227","0.9106225967407227","0.9106225967407227","824","824","824"
"40899","1.1332809925079346","1.1332809925079346","1.1332809925079346","825","825","825"
"40949","0.6146608591079712","0.6146608591079712","0.6146608591079712","826","826","826"
"40999","0.8513219952583313","0.8513219952583313","0.8513219952583313","827","827","827"
"41049","0.8823875784873962","0.8823875784873962","0.8823875784873962","828","828","828"
"41099","0.6787253022193909","0.6787253022193909","0.6787253022193909","829","829","829"
"41149","1.5016955137252808","1.5016955137252808","1.5016955137252808","830","830","830"
"41199","3.7283213138580322","3.7283213138580322","3.7283213138580322","831","831","831"
"41249","1.9083778858184814","1.9083778858184814","1.9083778858184814","832","832","832"
"41299","1.323332667350769","1.323332667350769","1.323332667350769","833","833","833"
"41349","0.763369619846344","0.763369619846344","0.763369619846344","834","834","834"
"41399","0.7374566793441772","0.7374566793441772","0.7374566793441772","835","835","835"
"41449","0.6979312896728516","0.6979312896728516","0.6979312896728516","836","836","836"
"41499","0.7713169455528259","0.7713169455528259","0.7713169455528259","837","837","837"
"41549","0.7414801716804504","0.7414801716804504","0.7414801716804504","838","838","838"
"41599","0.7316758632659912","0.7316758632659912","0.7316758632659912","839","839","839"
"41649","2.20127534866333","2.20127534866333","2.20127534866333","840","840","840"
"41699","0.7087116241455078","0.7087116241455078","0.7087116241455078","841","841","841"
"41749","0.5579659342765808","0.5579659342765808","0.5579659342765808","842","842","842"
"41799","0.6251401305198669","0.6251401305198669","0.6251401305198669","843","843","843"
"41849","1.2434179782867432","1.2434179782867432","1.2434179782867432","844","844","844"
"41899","0.8785482048988342","0.8785482048988342","0.8785482048988342","845","845","845"
"41949","0.7206822633743286","0.7206822633743286","0.7206822633743286","846","846","846"
"41999","1.5100808143615723","1.5100808143615723","1.5100808143615723","847","847","847"
"42049","1.610949158668518","1.610949158668518","1.610949158668518","848","848","848"
"42099","0.9785543084144592","0.9785543084144592","0.9785543084144592","849","849","849"
"42149","0.7548761367797852","0.7548761367797852","0.7548761367797852","850","850","850"
"42199","0.8282111883163452","0.8282111883163452","0.8282111883163452","851","851","851"
"42249","0.8744332790374756","0.8744332790374756","0.8744332790374756","852","852","852"
"42299","0.6817498803138733","0.6817498803138733","0.6817498803138733","853","853","853"
"42349","1.0750398635864258","1.0750398635864258","1.0750398635864258","854","854","854"
"42399","4.120885848999023","4.120885848999023","4.120885848999023","855","855","855"
"42449","0.8336701989173889","0.8336701989173889","0.8336701989173889","856","856","856"
"42499","2.522088050842285","2.522088050842285","2.522088050842285","857","857","857"
"42549","0.6491278409957886","0.6491278409957886","0.6491278409957886","858","858","858"
"42599","0.72994464635849","0.72994464635849","0.72994464635849","859","859","859"
"42649","1.1269203424453735","1.1269203424453735","1.1269203424453735","860","860","860"
"42699","0.7358879446983337","0.7358879446983337","0.7358879446983337","861","861","861"
"42749","1.003650188446045","1.003650188446045","1.003650188446045","862","862","862"
"42799","0.538059651851654","0.538059651851654","0.538059651851654","863","863","863"
"42849","0.7910520434379578","0.7910520434379578","0.7910520434379578","864","864","864"
"42899","0.5187522768974304","0.5187522768974304","0.5187522768974304","865","865","865"
"42949","0.6801875829696655","0.6801875829696655","0.6801875829696655","866","866","866"
"42999","0.9096153974533081","0.9096153974533081","0.9096153974533081","867","867","867"
"43049","2.5070252418518066","2.5070252418518066","2.5070252418518066","868","868","868"
"43099","0.8167823553085327","0.8167823553085327","0.8167823553085327","869","869","869"
"43149","0.7714733481407166","0.7714733481407166","0.7714733481407166","870","870","870"
"43199","0.7822383642196655","0.7822383642196655","0.7822383642196655","871","871","871"
"43249","0.7112122178077698","0.7112122178077698","0.7112122178077698","872","872","872"
"43299","0.6630048751831055","0.6630048751831055","0.6630048751831055","873","873","873"
"43349","0.7581453323364258","0.7581453323364258","0.7581453323364258","874","874","874"
"43399","0.7355120182037354","0.7355120182037354","0.7355120182037354","875","875","875"
"43449","1.2103687524795532","1.2103687524795532","1.2103687524795532","876","876","876"
"43499","1.418474555015564","1.418474555015564","1.418474555015564","877","877","877"
"43549","0.8781855702400208","0.8781855702400208","0.8781855702400208","878","878","878"
"43599","0.8989876508712769","0.8989876508712769","0.8989876508712769","879","879","879"
"43649","0.9186668395996094","0.9186668395996094","0.9186668395996094","880","880","880"
"43699","4.944745063781738","4.944745063781738","4.944745063781738","881","881","881"
"43749","0.8035967350006104","0.8035967350006104","0.8035967350006104","882","882","882"
"43799","0.8303797245025635","0.8303797245025635","0.8303797245025635","883","883","883"
"43849","0.7126964330673218","0.7126964330673218","0.7126964330673218","884","884","884"
"43899","0.7729600071907043","0.7729600071907043","0.7729600071907043","885","885","885"
"43949","0.6829388737678528","0.6829388737678528","0.6829388737678528","886","886","886"
"43999","0.7682403922080994","0.7682403922080994","0.7682403922080994","887","887","887"
"44049","0.6279213428497314","0.6279213428497314","0.6279213428497314","888","888","888"
"44099","0.8322131633758545","0.8322131633758545","0.8322131633758545","889","889","889"
"44149","0.915696382522583","0.915696382522583","0.915696382522583","890","890","890"
"44199","0.5182667374610901","0.5182667374610901","0.5182667374610901","891","891","891"
"44249","1.224993348121643","1.224993348121643","1.224993348121643","892","892","892"
"44299","0.7769046425819397","0.7769046425819397","0.7769046425819397","893","893","893"
"44349","0.72014319896698","0.72014319896698","0.72014319896698","894","894","894"
"44399","0.4299705922603607","0.4299705922603607","0.4299705922603607","895","895","895"
"44449","0.6262307167053223","0.6262307167053223","0.6262307167053223","896","896","896"
"44499","1.126270055770874","1.126270055770874","1.126270055770874","897","897","897"
"44549","2.565761089324951","2.565761089324951","2.565761089324951","898","898","898"
"44599","0.560346245765686","0.560346245765686","0.560346245765686","899","899","899"
"44649","0.7908711433410645","0.7908711433410645","0.7908711433410645","900","900","900"
"44699","0.5185195803642273","0.5185195803642273","0.5185195803642273","901","901","901"
"44749","0.8038236498832703","0.8038236498832703","0.8038236498832703","902","902","902"
"44799","0.7846905589103699","0.7846905589103699","0.7846905589103699","903","903","903"
"44849","0.933771014213562","0.933771014213562","0.933771014213562","904","904","904"
"44899","0.7569847702980042","0.7569847702980042","0.7569847702980042","905","905","905"
"44949","0.4462036192417145","0.4462036192417145","0.4462036192417145","906","906","906"
"44999","0.5148077011108398","0.5148077011108398","0.5148077011108398","907","907","907"
"45049","0.9736696481704712","0.9736696481704712","0.9736696481704712","909","909","909"
"45099","0.5358900427818298","0.5358900427818298","0.5358900427818298","910","910","910"
"45149","0.3990360200405121","0.3990360200405121","0.3990360200405121","911","911","911"
"45199","0.6841712594032288","0.6841712594032288","0.6841712594032288","912","912","912"
"45249","0.5002577304840088","0.5002577304840088","0.5002577304840088","913","913","913"
"45299","1.680959701538086","1.680959701538086","1.680959701538086","914","914","914"
"45349","0.6358246207237244","0.6358246207237244","0.6358246207237244","915","915","915"
"45399","1.0179044008255005","1.0179044008255005","1.0179044008255005","916","916","916"
"45449","0.7524682879447937","0.7524682879447937","0.7524682879447937","917","917","917"
"45499","0.6548702716827393","0.6548702716827393","0.6548702716827393","918","918","918"
"45549","0.7643029093742371","0.7643029093742371","0.7643029093742371","919","919","919"
"45599","1.1437292098999023","1.1437292098999023","1.1437292098999023","920","920","920"
"45649","0.6694601774215698","0.6694601774215698","0.6694601774215698","921","921","921"
"45699","0.49837279319763184","0.49837279319763184","0.49837279319763184","922","922","922"
"45749","0.6568127870559692","0.6568127870559692","0.6568127870559692","923","923","923"
"45799","1.451848030090332","1.451848030090332","1.451848030090332","924","924","924"
"45849","0.765487551689148","0.765487551689148","0.765487551689148","925","925","925"
"45899","0.7208441495895386","0.7208441495895386","0.7208441495895386","926","926","926"
"45949","0.7272932529449463","0.7272932529449463","0.7272932529449463","927","927","927"
"45999","0.6610005497932434","0.6610005497932434","0.6610005497932434","928","928","928"
"46049","0.5762560367584229","0.5762560367584229","0.5762560367584229","929","929","929"
"46099","0.7517437934875488","0.7517437934875488","0.7517437934875488","930","930","930"
"46149","0.7048433423042297","0.7048433423042297","0.7048433423042297","931","931","931"
"46199","0.9736876487731934","0.9736876487731934","0.9736876487731934","932","932","932"
"46249","2.3558576107025146","2.3558576107025146","2.3558576107025146","933","933","933"
"46299","1.0414005517959595","1.0414005517959595","1.0414005517959595","934","934","934"
"46349","0.8065754175186157","0.8065754175186157","0.8065754175186157","935","935","935"
"46399","0.6670994758605957","0.6670994758605957","0.6670994758605957","936","936","936"
"46449","1.759116291999817","1.759116291999817","1.759116291999817","937","937","937"
"46499","0.8789698481559753","0.8789698481559753","0.8789698481559753","938","938","938"
"46549","0.6260998845100403","0.6260998845100403","0.6260998845100403","939","939","939"
"46599","1.22861909866333","1.22861909866333","1.22861909866333","940","940","940"
"46649","0.53203946352005","0.53203946352005","0.53203946352005","941","941","941"
"46699","1.1697219610214233","1.1697219610214233","1.1697219610214233","942","942","942"
"46749","0.6000500917434692","0.6000500917434692","0.6000500917434692","943","943","943"
"46799","0.799056351184845","0.799056351184845","0.799056351184845","944","944","944"
"46849","1.0558364391326904","1.0558364391326904","1.0558364391326904","945","945","945"
"46899","0.5814505815505981","0.5814505815505981","0.5814505815505981","946","946","946"
"46949","0.9293668866157532","0.9293668866157532","0.9293668866157532","947","947","947"
"46999","0.5664163827896118","0.5664163827896118","0.5664163827896118","948","948","948"
"47049","0.7692954540252686","0.7692954540252686","0.7692954540252686","949","949","949"
"47099","0.7764305472373962","0.7764305472373962","0.7764305472373962","950","950","950"
"47149","0.5103406310081482","0.5103406310081482","0.5103406310081482","951","951","951"
"47199","0.9899529218673706","0.9899529218673706","0.9899529218673706","952","952","952"
"47249","0.874427855014801","0.874427855014801","0.874427855014801","953","953","953"
"47299","0.7771902680397034","0.7771902680397034","0.7771902680397034","954","954","954"
"47349","1.2315318584442139","1.2315318584442139","1.2315318584442139","955","955","955"
"47399","0.760496973991394","0.760496973991394","0.760496973991394","956","956","956"
"47449","0.7502007484436035","0.7502007484436035","0.7502007484436035","957","957","957"
"47499","0.8612287640571594","0.8612287640571594","0.8612287640571594","958","958","958"
"47549","0.5513599514961243","0.5513599514961243","0.5513599514961243","959","959","959"
"47599","1.1473225355148315","1.1473225355148315","1.1473225355148315","960","960","960"
"47649","2.628591775894165","2.628591775894165","2.628591775894165","961","961","961"
"47699","1.0815885066986084","1.0815885066986084","1.0815885066986084","962","962","962"
"47749","0.4788385033607483","0.4788385033607483","0.4788385033607483","963","963","963"
"47799","1.007433533668518","1.007433533668518","1.007433533668518","964","964","964"
"47849","0.558288037776947","0.558288037776947","0.558288037776947","965","965","965"
"47899","0.487172394990921","0.487172394990921","0.487172394990921","966","966","966"
"47949","0.7610327005386353","0.7610327005386353","0.7610327005386353","967","967","967"
"47999","0.81491619348526","0.81491619348526","0.81491619348526","968","968","968"
"48049","0.5419114232063293","0.5419114232063293","0.5419114232063293","969","969","969"
"48099","5.431636810302734","5.431636810302734","5.431636810302734","970","970","970"
"48149","0.5981532335281372","0.5981532335281372","0.5981532335281372","971","971","971"
"48199","0.5263329744338989","0.5263329744338989","0.5263329744338989","972","972","972"
"48249","0.5971964001655579","0.5971964001655579","0.5971964001655579","973","973","973"
"48299","0.8836926221847534","0.8836926221847534","0.8836926221847534","974","974","974"
"48349","0.6376852989196777","0.6376852989196777","0.6376852989196777","975","975","975"
"48399","2.812185049057007","2.812185049057007","2.812185049057007","976","976","976"
"48449","0.6510905027389526","0.6510905027389526","0.6510905027389526","977","977","977"
"48499","1.68011474609375","1.68011474609375","1.68011474609375","978","978","978"
"48549","0.8447187542915344","0.8447187542915344","0.8447187542915344","979","979","979"
"48599","0.6405361294746399","0.6405361294746399","0.6405361294746399","980","980","980"
"48649","0.854712963104248","0.854712963104248","0.854712963104248","981","981","981"
"48699","0.7458598613739014","0.7458598613739014","0.7458598613739014","982","982","982"
"48749","0.7011767029762268","0.7011767029762268","0.7011767029762268","983","983","983"
"48799","1.0865833759307861","1.0865833759307861","1.0865833759307861","984","984","984"
"48849","1.0422736406326294","1.0422736406326294","1.0422736406326294","985","985","985"
"48899","0.8379776477813721","0.8379776477813721","0.8379776477813721","986","986","986"
"48949","0.9760048389434814","0.9760048389434814","0.9760048389434814","987","987","987"
"48999","1.0952181816101074","1.0952181816101074","1.0952181816101074","988","988","988"
"49049","0.806133508682251","0.806133508682251","0.806133508682251","989","989","989"
"49099","1.027001142501831","1.027001142501831","1.027001142501831","990","990","990"
"49149","1.0269238948822021","1.0269238948822021","1.0269238948822021","991","991","991"
"49199","0.9667356610298157","0.9667356610298157","0.9667356610298157","992","992","992"
"49249","0.8364292979240417","0.8364292979240417","0.8364292979240417","993","993","993"
"49299","1.4510047435760498","1.4510047435760498","1.4510047435760498","994","994","994"
"49349","0.7350363731384277","0.7350363731384277","0.7350363731384277","995","995","995"
"49399","0.6141467094421387","0.6141467094421387","0.6141467094421387","996","996","996"
"49449","0.8240711688995361","0.8240711688995361","0.8240711688995361","997","997","997"
"49499","0.8925251364707947","0.8925251364707947","0.8925251364707947","998","998","998"
"49549","0.7950658798217773","0.7950658798217773","0.7950658798217773","999","999","999"
"49599","4.200510501861572","4.200510501861572","4.200510501861572","1000","1000","1000"
"49649","0.712595522403717","0.712595522403717","0.712595522403717","1001","1001","1001"
"49699","0.5470560193061829","0.5470560193061829","0.5470560193061829","1002","1002","1002"
"49749","0.6629471778869629","0.6629471778869629","0.6629471778869629","1003","1003","1003"
"49799","0.6842852830886841","0.6842852830886841","0.6842852830886841","1004","1004","1004"
"49849","0.5777140259742737","0.5777140259742737","0.5777140259742737","1005","1005","1005"
"49899","1.2892612218856812","1.2892612218856812","1.2892612218856812","1006","1006","1006"
"49949","0.5915322303771973","0.5915322303771973","0.5915322303771973","1007","1007","1007"
"49999","0.6302726864814758","0.6302726864814758","0.6302726864814758","1008","1008","1008"
"50049","0.8218086361885071","0.8218086361885071","0.8218086361885071","1010","1010","1010"
"50099","1.0473337173461914","1.0473337173461914","1.0473337173461914","1011","1011","1011"
"50149","0.5252116918563843","0.5252116918563843","0.5252116918563843","1012","1012","1012"
"50199","0.6827189922332764","0.6827189922332764","0.6827189922332764","1013","1013","1013"
"50249","0.6246718764305115","0.6246718764305115","0.6246718764305115","1014","1014","1014"
"50299","0.7754631638526917","0.7754631638526917","0.7754631638526917","1015","1015","1015"
"50349","0.4880251884460449","0.4880251884460449","0.4880251884460449","1016","1016","1016"
"50399","2.335028886795044","2.335028886795044","2.335028886795044","1017","1017","1017"
"50449","0.4675956666469574","0.4675956666469574","0.4675956666469574","1018","1018","1018"
"50499","0.6755163073539734","0.6755163073539734","0.6755163073539734","1019","1019","1019"
"50549","1.552489161491394","1.552489161491394","1.552489161491394","1020","1020","1020"
"50599","0.9306911826133728","0.9306911826133728","0.9306911826133728","1021","1021","1021"
"50649","0.6614603996276855","0.6614603996276855","0.6614603996276855","1022","1022","1022"
"50699","0.6419875025749207","0.6419875025749207","0.6419875025749207","1023","1023","1023"
"50749","0.8229336142539978","0.8229336142539978","0.8229336142539978","1024","1024","1024"
"50799","0.9212307333946228","0.9212307333946228","0.9212307333946228","1025","1025","1025"
"50849","0.8652329444885254","0.8652329444885254","0.8652329444885254","1026","1026","1026"
"50899","0.829657256603241","0.829657256603241","0.829657256603241","1027","1027","1027"
"50949","1.0859649181365967","1.0859649181365967","1.0859649181365967","1028","1028","1028"
"50999","1.0083861351013184","1.0083861351013184","1.0083861351013184","1029","1029","1029"
"51049","0.5339496731758118","0.5339496731758118","0.5339496731758118","1030","1030","1030"
"51099","0.9097273349761963","0.9097273349761963","0.9097273349761963","1031","1031","1031"
"51149","0.4190881550312042","0.4190881550312042","0.4190881550312042","1032","1032","1032"
"51199","0.6853708028793335","0.6853708028793335","0.6853708028793335","1033","1033","1033"
"51249","0.6318621635437012","0.6318621635437012","0.6318621635437012","1034","1034","1034"
"51299","0.49702367186546326","0.49702367186546326","0.49702367186546326","1035","1035","1035"
"51349","0.6686254739761353","0.6686254739761353","0.6686254739761353","1036","1036","1036"
"51399","0.5145567059516907","0.5145567059516907","0.5145567059516907","1037","1037","1037"
"51449","0.6955043077468872","0.6955043077468872","0.6955043077468872","1038","1038","1038"
"51499","0.9061930775642395","0.9061930775642395","0.9061930775642395","1039","1039","1039"
"51549","0.8374872803688049","0.8374872803688049","0.8374872803688049","1040","1040","1040"
"51599","0.9358724355697632","0.9358724355697632","0.9358724355697632","1041","1041","1041"
"51649","0.6502525806427002","0.6502525806427002","0.6502525806427002","1042","1042","1042"
"51699","0.7674809694290161","0.7674809694290161","0.7674809694290161","1043","1043","1043"
"51749","0.8393628597259521","0.8393628597259521","0.8393628597259521","1044","1044","1044"
"51799","0.5477885007858276","0.5477885007858276","0.5477885007858276","1045","1045","1045"
"51849","0.5855914950370789","0.5855914950370789","0.5855914950370789","1046","1046","1046"
"51899","0.5144885778427124","0.5144885778427124","0.5144885778427124","1047","1047","1047"
"51949","0.5156118869781494","0.5156118869781494","0.5156118869781494","1048","1048","1048"
"51999","0.6149740219116211","0.6149740219116211","0.6149740219116211","1049","1049","1049"
"52049","0.9582505226135254","0.9582505226135254","0.9582505226135254","1050","1050","1050"
"52099","1.0654258728027344","1.0654258728027344","1.0654258728027344","1051","1051","1051"
"52149","0.5754106640815735","0.5754106640815735","0.5754106640815735","1052","1052","1052"
"52199","0.773655116558075","0.773655116558075","0.773655116558075","1053","1053","1053"
"52249","0.47551512718200684","0.47551512718200684","0.47551512718200684","1054","1054","1054"
"52299","0.6686013340950012","0.6686013340950012","0.6686013340950012","1055","1055","1055"
"52349","0.7263709902763367","0.7263709902763367","0.7263709902763367","1056","1056","1056"
"52399","1.3624390363693237","1.3624390363693237","1.3624390363693237","1057","1057","1057"
"52449","0.8111305832862854","0.8111305832862854","0.8111305832862854","1058","1058","1058"
"52499","0.6827128529548645","0.6827128529548645","0.6827128529548645","1059","1059","1059"
"52549","1.3212171792984009","1.3212171792984009","1.3212171792984009","1060","1060","1060"
"52599","1.048469066619873","1.048469066619873","1.048469066619873","1061","1061","1061"
"52649","0.8890451192855835","0.8890451192855835","0.8890451192855835","1062","1062","1062"
"52699","0.6457859873771667","0.6457859873771667","0.6457859873771667","1063","1063","1063"
"52749","1.5846428871154785","1.5846428871154785","1.5846428871154785","1064","1064","1064"
"52799","0.7187332510948181","0.7187332510948181","0.7187332510948181","1065","1065","1065"
"52849","0.6722955703735352","0.6722955703735352","0.6722955703735352","1066","1066","1066"
"52899","0.8277349472045898","0.8277349472045898","0.8277349472045898","1067","1067","1067"
"52949","0.7538489103317261","0.7538489103317261","0.7538489103317261","1068","1068","1068"
"52999","0.6542850732803345","0.6542850732803345","0.6542850732803345","1069","1069","1069"
"53049","0.5564931631088257","0.5564931631088257","0.5564931631088257","1070","1070","1070"
"53099","0.697949230670929","0.697949230670929","0.697949230670929","1071","1071","1071"
"53149","6.643971920013428","6.643971920013428","6.643971920013428","1072","1072","1072"
"53199","0.542329728603363","0.542329728603363","0.542329728603363","1073","1073","1073"
"53249","0.6981707215309143","0.6981707215309143","0.6981707215309143","1074","1074","1074"
"53299","0.9068920016288757","0.9068920016288757","0.9068920016288757","1075","1075","1075"
"53349","0.6648443937301636","0.6648443937301636","0.6648443937301636","1076","1076","1076"
"53399","0.5128593444824219","0.5128593444824219","0.5128593444824219","1077","1077","1077"
"53449","0.6599629521369934","0.6599629521369934","0.6599629521369934","1078","1078","1078"
"53499","0.7354903817176819","0.7354903817176819","0.7354903817176819","1079","1079","1079"
"53549","3.3603973388671875","3.3603973388671875","3.3603973388671875","1080","1080","1080"
"53599","2.7321226596832275","2.7321226596832275","2.7321226596832275","1081","1081","1081"
"53649","0.6033539772033691","0.6033539772033691","0.6033539772033691","1082","1082","1082"
"53699","0.5709712505340576","0.5709712505340576","0.5709712505340576","1083","1083","1083"
"53749","2.022878646850586","2.022878646850586","2.022878646850586","1084","1084","1084"
"53799","1.016865611076355","1.016865611076355","1.016865611076355","1085","1085","1085"
"53849","0.5823763608932495","0.5823763608932495","0.5823763608932495","1086","1086","1086"
"53899","1.1504604816436768","1.1504604816436768","1.1504604816436768","1087","1087","1087"
"53949","3.9528586864471436","3.9528586864471436","3.9528586864471436","1088","1088","1088"
"53999","0.7655081748962402","0.7655081748962402","0.7655081748962402","1089","1089","1089"
"54049","2.126533269882202","2.126533269882202","2.126533269882202","1090","1090","1090"
"54099","1.271039605140686","1.271039605140686","1.271039605140686","1091","1091","1091"
"54149","0.4799429178237915","0.4799429178237915","0.4799429178237915","1092","1092","1092"
"54199","1.5289074182510376","1.5289074182510376","1.5289074182510376","1093","1093","1093"
"54249","0.5006210207939148","0.5006210207939148","0.5006210207939148","1094","1094","1094"
"54299","2.1847989559173584","2.1847989559173584","2.1847989559173584","1095","1095","1095"
"54349","1.0335686206817627","1.0335686206817627","1.0335686206817627","1096","1096","1096"
"54399","0.7093815803527832","0.7093815803527832","0.7093815803527832","1097","1097","1097"
"54449","0.5871896743774414","0.5871896743774414","0.5871896743774414","1098","1098","1098"
"54499","0.6250272989273071","0.6250272989273071","0.6250272989273071","1099","1099","1099"
"54549","0.6168400645256042","0.6168400645256042","0.6168400645256042","1100","1100","1100"
"54599","0.5853025913238525","0.5853025913238525","0.5853025913238525","1101","1101","1101"
"54649","0.839551568031311","0.839551568031311","0.839551568031311","1102","1102","1102"
"54699","1.7211376428604126","1.7211376428604126","1.7211376428604126","1103","1103","1103"
"54749","0.9267629384994507","0.9267629384994507","0.9267629384994507","1104","1104","1104"
"54799","1.2569645643234253","1.2569645643234253","1.2569645643234253","1105","1105","1105"
"54849","16.123628616333008","16.123628616333008","16.123628616333008","1106","1106","1106"
"54899","0.8499063849449158","0.8499063849449158","0.8499063849449158","1107","1107","1107"
"54949","1.3160288333892822","1.3160288333892822","1.3160288333892822","1108","1108","1108"
"54999","0.9301961064338684","0.9301961064338684","0.9301961064338684","1109","1109","1109"
"55049","0.5684328079223633","0.5684328079223633","0.5684328079223633","1111","1111","1111"
"55099","0.5252390503883362","0.5252390503883362","0.5252390503883362","1112","1112","1112"
"55149","0.6324706673622131","0.6324706673622131","0.6324706673622131","1113","1113","1113"
"55199","2.9769742488861084","2.9769742488861084","2.9769742488861084","1114","1114","1114"
"55249","1.13703191280365","1.13703191280365","1.13703191280365","1115","1115","1115"
"55299","0.7142477035522461","0.7142477035522461","0.7142477035522461","1116","1116","1116"
"55349","0.4760899543762207","0.4760899543762207","0.4760899543762207","1117","1117","1117"
"55399","0.5232716202735901","0.5232716202735901","0.5232716202735901","1118","1118","1118"
"55449","4.812397003173828","4.812397003173828","4.812397003173828","1119","1119","1119"
"55499","2.1801371574401855","2.1801371574401855","2.1801371574401855","1120","1120","1120"
"55549","0.6514185070991516","0.6514185070991516","0.6514185070991516","1121","1121","1121"
"55599","1.389592170715332","1.389592170715332","1.389592170715332","1122","1122","1122"
"55649","1.5614579916000366","1.5614579916000366","1.5614579916000366","1123","1123","1123"
"55699","0.9845595359802246","0.9845595359802246","0.9845595359802246","1124","1124","1124"
"55749","0.8687393665313721","0.8687393665313721","0.8687393665313721","1125","1125","1125"
"55799","1.8178917169570923","1.8178917169570923","1.8178917169570923","1126","1126","1126"
"55849","1.1640669107437134","1.1640669107437134","1.1640669107437134","1127","1127","1127"
"55899","0.9067135453224182","0.9067135453224182","0.9067135453224182","1128","1128","1128"
"55949","0.6385639309883118","0.6385639309883118","0.6385639309883118","1129","1129","1129"
"55999","0.5651975870132446","0.5651975870132446","0.5651975870132446","1130","1130","1130"
"56049","2.940661907196045","2.940661907196045","2.940661907196045","1131","1131","1131"
"56099","0.8100942969322205","0.8100942969322205","0.8100942969322205","1132","1132","1132"
"56149","0.7518907785415649","0.7518907785415649","0.7518907785415649","1133","1133","1133"
"56199","1.1735923290252686","1.1735923290252686","1.1735923290252686","1134","1134","1134"
"56249","0.8376972079277039","0.8376972079277039","0.8376972079277039","1135","1135","1135"
"56299","0.8092496991157532","0.8092496991157532","0.8092496991157532","1136","1136","1136"
"56349","0.5998329520225525","0.5998329520225525","0.5998329520225525","1137","1137","1137"
"56399","1.0970128774642944","1.0970128774642944","1.0970128774642944","1138","1138","1138"
"56449","0.6049517393112183","0.6049517393112183","0.6049517393112183","1139","1139","1139"
"56499","0.5135675668716431","0.5135675668716431","0.5135675668716431","1140","1140","1140"
"56549","0.5158630013465881","0.5158630013465881","0.5158630013465881","1141","1141","1141"
"56599","0.8013933300971985","0.8013933300971985","0.8013933300971985","1142","1142","1142"
"56649","0.7550008296966553","0.7550008296966553","0.7550008296966553","1143","1143","1143"
"56699","0.7552151679992676","0.7552151679992676","0.7552151679992676","1144","1144","1144"
"56749","0.6889780759811401","0.6889780759811401","0.6889780759811401","1145","1145","1145"
"56799","0.7050164341926575","0.7050164341926575","0.7050164341926575","1146","1146","1146"
"56849","0.7540210485458374","0.7540210485458374","0.7540210485458374","1147","1147","1147"
"56899","0.808690071105957","0.808690071105957","0.808690071105957","1148","1148","1148"
"56949","0.7009848952293396","0.7009848952293396","0.7009848952293396","1149","1149","1149"
"56999","0.7783830165863037","0.7783830165863037","0.7783830165863037","1150","1150","1150"
"57049","2.2349143028259277","2.2349143028259277","2.2349143028259277","1151","1151","1151"
"57099","1.5395199060440063","1.5395199060440063","1.5395199060440063","1152","1152","1152"
"57149","0.46351373195648193","0.46351373195648193","0.46351373195648193","1153","1153","1153"
"57199","0.730964183807373","0.730964183807373","0.730964183807373","1154","1154","1154"
"57249","5.161681652069092","5.161681652069092","5.161681652069092","1155","1155","1155"
"57299","0.864096462726593","0.864096462726593","0.864096462726593","1156","1156","1156"
"57349","0.8373884558677673","0.8373884558677673","0.8373884558677673","1157","1157","1157"
"57399","0.5491207242012024","0.5491207242012024","0.5491207242012024","1158","1158","1158"
"57449","2.1291658878326416","2.1291658878326416","2.1291658878326416","1159","1159","1159"
"57499","0.5278397798538208","0.5278397798538208","0.5278397798538208","1160","1160","1160"
"57549","0.5953638553619385","0.5953638553619385","0.5953638553619385","1161","1161","1161"
"57599","0.5329108834266663","0.5329108834266663","0.5329108834266663","1162","1162","1162"
"57649","0.5745006203651428","0.5745006203651428","0.5745006203651428","1163","1163","1163"
"57699","0.5673645734786987","0.5673645734786987","0.5673645734786987","1164","1164","1164"
"57749","0.48779377341270447","0.48779377341270447","0.48779377341270447","1165","1165","1165"
"57799","2.488765239715576","2.488765239715576","2.488765239715576","1166","1166","1166"
"57849","0.7205489277839661","0.7205489277839661","0.7205489277839661","1167","1167","1167"
"57899","0.5547334551811218","0.5547334551811218","0.5547334551811218","1168","1168","1168"
"57949","0.7338741421699524","0.7338741421699524","0.7338741421699524","1169","1169","1169"
"57999","0.5863144993782043","0.5863144993782043","0.5863144993782043","1170","1170","1170"
"58049","1.1173357963562012","1.1173357963562012","1.1173357963562012","1171","1171","1171"
"58099","2.1136720180511475","2.1136720180511475","2.1136720180511475","1172","1172","1172"
"58149","0.5949985980987549","0.5949985980987549","0.5949985980987549","1173","1173","1173"
"58199","1.4026691913604736","1.4026691913604736","1.4026691913604736","1174","1174","1174"
"58249","0.5520680546760559","0.5520680546760559","0.5520680546760559","1175","1175","1175"
"58299","0.4937461316585541","0.4937461316585541","0.4937461316585541","1176","1176","1176"
"58349","0.7783530354499817","0.7783530354499817","0.7783530354499817","1177","1177","1177"
"58399","0.44572412967681885","0.44572412967681885","0.44572412967681885","1178","1178","1178"
"58449","0.5212857723236084","0.5212857723236084","0.5212857723236084","1179","1179","1179"
"58499","0.6526865363121033","0.6526865363121033","0.6526865363121033","1180","1180","1180"
"58549","4.012033462524414","4.012033462524414","4.012033462524414","1181","1181","1181"
"58599","0.6961309313774109","0.6961309313774109","0.6961309313774109","1182","1182","1182"
"58649","0.7576970458030701","0.7576970458030701","0.7576970458030701","1183","1183","1183"
"58699","0.82405024766922","0.82405024766922","0.82405024766922","1184","1184","1184"
"58749","0.7103269100189209","0.7103269100189209","0.7103269100189209","1185","1185","1185"
"58799","0.5686018466949463","0.5686018466949463","0.5686018466949463","1186","1186","1186"
"58849","0.9073336720466614","0.9073336720466614","0.9073336720466614","1187","1187","1187"
"58899","0.7717001438140869","0.7717001438140869","0.7717001438140869","1188","1188","1188"
"58949","0.7437290549278259","0.7437290549278259","0.7437290549278259","1189","1189","1189"
"58999","0.6327231526374817","0.6327231526374817","0.6327231526374817","1190","1190","1190"
"59049","1.2841733694076538","1.2841733694076538","1.2841733694076538","1191","1191","1191"
"59099","0.7399441003799438","0.7399441003799438","0.7399441003799438","1192","1192","1192"
"59149","0.8118742108345032","0.8118742108345032","0.8118742108345032","1193","1193","1193"
"59199","0.4945407509803772","0.4945407509803772","0.4945407509803772","1194","1194","1194"
"59249","0.5982621908187866","0.5982621908187866","0.5982621908187866","1195","1195","1195"
"59299","0.3601830303668976","0.3601830303668976","0.3601830303668976","1196","1196","1196"
"59349","0.9873267412185669","0.9873267412185669","0.9873267412185669","1197","1197","1197"
"59399","1.7080751657485962","1.7080751657485962","1.7080751657485962","1198","1198","1198"
"59449","0.7016847133636475","0.7016847133636475","0.7016847133636475","1199","1199","1199"
"59499","0.9185260534286499","0.9185260534286499","0.9185260534286499","1200","1200","1200"
"59549","0.6301766037940979","0.6301766037940979","0.6301766037940979","1201","1201","1201"
"59599","0.6483883857727051","0.6483883857727051","0.6483883857727051","1202","1202","1202"
"59649","0.5083569884300232","0.5083569884300232","0.5083569884300232","1203","1203","1203"
"59699","0.5832048654556274","0.5832048654556274","0.5832048654556274","1204","1204","1204"
"59749","0.5703569650650024","0.5703569650650024","0.5703569650650024","1205","1205","1205"
"59799","2.274916648864746","2.274916648864746","2.274916648864746","1206","1206","1206"
"59849","0.5722612738609314","0.5722612738609314","0.5722612738609314","1207","1207","1207"
"59899","0.5217121243476868","0.5217121243476868","0.5217121243476868","1208","1208","1208"
"59949","0.498586505651474","0.498586505651474","0.498586505651474","1209","1209","1209"
"59999","2.947462797164917","2.947462797164917","2.947462797164917","1210","1210","1210"
"60049","0.6231546998023987","0.6231546998023987","0.6231546998023987","1212","1212","1212"
"60099","1.031569480895996","1.031569480895996","1.031569480895996","1213","1213","1213"
"60149","0.9391282796859741","0.9391282796859741","0.9391282796859741","1214","1214","1214"
"60199","0.9024790525436401","0.9024790525436401","0.9024790525436401","1215","1215","1215"
"60249","2.1744513511657715","2.1744513511657715","2.1744513511657715","1216","1216","1216"
"60299","0.6297212243080139","0.6297212243080139","0.6297212243080139","1217","1217","1217"
"60349","0.5762119889259338","0.5762119889259338","0.5762119889259338","1218","1218","1218"
"60399","0.7497418522834778","0.7497418522834778","0.7497418522834778","1219","1219","1219"
"60449","0.9575233459472656","0.9575233459472656","0.9575233459472656","1220","1220","1220"
"60499","0.48107030987739563","0.48107030987739563","0.48107030987739563","1221","1221","1221"
"60549","0.9784032702445984","0.9784032702445984","0.9784032702445984","1222","1222","1222"
"60599","1.874775767326355","1.874775767326355","1.874775767326355","1223","1223","1223"
"60649","0.5218656063079834","0.5218656063079834","0.5218656063079834","1224","1224","1224"
"60699","0.48676085472106934","0.48676085472106934","0.48676085472106934","1225","1225","1225"
"60749","0.4045606553554535","0.4045606553554535","0.4045606553554535","1226","1226","1226"
"60799","0.8233331441879272","0.8233331441879272","0.8233331441879272","1227","1227","1227"
"60849","0.7068438529968262","0.7068438529968262","0.7068438529968262","1228","1228","1228"
"60899","1.840118408203125","1.840118408203125","1.840118408203125","1229","1229","1229"
"60949","0.5919754505157471","0.5919754505157471","0.5919754505157471","1230","1230","1230"
"60999","0.9350152015686035","0.9350152015686035","0.9350152015686035","1231","1231","1231"
"61049","0.5522366762161255","0.5522366762161255","0.5522366762161255","1232","1232","1232"
"61099","0.6039292812347412","0.6039292812347412","0.6039292812347412","1233","1233","1233"
"61149","0.4667012691497803","0.4667012691497803","0.4667012691497803","1234","1234","1234"
"61199","0.5959086418151855","0.5959086418151855","0.5959086418151855","1235","1235","1235"
"61249","0.7249001264572144","0.7249001264572144","0.7249001264572144","1236","1236","1236"
"61299","0.5761779546737671","0.5761779546737671","0.5761779546737671","1237","1237","1237"
"61349","0.7823988795280457","0.7823988795280457","0.7823988795280457","1238","1238","1238"
"61399","0.5599496960639954","0.5599496960639954","0.5599496960639954","1239","1239","1239"
"61449","0.46496227383613586","0.46496227383613586","0.46496227383613586","1240","1240","1240"
"61499","0.512465238571167","0.512465238571167","0.512465238571167","1241","1241","1241"
"61549","0.7508926391601562","0.7508926391601562","0.7508926391601562","1242","1242","1242"
"61599","0.5832890868186951","0.5832890868186951","0.5832890868186951","1243","1243","1243"
"61649","0.8375419974327087","0.8375419974327087","0.8375419974327087","1244","1244","1244"
"61699","2.2102341651916504","2.2102341651916504","2.2102341651916504","1245","1245","1245"
"61749","0.5536372661590576","0.5536372661590576","0.5536372661590576","1246","1246","1246"
"61799","0.6071144342422485","0.6071144342422485","0.6071144342422485","1247","1247","1247"
"61849","0.830603837966919","0.830603837966919","0.830603837966919","1248","1248","1248"
"61899","0.5511442422866821","0.5511442422866821","0.5511442422866821","1249","1249","1249"
"61949","0.9699307680130005","0.9699307680130005","0.9699307680130005","1250","1250","1250"
"61999","3.1976864337921143","3.1976864337921143","3.1976864337921143","1251","1251","1251"
"62049","3.940847873687744","3.940847873687744","3.940847873687744","1252","1252","1252"
"62099","0.5944274663925171","0.5944274663925171","0.5944274663925171","1253","1253","1253"
"62149","0.695042073726654","0.695042073726654","0.695042073726654","1254","1254","1254"
"62199","0.655029296875","0.655029296875","0.655029296875","1255","1255","1255"
"62249","1.2056218385696411","1.2056218385696411","1.2056218385696411","1256","1256","1256"
"62299","1.0446397066116333","1.0446397066116333","1.0446397066116333","1257","1257","1257"
"62349","0.7773834466934204","0.7773834466934204","0.7773834466934204","1258","1258","1258"
"62399","6.231285572052002","6.231285572052002","6.231285572052002","1259","1259","1259"
"62449","0.8138720393180847","0.8138720393180847","0.8138720393180847","1260","1260","1260"
"62499","0.5767921209335327","0.5767921209335327","0.5767921209335327","1261","1261","1261"
"62549","0.5716264843940735","0.5716264843940735","0.5716264843940735","1262","1262","1262"
"62599","0.5967936515808105","0.5967936515808105","0.5967936515808105","1263","1263","1263"
"62649","0.7664387822151184","0.7664387822151184","0.7664387822151184","1264","1264","1264"
"62699","1.2109389305114746","1.2109389305114746","1.2109389305114746","1265","1265","1265"
"62749","0.7550377249717712","0.7550377249717712","0.7550377249717712","1266","1266","1266"
"62799","0.5136388540267944","0.5136388540267944","0.5136388540267944","1267","1267","1267"
"62849","0.5376421809196472","0.5376421809196472","0.5376421809196472","1268","1268","1268"
"62899","0.7428656816482544","0.7428656816482544","0.7428656816482544","1269","1269","1269"
"62949","0.9734001755714417","0.9734001755714417","0.9734001755714417","1270","1270","1270"
"62999","1.1374289989471436","1.1374289989471436","1.1374289989471436","1271","1271","1271"
"63049","0.533614993095398","0.533614993095398","0.533614993095398","1272","1272","1272"
"63099","1.014155387878418","1.014155387878418","1.014155387878418","1273","1273","1273"
"63149","2.897447347640991","2.897447347640991","2.897447347640991","1274","1274","1274"
"63199","2.358893394470215","2.358893394470215","2.358893394470215","1275","1275","1275"
"63249","0.45568084716796875","0.45568084716796875","0.45568084716796875","1276","1276","1276"
"63299","0.4851504862308502","0.4851504862308502","0.4851504862308502","1277","1277","1277"
"63349","0.8142650127410889","0.8142650127410889","0.8142650127410889","1278","1278","1278"
"63399","0.5176395773887634","0.5176395773887634","0.5176395773887634","1279","1279","1279"
"63449","0.4531867504119873","0.4531867504119873","0.4531867504119873","1280","1280","1280"
"63499","0.587773323059082","0.587773323059082","0.587773323059082","1281","1281","1281"
"63549","0.5809118747711182","0.5809118747711182","0.5809118747711182","1282","1282","1282"
"63599","0.7214481234550476","0.7214481234550476","0.7214481234550476","1283","1283","1283"
"63649","0.6079111695289612","0.6079111695289612","0.6079111695289612","1284","1284","1284"
"63699","0.850316047668457","0.850316047668457","0.850316047668457","1285","1285","1285"
"63749","0.7624543309211731","0.7624543309211731","0.7624543309211731","1286","1286","1286"
"63799","3.0195837020874023","3.0195837020874023","3.0195837020874023","1287","1287","1287"
"63849","0.9280868768692017","0.9280868768692017","0.9280868768692017","1288","1288","1288"
"63899","1.5901163816452026","1.5901163816452026","1.5901163816452026","1289","1289","1289"
"63949","0.5829839706420898","0.5829839706420898","0.5829839706420898","1290","1290","1290"
"63999","0.7043761610984802","0.7043761610984802","0.7043761610984802","1291","1291","1291"
"64049","0.573762834072113","0.573762834072113","0.573762834072113","1292","1292","1292"
"64099","1.8728177547454834","1.8728177547454834","1.8728177547454834","1293","1293","1293"
"64149","0.9284891486167908","0.9284891486167908","0.9284891486167908","1294","1294","1294"
"64199","0.503328800201416","0.503328800201416","0.503328800201416","1295","1295","1295"
"64249","0.9507781863212585","0.9507781863212585","0.9507781863212585","1296","1296","1296"
"64299","0.49841374158859253","0.49841374158859253","0.49841374158859253","1297","1297","1297"
"64349","0.6257811784744263","0.6257811784744263","0.6257811784744263","1298","1298","1298"
"64399","0.8607592582702637","0.8607592582702637","0.8607592582702637","1299","1299","1299"
"64449","0.4840603768825531","0.4840603768825531","0.4840603768825531","1300","1300","1300"
"64499","0.6310523152351379","0.6310523152351379","0.6310523152351379","1301","1301","1301"
"64549","0.7602253556251526","0.7602253556251526","0.7602253556251526","1302","1302","1302"
"64599","0.6364442706108093","0.6364442706108093","0.6364442706108093","1303","1303","1303"
"64649","4.016834259033203","4.016834259033203","4.016834259033203","1304","1304","1304"
"64699","0.7776401042938232","0.7776401042938232","0.7776401042938232","1305","1305","1305"
"64749","0.7247428894042969","0.7247428894042969","0.7247428894042969","1306","1306","1306"
"64799","1.297996163368225","1.297996163368225","1.297996163368225","1307","1307","1307"
"64849","1.193993091583252","1.193993091583252","1.193993091583252","1308","1308","1308"
"64899","0.7752333879470825","0.7752333879470825","0.7752333879470825","1309","1309","1309"
"64949","1.2747526168823242","1.2747526168823242","1.2747526168823242","1310","1310","1310"
"64999","0.6704487204551697","0.6704487204551697","0.6704487204551697","1311","1311","1311"
"65049","0.5632169246673584","0.5632169246673584","0.5632169246673584","1313","1313","1313"
"65099","0.792559027671814","0.792559027671814","0.792559027671814","1314","1314","1314"
"65149","0.6285037994384766","0.6285037994384766","0.6285037994384766","1315","1315","1315"
"65199","0.5893701314926147","0.5893701314926147","0.5893701314926147","1316","1316","1316"
"65249","0.6019084453582764","0.6019084453582764","0.6019084453582764","1317","1317","1317"
"65299","2.247032403945923","2.247032403945923","2.247032403945923","1318","1318","1318"
"65349","1.3367422819137573","1.3367422819137573","1.3367422819137573","1319","1319","1319"
"65399","0.8617417812347412","0.8617417812347412","0.8617417812347412","1320","1320","1320"
"65449","0.6874785423278809","0.6874785423278809","0.6874785423278809","1321","1321","1321"
"65499","0.6481456756591797","0.6481456756591797","0.6481456756591797","1322","1322","1322"
"65549","0.7880395650863647","0.7880395650863647","0.7880395650863647","1323","1323","1323"
"65599","0.74109947681427","0.74109947681427","0.74109947681427","1324","1324","1324"
"65649","0.5576138496398926","0.5576138496398926","0.5576138496398926","1325","1325","1325"
"65699","0.6067715883255005","0.6067715883255005","0.6067715883255005","1326","1326","1326"
"65749","0.5521008372306824","0.5521008372306824","0.5521008372306824","1327","1327","1327"
"65799","1.0783703327178955","1.0783703327178955","1.0783703327178955","1328","1328","1328"
"65849","0.539661169052124","0.539661169052124","0.539661169052124","1329","1329","1329"
"65899","0.7738706469535828","0.7738706469535828","0.7738706469535828","1330","1330","1330"
"65949","0.5956776142120361","0.5956776142120361","0.5956776142120361","1331","1331","1331"
"65999","1.240208625793457","1.240208625793457","1.240208625793457","1332","1332","1332"
"66049","0.7350735068321228","0.7350735068321228","0.7350735068321228","1333","1333","1333"
"66099","0.5988491773605347","0.5988491773605347","0.5988491773605347","1334","1334","1334"
"66149","0.41222095489501953","0.41222095489501953","0.41222095489501953","1335","1335","1335"
"66199","0.46930131316185","0.46930131316185","0.46930131316185","1336","1336","1336"
"66249","0.4389979839324951","0.4389979839324951","0.4389979839324951","1337","1337","1337"
"66299","1.036246418952942","1.036246418952942","1.036246418952942","1338","1338","1338"
"66349","0.8610247373580933","0.8610247373580933","0.8610247373580933","1339","1339","1339"
"66399","0.9602527022361755","0.9602527022361755","0.9602527022361755","1340","1340","1340"
"66449","0.7527197003364563","0.7527197003364563","0.7527197003364563","1341","1341","1341"
"66499","0.45992180705070496","0.45992180705070496","0.45992180705070496","1342","1342","1342"
"66549","0.9282878041267395","0.9282878041267395","0.9282878041267395","1343","1343","1343"
"66599","0.7245285511016846","0.7245285511016846","0.7245285511016846","1344","1344","1344"
"66649","1.6541341543197632","1.6541341543197632","1.6541341543197632","1345","1345","1345"
"66699","0.5161265730857849","0.5161265730857849","0.5161265730857849","1346","1346","1346"
"66749","0.5121800303459167","0.5121800303459167","0.5121800303459167","1347","1347","1347"
"66799","0.8161832690238953","0.8161832690238953","0.8161832690238953","1348","1348","1348"
"66849","1.1458557844161987","1.1458557844161987","1.1458557844161987","1349","1349","1349"
"66899","0.6186590194702148","0.6186590194702148","0.6186590194702148","1350","1350","1350"
"66949","1.0621024370193481","1.0621024370193481","1.0621024370193481","1351","1351","1351"
"66999","0.8227965831756592","0.8227965831756592","0.8227965831756592","1352","1352","1352"
"67049","0.5040704011917114","0.5040704011917114","0.5040704011917114","1353","1353","1353"
"67099","2.314213991165161","2.314213991165161","2.314213991165161","1354","1354","1354"
"67149","0.4556654989719391","0.4556654989719391","0.4556654989719391","1355","1355","1355"
"67199","0.887858510017395","0.887858510017395","0.887858510017395","1356","1356","1356"
"67249","0.9866647720336914","0.9866647720336914","0.9866647720336914","1357","1357","1357"
"67299","0.6717544198036194","0.6717544198036194","0.6717544198036194","1358","1358","1358"
"67349","0.47941216826438904","0.47941216826438904","0.47941216826438904","1359","1359","1359"
"67399","0.5901798009872437","0.5901798009872437","0.5901798009872437","1360","1360","1360"
"67449","1.7734565734863281","1.7734565734863281","1.7734565734863281","1361","1361","1361"
"67499","0.5324580669403076","0.5324580669403076","0.5324580669403076","1362","1362","1362"
"67549","0.777238667011261","0.777238667011261","0.777238667011261","1363","1363","1363"
"67599","0.48860424757003784","0.48860424757003784","0.48860424757003784","1364","1364","1364"
"67649","0.5435193181037903","0.5435193181037903","0.5435193181037903","1365","1365","1365"
"67699","0.7950868010520935","0.7950868010520935","0.7950868010520935","1366","1366","1366"
"67749","0.8768130540847778","0.8768130540847778","0.8768130540847778","1367","1367","1367"
"67799","0.6865888833999634","0.6865888833999634","0.6865888833999634","1368","1368","1368"
"67849","0.6348294615745544","0.6348294615745544","0.6348294615745544","1369","1369","1369"
"67899","0.9678117036819458","0.9678117036819458","0.9678117036819458","1370","1370","1370"
"67949","0.441983163356781","0.441983163356781","0.441983163356781","1371","1371","1371"
"67999","1.0757253170013428","1.0757253170013428","1.0757253170013428","1372","1372","1372"
"68049","0.8096387982368469","0.8096387982368469","0.8096387982368469","1373","1373","1373"
"68099","0.5054378509521484","0.5054378509521484","0.5054378509521484","1374","1374","1374"
"68149","1.059355616569519","1.059355616569519","1.059355616569519","1375","1375","1375"
"68199","0.6719022989273071","0.6719022989273071","0.6719022989273071","1376","1376","1376"
"68249","0.9472443461418152","0.9472443461418152","0.9472443461418152","1377","1377","1377"
"68299","0.4925416111946106","0.4925416111946106","0.4925416111946106","1378","1378","1378"
"68349","1.6530743837356567","1.6530743837356567","1.6530743837356567","1379","1379","1379"
"68399","0.823102593421936","0.823102593421936","0.823102593421936","1380","1380","1380"
"68449","1.2921628952026367","1.2921628952026367","1.2921628952026367","1381","1381","1381"
"68499","0.8974766731262207","0.8974766731262207","0.8974766731262207","1382","1382","1382"
"68549","0.7134661078453064","0.7134661078453064","0.7134661078453064","1383","1383","1383"
"68599","0.6730409264564514","0.6730409264564514","0.6730409264564514","1384","1384","1384"
"68649","0.6168062090873718","0.6168062090873718","0.6168062090873718","1385","1385","1385"
"68699","0.8394620418548584","0.8394620418548584","0.8394620418548584","1386","1386","1386"
"68749","0.6587080359458923","0.6587080359458923","0.6587080359458923","1387","1387","1387"
"68799","2.2460250854492188","2.2460250854492188","2.2460250854492188","1388","1388","1388"
"68849","0.8014624118804932","0.8014624118804932","0.8014624118804932","1389","1389","1389"
"68899","0.8176121711730957","0.8176121711730957","0.8176121711730957","1390","1390","1390"
"68949","0.6886541843414307","0.6886541843414307","0.6886541843414307","1391","1391","1391"
"68999","0.5168399214744568","0.5168399214744568","0.5168399214744568","1392","1392","1392"
"69049","0.8044675588607788","0.8044675588607788","0.8044675588607788","1393","1393","1393"
"69099","0.9369942545890808","0.9369942545890808","0.9369942545890808","1394","1394","1394"
"69149","0.8467155694961548","0.8467155694961548","0.8467155694961548","1395","1395","1395"
"69199","0.880268394947052","0.880268394947052","0.880268394947052","1396","1396","1396"
"69249","0.524607241153717","0.524607241153717","0.524607241153717","1397","1397","1397"
"69299","0.5549909472465515","0.5549909472465515","0.5549909472465515","1398","1398","1398"
"69349","0.7307825684547424","0.7307825684547424","0.7307825684547424","1399","1399","1399"
"69399","0.6480775475502014","0.6480775475502014","0.6480775475502014","1400","1400","1400"
"69449","0.5949860215187073","0.5949860215187073","0.5949860215187073","1401","1401","1401"
"69499","0.6475934386253357","0.6475934386253357","0.6475934386253357","1402","1402","1402"
"69549","0.8117643594741821","0.8117643594741821","0.8117643594741821","1403","1403","1403"
"69599","0.8608006238937378","0.8608006238937378","0.8608006238937378","1404","1404","1404"
"69649","0.5883648991584778","0.5883648991584778","0.5883648991584778","1405","1405","1405"
"69699","0.988191545009613","0.988191545009613","0.988191545009613","1406","1406","1406"
"69749","0.5594795346260071","0.5594795346260071","0.5594795346260071","1407","1407","1407"
"69799","0.5826650261878967","0.5826650261878967","0.5826650261878967","1408","1408","1408"
"69849","1.408545970916748","1.408545970916748","1.408545970916748","1409","1409","1409"
"69899","0.5980495810508728","0.5980495810508728","0.5980495810508728","1410","1410","1410"
"69949","1.864247441291809","1.864247441291809","1.864247441291809","1411","1411","1411"
"69999","0.49175897240638733","0.49175897240638733","0.49175897240638733","1412","1412","1412"
"70049","0.4578027129173279","0.4578027129173279","0.4578027129173279","1414","1414","1414"
"70099","0.6495069861412048","0.6495069861412048","0.6495069861412048","1415","1415","1415"
"70149","1.3134002685546875","1.3134002685546875","1.3134002685546875","1416","1416","1416"
"70199","0.6636208891868591","0.6636208891868591","0.6636208891868591","1417","1417","1417"
"70249","0.627155601978302","0.627155601978302","0.627155601978302","1418","1418","1418"
"70299","0.5110020041465759","0.5110020041465759","0.5110020041465759","1419","1419","1419"
"70349","0.5959762930870056","0.5959762930870056","0.5959762930870056","1420","1420","1420"
"70399","0.3986543118953705","0.3986543118953705","0.3986543118953705","1421","1421","1421"
"70449","0.8372796177864075","0.8372796177864075","0.8372796177864075","1422","1422","1422"
"70499","0.5167554616928101","0.5167554616928101","0.5167554616928101","1423","1423","1423"
"70549","0.46733978390693665","0.46733978390693665","0.46733978390693665","1424","1424","1424"
"70599","1.0395618677139282","1.0395618677139282","1.0395618677139282","1425","1425","1425"
"70649","0.8701300024986267","0.8701300024986267","0.8701300024986267","1426","1426","1426"
"70699","0.6726952195167542","0.6726952195167542","0.6726952195167542","1427","1427","1427"
"70749","0.7609068751335144","0.7609068751335144","0.7609068751335144","1428","1428","1428"
"70799","0.5758751034736633","0.5758751034736633","0.5758751034736633","1429","1429","1429"
"70849","0.5001291632652283","0.5001291632652283","0.5001291632652283","1430","1430","1430"
"70899","2.148611068725586","2.148611068725586","2.148611068725586","1431","1431","1431"
"70949","0.6866544485092163","0.6866544485092163","0.6866544485092163","1432","1432","1432"
"70999","0.6453402638435364","0.6453402638435364","0.6453402638435364","1433","1433","1433"
"71049","0.7337977290153503","0.7337977290153503","0.7337977290153503","1434","1434","1434"
"71099","0.621700644493103","0.621700644493103","0.621700644493103","1435","1435","1435"
"71149","0.7737208604812622","0.7737208604812622","0.7737208604812622","1436","1436","1436"
"71199","5.0595574378967285","5.0595574378967285","5.0595574378967285","1437","1437","1437"
"71249","0.6092031002044678","0.6092031002044678","0.6092031002044678","1438","1438","1438"
"71299","0.5518385171890259","0.5518385171890259","0.5518385171890259","1439","1439","1439"
"71349","2.479816198348999","2.479816198348999","2.479816198348999","1440","1440","1440"
"71399","0.49891191720962524","0.49891191720962524","0.49891191720962524","1441","1441","1441"
"71449","0.7105716466903687","0.7105716466903687","0.7105716466903687","1442","1442","1442"
"71499","0.5469847917556763","0.5469847917556763","0.5469847917556763","1443","1443","1443"
"71549","0.6041470170021057","0.6041470170021057","0.6041470170021057","1444","1444","1444"
"71599","1.675835371017456","1.675835371017456","1.675835371017456","1445","1445","1445"
"71649","7.036317825317383","7.036317825317383","7.036317825317383","1446","1446","1446"
"71699","0.7668850421905518","0.7668850421905518","0.7668850421905518","1447","1447","1447"
"71749","0.5319454669952393","0.5319454669952393","0.5319454669952393","1448","1448","1448"
"71799","0.7442562580108643","0.7442562580108643","0.7442562580108643","1449","1449","1449"
"71849","0.8868618607521057","0.8868618607521057","0.8868618607521057","1450","1450","1450"
"71899","0.9398886561393738","0.9398886561393738","0.9398886561393738","1451","1451","1451"
"71949","1.2909801006317139","1.2909801006317139","1.2909801006317139","1452","1452","1452"
"71999","0.6439685821533203","0.6439685821533203","0.6439685821533203","1453","1453","1453"
"72049","0.620248556137085","0.620248556137085","0.620248556137085","1454","1454","1454"
"72099","0.6945809721946716","0.6945809721946716","0.6945809721946716","1455","1455","1455"
"72149","0.47693151235580444","0.47693151235580444","0.47693151235580444","1456","1456","1456"
"72199","0.6510711908340454","0.6510711908340454","0.6510711908340454","1457","1457","1457"
"72249","3.7887134552001953","3.7887134552001953","3.7887134552001953","1458","1458","1458"
"72299","0.5766370892524719","0.5766370892524719","0.5766370892524719","1459","1459","1459"
"72349","0.6665970683097839","0.6665970683097839","0.6665970683097839","1460","1460","1460"
"72399","0.4279157519340515","0.4279157519340515","0.4279157519340515","1461","1461","1461"
"72449","0.483858585357666","0.483858585357666","0.483858585357666","1462","1462","1462"
"72499","0.7277649641036987","0.7277649641036987","0.7277649641036987","1463","1463","1463"
"72549","0.706592321395874","0.706592321395874","0.706592321395874","1464","1464","1464"
"72599","1.111464500427246","1.111464500427246","1.111464500427246","1465","1465","1465"
"72649","0.4694744050502777","0.4694744050502777","0.4694744050502777","1466","1466","1466"
"72699","0.6090933680534363","0.6090933680534363","0.6090933680534363","1467","1467","1467"
"72749","0.7930559515953064","0.7930559515953064","0.7930559515953064","1468","1468","1468"
"72799","0.8756160736083984","0.8756160736083984","0.8756160736083984","1469","1469","1469"
"72849","0.7327084541320801","0.7327084541320801","0.7327084541320801","1470","1470","1470"
"72899","0.4094323515892029","0.4094323515892029","0.4094323515892029","1471","1471","1471"
"72949","0.4439127743244171","0.4439127743244171","0.4439127743244171","1472","1472","1472"
"72999","0.6668959856033325","0.6668959856033325","0.6668959856033325","1473","1473","1473"
"73049","2.7417941093444824","2.7417941093444824","2.7417941093444824","1474","1474","1474"
"73099","0.9071117639541626","0.9071117639541626","0.9071117639541626","1475","1475","1475"
"73149","0.6314777135848999","0.6314777135848999","0.6314777135848999","1476","1476","1476"
"73199","0.8369074463844299","0.8369074463844299","0.8369074463844299","1477","1477","1477"
"73249","0.4983522593975067","0.4983522593975067","0.4983522593975067","1478","1478","1478"
"73299","0.47624456882476807","0.47624456882476807","0.47624456882476807","1479","1479","1479"
"73349","1.0380338430404663","1.0380338430404663","1.0380338430404663","1480","1480","1480"
"73399","0.5716457962989807","0.5716457962989807","0.5716457962989807","1481","1481","1481"
"73449","0.6975144147872925","0.6975144147872925","0.6975144147872925","1482","1482","1482"
"73499","0.5395033359527588","0.5395033359527588","0.5395033359527588","1483","1483","1483"
"73549","0.8790836930274963","0.8790836930274963","0.8790836930274963","1484","1484","1484"
"73599","1.0384703874588013","1.0384703874588013","1.0384703874588013","1485","1485","1485"
"73649","0.6529683470726013","0.6529683470726013","0.6529683470726013","1486","1486","1486"
"73699","0.42910999059677124","0.42910999059677124","0.42910999059677124","1487","1487","1487"
"73749","0.3659555912017822","0.3659555912017822","0.3659555912017822","1488","1488","1488"
"73799","0.5547864437103271","0.5547864437103271","0.5547864437103271","1489","1489","1489"
"73849","0.5834745168685913","0.5834745168685913","0.5834745168685913","1490","1490","1490"
"73899","0.5746854543685913","0.5746854543685913","0.5746854543685913","1491","1491","1491"
"73949","0.7439924478530884","0.7439924478530884","0.7439924478530884","1492","1492","1492"
"73999","0.5514052510261536","0.5514052510261536","0.5514052510261536","1493","1493","1493"
"74049","0.6558217406272888","0.6558217406272888","0.6558217406272888","1494","1494","1494"
"74099","0.6118640303611755","0.6118640303611755","0.6118640303611755","1495","1495","1495"
"74149","0.6874936819076538","0.6874936819076538","0.6874936819076538","1496","1496","1496"
"74199","0.6493662595748901","0.6493662595748901","0.6493662595748901","1497","1497","1497"
"74249","1.0572164058685303","1.0572164058685303","1.0572164058685303","1498","1498","1498"
"74299","0.6319981217384338","0.6319981217384338","0.6319981217384338","1499","1499","1499"
"74349","0.39073723554611206","0.39073723554611206","0.39073723554611206","1500","1500","1500"
"74399","0.6418771147727966","0.6418771147727966","0.6418771147727966","1501","1501","1501"
"74449","0.4926343858242035","0.4926343858242035","0.4926343858242035","1502","1502","1502"
"74499","0.4854901432991028","0.4854901432991028","0.4854901432991028","1503","1503","1503"
"74549","0.4811646640300751","0.4811646640300751","0.4811646640300751","1504","1504","1504"
"74599","1.3781208992004395","1.3781208992004395","1.3781208992004395","1505","1505","1505"
"74649","1.2594530582427979","1.2594530582427979","1.2594530582427979","1506","1506","1506"
"74699","1.119987964630127","1.119987964630127","1.119987964630127","1507","1507","1507"
"74749","0.4535055160522461","0.4535055160522461","0.4535055160522461","1508","1508","1508"
"74799","0.4577934443950653","0.4577934443950653","0.4577934443950653","1509","1509","1509"
"74849","0.8003882765769958","0.8003882765769958","0.8003882765769958","1510","1510","1510"
"74899","1.3093419075012207","1.3093419075012207","1.3093419075012207","1511","1511","1511"
"74949","0.7527089715003967","0.7527089715003967","0.7527089715003967","1512","1512","1512"
"74999","0.853522002696991","0.853522002696991","0.853522002696991","1513","1513","1513"
"75049","0.5979011654853821","0.5979011654853821","0.5979011654853821","1515","1515","1515"
"75099","0.6105397939682007","0.6105397939682007","0.6105397939682007","1516","1516","1516"
"75149","0.6560859084129333","0.6560859084129333","0.6560859084129333","1517","1517","1517"
"75199","0.5545352101325989","0.5545352101325989","0.5545352101325989","1518","1518","1518"
"75249","0.49604207277297974","0.49604207277297974","0.49604207277297974","1519","1519","1519"
"75299","0.46029746532440186","0.46029746532440186","0.46029746532440186","1520","1520","1520"
"75349","0.51558917760849","0.51558917760849","0.51558917760849","1521","1521","1521"
"75399","0.8130877017974854","0.8130877017974854","0.8130877017974854","1522","1522","1522"
"75449","1.4454476833343506","1.4454476833343506","1.4454476833343506","1523","1523","1523"
"75499","2.885499954223633","2.885499954223633","2.885499954223633","1524","1524","1524"
"75549","0.40671172738075256","0.40671172738075256","0.40671172738075256","1525","1525","1525"
"75599","0.6959061622619629","0.6959061622619629","0.6959061622619629","1526","1526","1526"
"75649","2.1134746074676514","2.1134746074676514","2.1134746074676514","1527","1527","1527"
"75699","0.5596258640289307","0.5596258640289307","0.5596258640289307","1528","1528","1528"
"75749","0.5069623589515686","0.5069623589515686","0.5069623589515686","1529","1529","1529"
"75799","0.6775673627853394","0.6775673627853394","0.6775673627853394","1530","1530","1530"
"75849","0.756638765335083","0.756638765335083","0.756638765335083","1531","1531","1531"
"75899","2.0606367588043213","2.0606367588043213","2.0606367588043213","1532","1532","1532"
"75949","1.065838098526001","1.065838098526001","1.065838098526001","1533","1533","1533"
"75999","5.218343257904053","5.218343257904053","5.218343257904053","1534","1534","1534"
"76049","0.5321555137634277","0.5321555137634277","0.5321555137634277","1535","1535","1535"
"76099","0.46974486112594604","0.46974486112594604","0.46974486112594604","1536","1536","1536"
"76149","0.4517747163772583","0.4517747163772583","0.4517747163772583","1537","1537","1537"
"76199","1.281606912612915","1.281606912612915","1.281606912612915","1538","1538","1538"
"76249","0.8310779333114624","0.8310779333114624","0.8310779333114624","1539","1539","1539"
"76299","0.5681979060173035","0.5681979060173035","0.5681979060173035","1540","1540","1540"
"76349","0.9432132244110107","0.9432132244110107","0.9432132244110107","1541","1541","1541"
"76399","0.48190078139305115","0.48190078139305115","0.48190078139305115","1542","1542","1542"
"76449","0.8857391476631165","0.8857391476631165","0.8857391476631165","1543","1543","1543"
"76499","1.0967899560928345","1.0967899560928345","1.0967899560928345","1544","1544","1544"
"76549","0.6368715167045593","0.6368715167045593","0.6368715167045593","1545","1545","1545"
"76599","0.488791286945343","0.488791286945343","0.488791286945343","1546","1546","1546"
"76649","0.48784711956977844","0.48784711956977844","0.48784711956977844","1547","1547","1547"
"76699","0.567837119102478","0.567837119102478","0.567837119102478","1548","1548","1548"
"76749","0.5929401516914368","0.5929401516914368","0.5929401516914368","1549","1549","1549"
"76799","0.495339572429657","0.495339572429657","0.495339572429657","1550","1550","1550"
"76849","0.6088910102844238","0.6088910102844238","0.6088910102844238","1551","1551","1551"
"76899","0.6347528696060181","0.6347528696060181","0.6347528696060181","1552","1552","1552"
"76949","0.6769686937332153","0.6769686937332153","0.6769686937332153","1553","1553","1553"
"76999","0.9616094827651978","0.9616094827651978","0.9616094827651978","1554","1554","1554"
"77049","0.6853530406951904","0.6853530406951904","0.6853530406951904","1555","1555","1555"
"77099","1.6943621635437012","1.6943621635437012","1.6943621635437012","1556","1556","1556"
"77149","0.5239193439483643","0.5239193439483643","0.5239193439483643","1557","1557","1557"
"77199","0.5545826554298401","0.5545826554298401","0.5545826554298401","1558","1558","1558"
"77249","4.374432563781738","4.374432563781738","4.374432563781738","1559","1559","1559"
"77299","1.1890658140182495","1.1890658140182495","1.1890658140182495","1560","1560","1560"
"77349","0.5387536287307739","0.5387536287307739","0.5387536287307739","1561","1561","1561"
"77399","0.5078463554382324","0.5078463554382324","0.5078463554382324","1562","1562","1562"
"77449","1.1860841512680054","1.1860841512680054","1.1860841512680054","1563","1563","1563"
"77499","0.6990521550178528","0.6990521550178528","0.6990521550178528","1564","1564","1564"
"77549","0.4077589213848114","0.4077589213848114","0.4077589213848114","1565","1565","1565"
"77599","1.0654056072235107","1.0654056072235107","1.0654056072235107","1566","1566","1566"
"77649","1.161159634590149","1.161159634590149","1.161159634590149","1567","1567","1567"
"77699","1.2184817790985107","1.2184817790985107","1.2184817790985107","1568","1568","1568"
"77749","0.4580976366996765","0.4580976366996765","0.4580976366996765","1569","1569","1569"
"77799","3.5066421031951904","3.5066421031951904","3.5066421031951904","1570","1570","1570"
"77849","0.5656556487083435","0.5656556487083435","0.5656556487083435","1571","1571","1571"
"77899","0.4781399667263031","0.4781399667263031","0.4781399667263031","1572","1572","1572"
"77949","0.5656926035881042","0.5656926035881042","0.5656926035881042","1573","1573","1573"
"77999","0.4636080265045166","0.4636080265045166","0.4636080265045166","1574","1574","1574"
"78049","1.6013985872268677","1.6013985872268677","1.6013985872268677","1575","1575","1575"
"78099","1.6451414823532104","1.6451414823532104","1.6451414823532104","1576","1576","1576"
"78149","11.139485359191895","11.139485359191895","11.139485359191895","1577","1577","1577"
"78199","1.5190361738204956","1.5190361738204956","1.5190361738204956","1578","1578","1578"
"78249","0.5018370151519775","0.5018370151519775","0.5018370151519775","1579","1579","1579"
"78299","1.041089415550232","1.041089415550232","1.041089415550232","1580","1580","1580"
"78349","15.309975624084473","15.309975624084473","15.309975624084473","1581","1581","1581"
"78399","0.8124005198478699","0.8124005198478699","0.8124005198478699","1582","1582","1582"
"78449","0.5715533494949341","0.5715533494949341","0.5715533494949341","1583","1583","1583"
"78499","19.161211013793945","19.161211013793945","19.161211013793945","1584","1584","1584"
"78549","0.9547802805900574","0.9547802805900574","0.9547802805900574","1585","1585","1585"
"78599","0.8209832310676575","0.8209832310676575","0.8209832310676575","1586","1586","1586"
"78649","1.2121363878250122","1.2121363878250122","1.2121363878250122","1587","1587","1587"
"78699","0.8890970349311829","0.8890970349311829","0.8890970349311829","1588","1588","1588"
"78749","0.9558746814727783","0.9558746814727783","0.9558746814727783","1589","1589","1589"
"78799","1.7247803211212158","1.7247803211212158","1.7247803211212158","1590","1590","1590"
"78849","2.2665913105010986","2.2665913105010986","2.2665913105010986","1591","1591","1591"
"78899","0.8026646375656128","0.8026646375656128","0.8026646375656128","1592","1592","1592"
"78949","1.5330826044082642","1.5330826044082642","1.5330826044082642","1593","1593","1593"
"78999","0.7500413060188293","0.7500413060188293","0.7500413060188293","1594","1594","1594"
"79049","0.8358564376831055","0.8358564376831055","0.8358564376831055","1595","1595","1595"
"79099","1.0879353284835815","1.0879353284835815","1.0879353284835815","1596","1596","1596"
"79149","2.9364800453186035","2.9364800453186035","2.9364800453186035","1597","1597","1597"
"79199","4.538559913635254","4.538559913635254","4.538559913635254","1598","1598","1598"
"79249","0.9362611770629883","0.9362611770629883","0.9362611770629883","1599","1599","1599"
"79299","0.7276906371116638","0.7276906371116638","0.7276906371116638","1600","1600","1600"
"79349","0.8828185200691223","0.8828185200691223","0.8828185200691223","1601","1601","1601"
"79399","0.9167875051498413","0.9167875051498413","0.9167875051498413","1602","1602","1602"
"79449","0.6659612059593201","0.6659612059593201","0.6659612059593201","1603","1603","1603"
"79499","6.574031829833984","6.574031829833984","6.574031829833984","1604","1604","1604"
"79549","0.4814741909503937","0.4814741909503937","0.4814741909503937","1605","1605","1605"
"79599","1.0604662895202637","1.0604662895202637","1.0604662895202637","1606","1606","1606"
"79649","0.7986096739768982","0.7986096739768982","0.7986096739768982","1607","1607","1607"
"79699","0.609122097492218","0.609122097492218","0.609122097492218","1608","1608","1608"
"79749","0.6019076704978943","0.6019076704978943","0.6019076704978943","1609","1609","1609"
"79799","0.7344013452529907","0.7344013452529907","0.7344013452529907","1610","1610","1610"
"79849","1.868487000465393","1.868487000465393","1.868487000465393","1611","1611","1611"
"79899","0.4920618236064911","0.4920618236064911","0.4920618236064911","1612","1612","1612"
"79949","0.8230904936790466","0.8230904936790466","0.8230904936790466","1613","1613","1613"
"79999","1.897629737854004","1.897629737854004","1.897629737854004","1614","1614","1614"
"80049","1.3131049871444702","1.3131049871444702","1.3131049871444702","1616","1616","1616"
"80099","0.7831790447235107","0.7831790447235107","0.7831790447235107","1617","1617","1617"
"80149","0.5705585479736328","0.5705585479736328","0.5705585479736328","1618","1618","1618"
"80199","1.0818126201629639","1.0818126201629639","1.0818126201629639","1619","1619","1619"
"80249","2.0478715896606445","2.0478715896606445","2.0478715896606445","1620","1620","1620"
"80299","4.872898101806641","4.872898101806641","4.872898101806641","1621","1621","1621"
"80349","1.9927431344985962","1.9927431344985962","1.9927431344985962","1622","1622","1622"
"80399","0.5303524136543274","0.5303524136543274","0.5303524136543274","1623","1623","1623"
"80449","0.7883669137954712","0.7883669137954712","0.7883669137954712","1624","1624","1624"
"80499","0.8745221495628357","0.8745221495628357","0.8745221495628357","1625","1625","1625"
"80549","0.5170604586601257","0.5170604586601257","0.5170604586601257","1626","1626","1626"
"80599","0.7048444151878357","0.7048444151878357","0.7048444151878357","1627","1627","1627"
"80649","0.7017107605934143","0.7017107605934143","0.7017107605934143","1628","1628","1628"
"80699","0.7898544073104858","0.7898544073104858","0.7898544073104858","1629","1629","1629"
"80749","1.8669036626815796","1.8669036626815796","1.8669036626815796","1630","1630","1630"
"80799","7.177427768707275","7.177427768707275","7.177427768707275","1631","1631","1631"
"80849","1.385918140411377","1.385918140411377","1.385918140411377","1632","1632","1632"
"80899","0.7921364307403564","0.7921364307403564","0.7921364307403564","1633","1633","1633"
"80949","0.5064231157302856","0.5064231157302856","0.5064231157302856","1634","1634","1634"
"80999","0.8838816285133362","0.8838816285133362","0.8838816285133362","1635","1635","1635"
"81049","2.6927449703216553","2.6927449703216553","2.6927449703216553","1636","1636","1636"
"81099","3.0303971767425537","3.0303971767425537","3.0303971767425537","1637","1637","1637"
"81149","0.4867938756942749","0.4867938756942749","0.4867938756942749","1638","1638","1638"
"81199","1.0809580087661743","1.0809580087661743","1.0809580087661743","1639","1639","1639"
"81249","0.940964937210083","0.940964937210083","0.940964937210083","1640","1640","1640"
"81299","1.4500126838684082","1.4500126838684082","1.4500126838684082","1641","1641","1641"
"81349","0.7989199757575989","0.7989199757575989","0.7989199757575989","1642","1642","1642"
"81399","1.1181384325027466","1.1181384325027466","1.1181384325027466","1643","1643","1643"
"81449","0.5603237748146057","0.5603237748146057","0.5603237748146057","1644","1644","1644"
"81499","0.550665020942688","0.550665020942688","0.550665020942688","1645","1645","1645"
"81549","1.4000449180603027","1.4000449180603027","1.4000449180603027","1646","1646","1646"
"81599","0.8524805307388306","0.8524805307388306","0.8524805307388306","1647","1647","1647"
"81649","2.8707754611968994","2.8707754611968994","2.8707754611968994","1648","1648","1648"
"81699","0.9382205605506897","0.9382205605506897","0.9382205605506897","1649","1649","1649"
"81749","2.226823091506958","2.226823091506958","2.226823091506958","1650","1650","1650"
"81799","2.205195426940918","2.205195426940918","2.205195426940918","1651","1651","1651"
"81849","0.8106534481048584","0.8106534481048584","0.8106534481048584","1652","1652","1652"
"81899","0.6442847847938538","0.6442847847938538","0.6442847847938538","1653","1653","1653"
"81949","0.39678439497947693","0.39678439497947693","0.39678439497947693","1654","1654","1654"
"81999","0.5291350483894348","0.5291350483894348","0.5291350483894348","1655","1655","1655"
"82049","0.55340975522995","0.55340975522995","0.55340975522995","1656","1656","1656"
"82099","0.6792203783988953","0.6792203783988953","0.6792203783988953","1657","1657","1657"
"82149","1.0242865085601807","1.0242865085601807","1.0242865085601807","1658","1658","1658"
"82199","0.6122843623161316","0.6122843623161316","0.6122843623161316","1659","1659","1659"
"82249","0.549217700958252","0.549217700958252","0.549217700958252","1660","1660","1660"
"82299","1.7254120111465454","1.7254120111465454","1.7254120111465454","1661","1661","1661"
"82349","1.6947076320648193","1.6947076320648193","1.6947076320648193","1662","1662","1662"
"82399","0.5005199313163757","0.5005199313163757","0.5005199313163757","1663","1663","1663"
"82449","0.9614678621292114","0.9614678621292114","0.9614678621292114","1664","1664","1664"
"82499","0.4660370945930481","0.4660370945930481","0.4660370945930481","1665","1665","1665"
"82549","0.5527521371841431","0.5527521371841431","0.5527521371841431","1666","1666","1666"
"82599","1.1078110933303833","1.1078110933303833","1.1078110933303833","1667","1667","1667"
"82649","0.4674123227596283","0.4674123227596283","0.4674123227596283","1668","1668","1668"
"82699","1.146366000175476","1.146366000175476","1.146366000175476","1669","1669","1669"
"82749","1.7166056632995605","1.7166056632995605","1.7166056632995605","1670","1670","1670"
"82799","0.591101884841919","0.591101884841919","0.591101884841919","1671","1671","1671"
"82849","5.306401252746582","5.306401252746582","5.306401252746582","1672","1672","1672"
"82899","7.688310146331787","7.688310146331787","7.688310146331787","1673","1673","1673"
"82949","0.9117954969406128","0.9117954969406128","0.9117954969406128","1674","1674","1674"
"82999","0.5798758864402771","0.5798758864402771","0.5798758864402771","1675","1675","1675"
"83049","0.8575087785720825","0.8575087785720825","0.8575087785720825","1676","1676","1676"
"83099","1.2281187772750854","1.2281187772750854","1.2281187772750854","1677","1677","1677"
"83149","1.133055329322815","1.133055329322815","1.133055329322815","1678","1678","1678"
"83199","1.0138709545135498","1.0138709545135498","1.0138709545135498","1679","1679","1679"
"83249","0.8636963367462158","0.8636963367462158","0.8636963367462158","1680","1680","1680"
"83299","0.5275668501853943","0.5275668501853943","0.5275668501853943","1681","1681","1681"
"83349","0.8286170959472656","0.8286170959472656","0.8286170959472656","1682","1682","1682"
"83399","2.8900864124298096","2.8900864124298096","2.8900864124298096","1683","1683","1683"
"83449","0.5466799139976501","0.5466799139976501","0.5466799139976501","1684","1684","1684"
"83499","0.5787373185157776","0.5787373185157776","0.5787373185157776","1685","1685","1685"
"83549","0.47618168592453003","0.47618168592453003","0.47618168592453003","1686","1686","1686"
"83599","1.3596956729888916","1.3596956729888916","1.3596956729888916","1687","1687","1687"
"83649","0.8779677152633667","0.8779677152633667","0.8779677152633667","1688","1688","1688"
"83699","0.8793581128120422","0.8793581128120422","0.8793581128120422","1689","1689","1689"
"83749","0.5138877034187317","0.5138877034187317","0.5138877034187317","1690","1690","1690"
"83799","2.8874855041503906","2.8874855041503906","2.8874855041503906","1691","1691","1691"
"83849","0.7041671872138977","0.7041671872138977","0.7041671872138977","1692","1692","1692"
"83899","0.5771942138671875","0.5771942138671875","0.5771942138671875","1693","1693","1693"
"83949","0.5741397738456726","0.5741397738456726","0.5741397738456726","1694","1694","1694"
"83999","1.1164363622665405","1.1164363622665405","1.1164363622665405","1695","1695","1695"
"84049","1.0659558773040771","1.0659558773040771","1.0659558773040771","1696","1696","1696"
"84099","1.2852733135223389","1.2852733135223389","1.2852733135223389","1697","1697","1697"
"84149","0.646851122379303","0.646851122379303","0.646851122379303","1698","1698","1698"
"84199","3.8340749740600586","3.8340749740600586","3.8340749740600586","1699","1699","1699"
"84249","0.9428800940513611","0.9428800940513611","0.9428800940513611","1700","1700","1700"
"84299","0.8153260946273804","0.8153260946273804","0.8153260946273804","1701","1701","1701"
"84349","0.6222139000892639","0.6222139000892639","0.6222139000892639","1702","1702","1702"
"84399","1.7764054536819458","1.7764054536819458","1.7764054536819458","1703","1703","1703"
"84449","1.6246106624603271","1.6246106624603271","1.6246106624603271","1704","1704","1704"
"84499","1.1979299783706665","1.1979299783706665","1.1979299783706665","1705","1705","1705"
"84549","2.0825018882751465","2.0825018882751465","2.0825018882751465","1706","1706","1706"
"84599","0.7192313075065613","0.7192313075065613","0.7192313075065613","1707","1707","1707"
"84649","1.442583441734314","1.442583441734314","1.442583441734314","1708","1708","1708"
"84699","0.6041136980056763","0.6041136980056763","0.6041136980056763","1709","1709","1709"
"84749","0.7786739468574524","0.7786739468574524","0.7786739468574524","1710","1710","1710"
"84799","2.2095787525177","2.2095787525177","2.2095787525177","1711","1711","1711"
"84849","0.8486206531524658","0.8486206531524658","0.8486206531524658","1712","1712","1712"
"84899","2.3951733112335205","2.3951733112335205","2.3951733112335205","1713","1713","1713"
"84949","0.7785115838050842","0.7785115838050842","0.7785115838050842","1714","1714","1714"
"84999","0.6023032665252686","0.6023032665252686","0.6023032665252686","1715","1715","1715"
"85049","2.379912853240967","2.379912853240967","2.379912853240967","1717","1717","1717"
"85099","5.605702877044678","5.605702877044678","5.605702877044678","1718","1718","1718"
"85149","0.6006529927253723","0.6006529927253723","0.6006529927253723","1719","1719","1719"
"85199","4.286924362182617","4.286924362182617","4.286924362182617","1720","1720","1720"
"85249","2.1996240615844727","2.1996240615844727","2.1996240615844727","1721","1721","1721"
"85299","0.4722219407558441","0.4722219407558441","0.4722219407558441","1722","1722","1722"
"85349","0.6940147280693054","0.6940147280693054","0.6940147280693054","1723","1723","1723"
"85399","0.7620882391929626","0.7620882391929626","0.7620882391929626","1724","1724","1724"
"85449","5.2759623527526855","5.2759623527526855","5.2759623527526855","1725","1725","1725"
"85499","1.252582311630249","1.252582311630249","1.252582311630249","1726","1726","1726"
"85549","2.7206993103027344","2.7206993103027344","2.7206993103027344","1727","1727","1727"
"85599","0.9152690172195435","0.9152690172195435","0.9152690172195435","1728","1728","1728"
"85649","14.51933765411377","14.51933765411377","14.51933765411377","1729","1729","1729"
"85699","0.614554762840271","0.614554762840271","0.614554762840271","1730","1730","1730"
"85749","1.8724955320358276","1.8724955320358276","1.8724955320358276","1731","1731","1731"
"85799","0.7436652779579163","0.7436652779579163","0.7436652779579163","1732","1732","1732"
"85849","1.8777681589126587","1.8777681589126587","1.8777681589126587","1733","1733","1733"
"85899","0.6893215775489807","0.6893215775489807","0.6893215775489807","1734","1734","1734"
"85949","0.8174540996551514","0.8174540996551514","0.8174540996551514","1735","1735","1735"
"85999","0.7871692180633545","0.7871692180633545","0.7871692180633545","1736","1736","1736"
"86049","0.9513513445854187","0.9513513445854187","0.9513513445854187","1737","1737","1737"
"86099","5.075267791748047","5.075267791748047","5.075267791748047","1738","1738","1738"
"86149","0.9243916273117065","0.9243916273117065","0.9243916273117065","1739","1739","1739"
"86199","0.7348999977111816","0.7348999977111816","0.7348999977111816","1740","1740","1740"
"86249","0.640957772731781","0.640957772731781","0.640957772731781","1741","1741","1741"
"86299","0.7688506841659546","0.7688506841659546","0.7688506841659546","1742","1742","1742"
"86349","1.4908136129379272","1.4908136129379272","1.4908136129379272","1743","1743","1743"
"86399","0.6362544298171997","0.6362544298171997","0.6362544298171997","1744","1744","1744"
"86449","3.915011167526245","3.915011167526245","3.915011167526245","1745","1745","1745"
"86499","0.5144235491752625","0.5144235491752625","0.5144235491752625","1746","1746","1746"
"86549","0.6371600031852722","0.6371600031852722","0.6371600031852722","1747","1747","1747"
"86599","0.6292971968650818","0.6292971968650818","0.6292971968650818","1748","1748","1748"
"86649","0.6774198412895203","0.6774198412895203","0.6774198412895203","1749","1749","1749"
"86699","3.1675543785095215","3.1675543785095215","3.1675543785095215","1750","1750","1750"
"86749","0.62209552526474","0.62209552526474","0.62209552526474","1751","1751","1751"
"86799","3.264157295227051","3.264157295227051","3.264157295227051","1752","1752","1752"
"86849","7.362891674041748","7.362891674041748","7.362891674041748","1753","1753","1753"
"86899","0.5106815695762634","0.5106815695762634","0.5106815695762634","1754","1754","1754"
"86949","0.7127621173858643","0.7127621173858643","0.7127621173858643","1755","1755","1755"
"86999","0.5925049185752869","0.5925049185752869","0.5925049185752869","1756","1756","1756"
"87049","8.081925392150879","8.081925392150879","8.081925392150879","1757","1757","1757"
"87099","3.6758649349212646","3.6758649349212646","3.6758649349212646","1758","1758","1758"
"87149","0.4587763547897339","0.4587763547897339","0.4587763547897339","1759","1759","1759"
"87199","1.627434253692627","1.627434253692627","1.627434253692627","1760","1760","1760"
"87249","2.548396587371826","2.548396587371826","2.548396587371826","1761","1761","1761"
"87299","0.6247522234916687","0.6247522234916687","0.6247522234916687","1762","1762","1762"
"87349","1.1033424139022827","1.1033424139022827","1.1033424139022827","1763","1763","1763"
"87399","7.506927490234375","7.506927490234375","7.506927490234375","1764","1764","1764"
"87449","2.9629018306732178","2.9629018306732178","2.9629018306732178","1765","1765","1765"
"87499","0.7125295996665955","0.7125295996665955","0.7125295996665955","1766","1766","1766"
"87549","38.31046676635742","38.31046676635742","38.31046676635742","1767","1767","1767"
"87599","0.5814533829689026","0.5814533829689026","0.5814533829689026","1768","1768","1768"
"87649","0.6246591806411743","0.6246591806411743","0.6246591806411743","1769","1769","1769"
"87699","4.727132320404053","4.727132320404053","4.727132320404053","1770","1770","1770"
"87749","0.9268848896026611","0.9268848896026611","0.9268848896026611","1771","1771","1771"
"87799","10.975337982177734","10.975337982177734","10.975337982177734","1772","1772","1772"
"87849","10.077240943908691","10.077240943908691","10.077240943908691","1773","1773","1773"
"87899","1.9867713451385498","1.9867713451385498","1.9867713451385498","1774","1774","1774"
"87949","6.520921230316162","6.520921230316162","6.520921230316162","1775","1775","1775"
"87999","2.0492029190063477","2.0492029190063477","2.0492029190063477","1776","1776","1776"
"88049","4.449569225311279","4.449569225311279","4.449569225311279","1777","1777","1777"
"88099","5.115579128265381","5.115579128265381","5.115579128265381","1778","1778","1778"
"88149","1.7164156436920166","1.7164156436920166","1.7164156436920166","1779","1779","1779"
"88199","2.3173813819885254","2.3173813819885254","2.3173813819885254","1780","1780","1780"
"88249","12.14843463897705","12.14843463897705","12.14843463897705","1781","1781","1781"
"88299","0.937822163105011","0.937822163105011","0.937822163105011","1782","1782","1782"
"88349","1.7634189128875732","1.7634189128875732","1.7634189128875732","1783","1783","1783"
"88399","0.9881496429443359","0.9881496429443359","0.9881496429443359","1784","1784","1784"
"88449","3.488598108291626","3.488598108291626","3.488598108291626","1785","1785","1785"
"88499","3.692915201187134","3.692915201187134","3.692915201187134","1786","1786","1786"
"88549","3.611339807510376","3.611339807510376","3.611339807510376","1787","1787","1787"
"88599","1.7941877841949463","1.7941877841949463","1.7941877841949463","1788","1788","1788"
"88649","3.099597454071045","3.099597454071045","3.099597454071045","1789","1789","1789"
"88699","1.1830352544784546","1.1830352544784546","1.1830352544784546","1790","1790","1790"
"88749","0.9868803024291992","0.9868803024291992","0.9868803024291992","1791","1791","1791"
"88799","1.0152488946914673","1.0152488946914673","1.0152488946914673","1792","1792","1792"
"88849","0.7439249157905579","0.7439249157905579","0.7439249157905579","1793","1793","1793"
"88899","31.691007614135742","31.691007614135742","31.691007614135742","1794","1794","1794"
"88949","1.2748467922210693","1.2748467922210693","1.2748467922210693","1795","1795","1795"
"88999","2.673841953277588","2.673841953277588","2.673841953277588","1796","1796","1796"
"89049","1.0098575353622437","1.0098575353622437","1.0098575353622437","1797","1797","1797"
"89099","4.42748498916626","4.42748498916626","4.42748498916626","1798","1798","1798"
"89149","0.7646886706352234","0.7646886706352234","0.7646886706352234","1799","1799","1799"
"89199","4.730195045471191","4.730195045471191","4.730195045471191","1800","1800","1800"
"89249","1.7500602006912231","1.7500602006912231","1.7500602006912231","1801","1801","1801"
"89299","3.1922121047973633","3.1922121047973633","3.1922121047973633","1802","1802","1802"
"89349","3.0402324199676514","3.0402324199676514","3.0402324199676514","1803","1803","1803"
"89399","2.653074026107788","2.653074026107788","2.653074026107788","1804","1804","1804"
"89449","2.2584705352783203","2.2584705352783203","2.2584705352783203","1805","1805","1805"
"89499","8.729130744934082","8.729130744934082","8.729130744934082","1806","1806","1806"
"89549","0.8296393752098083","0.8296393752098083","0.8296393752098083","1807","1807","1807"
"89599","3.3912079334259033","3.3912079334259033","3.3912079334259033","1808","1808","1808"
"89649","1.7691006660461426","1.7691006660461426","1.7691006660461426","1809","1809","1809"
"89699","40.45659637451172","40.45659637451172","40.45659637451172","1810","1810","1810"
"89749","0.7250077724456787","0.7250077724456787","0.7250077724456787","1811","1811","1811"
"89799","3.8308463096618652","3.8308463096618652","3.8308463096618652","1812","1812","1812"
"89849","0.9532758593559265","0.9532758593559265","0.9532758593559265","1813","1813","1813"
"89899","1.3922574520111084","1.3922574520111084","1.3922574520111084","1814","1814","1814"
"89949","3.868152141571045","3.868152141571045","3.868152141571045","1815","1815","1815"
"89999","5.609928607940674","5.609928607940674","5.609928607940674","1816","1816","1816"
"90049","1.655472755432129","1.655472755432129","1.655472755432129","1818","1818","1818"
"90099","3.584977149963379","3.584977149963379","3.584977149963379","1819","1819","1819"
"90149","3.109994888305664","3.109994888305664","3.109994888305664","1820","1820","1820"
"90199","20.16957664489746","20.16957664489746","20.16957664489746","1821","1821","1821"
"90249","2.5148699283599854","2.5148699283599854","2.5148699283599854","1822","1822","1822"
"90299","0.8388897180557251","0.8388897180557251","0.8388897180557251","1823","1823","1823"
"90349","2.186511993408203","2.186511993408203","2.186511993408203","1824","1824","1824"
"90399","23.422836303710938","23.422836303710938","23.422836303710938","1825","1825","1825"
"90449","3.2339653968811035","3.2339653968811035","3.2339653968811035","1826","1826","1826"
"90499","4.6936140060424805","4.6936140060424805","4.6936140060424805","1827","1827","1827"
"90549","2.028447389602661","2.028447389602661","2.028447389602661","1828","1828","1828"
"90599","3.263475179672241","3.263475179672241","3.263475179672241","1829","1829","1829"
"90649","1.5084460973739624","1.5084460973739624","1.5084460973739624","1830","1830","1830"
"90699","3.3722939491271973","3.3722939491271973","3.3722939491271973","1831","1831","1831"
"90749","0.5259925723075867","0.5259925723075867","0.5259925723075867","1832","1832","1832"
"90799","1.7309576272964478","1.7309576272964478","1.7309576272964478","1833","1833","1833"
"90849","0.6612281203269958","0.6612281203269958","0.6612281203269958","1834","1834","1834"
"90899","0.6829710602760315","0.6829710602760315","0.6829710602760315","1835","1835","1835"
"90949","9.001943588256836","9.001943588256836","9.001943588256836","1836","1836","1836"
"90999","9.953466415405273","9.953466415405273","9.953466415405273","1837","1837","1837"
"91049","1.3847124576568604","1.3847124576568604","1.3847124576568604","1838","1838","1838"
"91099","0.5765106678009033","0.5765106678009033","0.5765106678009033","1839","1839","1839"
"91149","2.938314437866211","2.938314437866211","2.938314437866211","1840","1840","1840"
"91199","19.861618041992188","19.861618041992188","19.861618041992188","1841","1841","1841"
"91249","5.047125816345215","5.047125816345215","5.047125816345215","1842","1842","1842"
"91299","0.675736129283905","0.675736129283905","0.675736129283905","1843","1843","1843"
"91349","0.8444075584411621","0.8444075584411621","0.8444075584411621","1844","1844","1844"
"91399","9.489069938659668","9.489069938659668","9.489069938659668","1845","1845","1845"
"91449","1.8142231702804565","1.8142231702804565","1.8142231702804565","1846","1846","1846"
"91499","0.9387391805648804","0.9387391805648804","0.9387391805648804","1847","1847","1847"
"91549","0.8541140556335449","0.8541140556335449","0.8541140556335449","1848","1848","1848"
"91599","1.6096181869506836","1.6096181869506836","1.6096181869506836","1849","1849","1849"
"91649","0.9427299499511719","0.9427299499511719","0.9427299499511719","1850","1850","1850"
"91699","1.4858306646347046","1.4858306646347046","1.4858306646347046","1851","1851","1851"
"91749","2.4254376888275146","2.4254376888275146","2.4254376888275146","1852","1852","1852"
"91799","1.6644922494888306","1.6644922494888306","1.6644922494888306","1853","1853","1853"
"91849","0.9006393551826477","0.9006393551826477","0.9006393551826477","1854","1854","1854"
"91899","0.7143255472183228","0.7143255472183228","0.7143255472183228","1855","1855","1855"
"91949","1.8120464086532593","1.8120464086532593","1.8120464086532593","1856","1856","1856"
"91999","0.5487203598022461","0.5487203598022461","0.5487203598022461","1857","1857","1857"
"92049","3.946387767791748","3.946387767791748","3.946387767791748","1858","1858","1858"
"92099","1.2144062519073486","1.2144062519073486","1.2144062519073486","1859","1859","1859"
"92149","4.601064682006836","4.601064682006836","4.601064682006836","1860","1860","1860"
"92199","0.9095889925956726","0.9095889925956726","0.9095889925956726","1861","1861","1861"
"92249","0.8233377933502197","0.8233377933502197","0.8233377933502197","1862","1862","1862"
"92299","4.484751224517822","4.484751224517822","4.484751224517822","1863","1863","1863"
"92349","0.6337639689445496","0.6337639689445496","0.6337639689445496","1864","1864","1864"
"92399","2.317289113998413","2.317289113998413","2.317289113998413","1865","1865","1865"
"92449","15.83146858215332","15.83146858215332","15.83146858215332","1866","1866","1866"
"92499","1.4854305982589722","1.4854305982589722","1.4854305982589722","1867","1867","1867"
"92549","12.402010917663574","12.402010917663574","12.402010917663574","1868","1868","1868"
"92599","2.713956117630005","2.713956117630005","2.713956117630005","1869","1869","1869"
"92649","46.202049255371094","46.202049255371094","46.202049255371094","1870","1870","1870"
"92699","1.8261512517929077","1.8261512517929077","1.8261512517929077","1871","1871","1871"
"92749","1.5833133459091187","1.5833133459091187","1.5833133459091187","1872","1872","1872"
"92799","2.839214563369751","2.839214563369751","2.839214563369751","1873","1873","1873"
"92849","0.9182392358779907","0.9182392358779907","0.9182392358779907","1874","1874","1874"
"92899","3.944445848464966","3.944445848464966","3.944445848464966","1875","1875","1875"
"92949","1.0644757747650146","1.0644757747650146","1.0644757747650146","1876","1876","1876"
"92999","3.7497076988220215","3.7497076988220215","3.7497076988220215","1877","1877","1877"
"93049","26.045513153076172","26.045513153076172","26.045513153076172","1878","1878","1878"
"93099","2.1814377307891846","2.1814377307891846","2.1814377307891846","1879","1879","1879"
"93149","1.4451082944869995","1.4451082944869995","1.4451082944869995","1880","1880","1880"
"93199","2.6677379608154297","2.6677379608154297","2.6677379608154297","1881","1881","1881"
"93249","0.34145262837409973","0.34145262837409973","0.34145262837409973","1882","1882","1882"
"93299","1.1816004514694214","1.1816004514694214","1.1816004514694214","1883","1883","1883"
"93349","1.0634757280349731","1.0634757280349731","1.0634757280349731","1884","1884","1884"
"93399","0.5327391624450684","0.5327391624450684","0.5327391624450684","1885","1885","1885"
"93449","0.9684966802597046","0.9684966802597046","0.9684966802597046","1886","1886","1886"
"93499","2.0516247749328613","2.0516247749328613","2.0516247749328613","1887","1887","1887"
"93549","4.531066417694092","4.531066417694092","4.531066417694092","1888","1888","1888"
"93599","1.2903695106506348","1.2903695106506348","1.2903695106506348","1889","1889","1889"
"93649","5.860230922698975","5.860230922698975","5.860230922698975","1890","1890","1890"
"93699","9.048001289367676","9.048001289367676","9.048001289367676","1891","1891","1891"
"93749","3.7814650535583496","3.7814650535583496","3.7814650535583496","1892","1892","1892"
"93799","1.1291728019714355","1.1291728019714355","1.1291728019714355","1893","1893","1893"
"93849","0.9009513258934021","0.9009513258934021","0.9009513258934021","1894","1894","1894"
"93899","1.5401558876037598","1.5401558876037598","1.5401558876037598","1895","1895","1895"
"93949","2.283921718597412","2.283921718597412","2.283921718597412","1896","1896","1896"
"93999","0.6619431972503662","0.6619431972503662","0.6619431972503662","1897","1897","1897"
"94049","0.7039687633514404","0.7039687633514404","0.7039687633514404","1898","1898","1898"
"94099","0.7872731685638428","0.7872731685638428","0.7872731685638428","1899","1899","1899"
"94149","0.8269473910331726","0.8269473910331726","0.8269473910331726","1900","1900","1900"
"94199","1.0293842554092407","1.0293842554092407","1.0293842554092407","1901","1901","1901"
"94249","1.1650171279907227","1.1650171279907227","1.1650171279907227","1902","1902","1902"
"94299","1.1655876636505127","1.1655876636505127","1.1655876636505127","1903","1903","1903"
"94349","0.6220406889915466","0.6220406889915466","0.6220406889915466","1904","1904","1904"
"94399","1.330990195274353","1.330990195274353","1.330990195274353","1905","1905","1905"
"94449","1.4331445693969727","1.4331445693969727","1.4331445693969727","1906","1906","1906"
"94499","1.333763599395752","1.333763599395752","1.333763599395752","1907","1907","1907"
"94549","1.1698862314224243","1.1698862314224243","1.1698862314224243","1908","1908","1908"
"94599","1.2577903270721436","1.2577903270721436","1.2577903270721436","1909","1909","1909"
"94649","1.0931891202926636","1.0931891202926636","1.0931891202926636","1910","1910","1910"
"94699","0.7500298023223877","0.7500298023223877","0.7500298023223877","1911","1911","1911"
"94749","1.6445403099060059","1.6445403099060059","1.6445403099060059","1912","1912","1912"
"94799","10.567108154296875","10.567108154296875","10.567108154296875","1913","1913","1913"
"94849","0.5180137157440186","0.5180137157440186","0.5180137157440186","1914","1914","1914"
"94899","0.6807835698127747","0.6807835698127747","0.6807835698127747","1915","1915","1915"
"94949","0.8867258429527283","0.8867258429527283","0.8867258429527283","1916","1916","1916"
"94999","1.5991383790969849","1.5991383790969849","1.5991383790969849","1917","1917","1917"
"95049","20.219022750854492","20.219022750854492","20.219022750854492","1919","1919","1919"
"95099","0.9958310127258301","0.9958310127258301","0.9958310127258301","1920","1920","1920"
"95149","11.35041618347168","11.35041618347168","11.35041618347168","1921","1921","1921"
"95199","0.5900692939758301","0.5900692939758301","0.5900692939758301","1922","1922","1922"
"95249","0.5879694223403931","0.5879694223403931","0.5879694223403931","1923","1923","1923"
"95299","0.7060169577598572","0.7060169577598572","0.7060169577598572","1924","1924","1924"
"95349","0.9380322694778442","0.9380322694778442","0.9380322694778442","1925","1925","1925"
"95399","0.39473584294319153","0.39473584294319153","0.39473584294319153","1926","1926","1926"
"95449","0.6207062005996704","0.6207062005996704","0.6207062005996704","1927","1927","1927"
"95499","0.6736718416213989","0.6736718416213989","0.6736718416213989","1928","1928","1928"
"95549","0.7033088803291321","0.7033088803291321","0.7033088803291321","1929","1929","1929"
"95599","0.82874596118927","0.82874596118927","0.82874596118927","1930","1930","1930"
"95649","0.7969377040863037","0.7969377040863037","0.7969377040863037","1931","1931","1931"
"95699","5.825406074523926","5.825406074523926","5.825406074523926","1932","1932","1932"
"95749","75.72563171386719","75.72563171386719","75.72563171386719","1933","1933","1933"
"95799","2.377641439437866","2.377641439437866","2.377641439437866","1934","1934","1934"
"95849","1.5034785270690918","1.5034785270690918","1.5034785270690918","1935","1935","1935"
"95899","0.5329041481018066","0.5329041481018066","0.5329041481018066","1936","1936","1936"
"95949","0.6744667887687683","0.6744667887687683","0.6744667887687683","1937","1937","1937"
"95999","0.7636611461639404","0.7636611461639404","0.7636611461639404","1938","1938","1938"
"96049","0.7864075899124146","0.7864075899124146","0.7864075899124146","1939","1939","1939"
"96099","0.996196448802948","0.996196448802948","0.996196448802948","1940","1940","1940"
"96149","3.529285192489624","3.529285192489624","3.529285192489624","1941","1941","1941"
"96199","0.902591347694397","0.902591347694397","0.902591347694397","1942","1942","1942"
"96249","0.7374850511550903","0.7374850511550903","0.7374850511550903","1943","1943","1943"
"96299","0.6034180521965027","0.6034180521965027","0.6034180521965027","1944","1944","1944"
"96349","2.0581114292144775","2.0581114292144775","2.0581114292144775","1945","1945","1945"
"96399","1.452338457107544","1.452338457107544","1.452338457107544","1946","1946","1946"
"96449","2.645662784576416","2.645662784576416","2.645662784576416","1947","1947","1947"
"96499","0.7242432236671448","0.7242432236671448","0.7242432236671448","1948","1948","1948"
"96549","0.9318234920501709","0.9318234920501709","0.9318234920501709","1949","1949","1949"
"96599","9.10218334197998","9.10218334197998","9.10218334197998","1950","1950","1950"
"96649","4.104274749755859","4.104274749755859","4.104274749755859","1951","1951","1951"
"96699","3.0137369632720947","3.0137369632720947","3.0137369632720947","1952","1952","1952"
"96749","0.8791362047195435","0.8791362047195435","0.8791362047195435","1953","1953","1953"
"96799","0.6722996830940247","0.6722996830940247","0.6722996830940247","1954","1954","1954"
"96849","0.4182240664958954","0.4182240664958954","0.4182240664958954","1955","1955","1955"
"96899","0.4441797137260437","0.4441797137260437","0.4441797137260437","1956","1956","1956"
"96949","1.1031734943389893","1.1031734943389893","1.1031734943389893","1957","1957","1957"
"96999","0.5118420720100403","0.5118420720100403","0.5118420720100403","1958","1958","1958"
"97049","1.0226645469665527","1.0226645469665527","1.0226645469665527","1959","1959","1959"
"97099","0.5520810484886169","0.5520810484886169","0.5520810484886169","1960","1960","1960"
"97149","6.553160667419434","6.553160667419434","6.553160667419434","1961","1961","1961"
"97199","0.6893330812454224","0.6893330812454224","0.6893330812454224","1962","1962","1962"
"97249","2.828174591064453","2.828174591064453","2.828174591064453","1963","1963","1963"
"97299","1.7885596752166748","1.7885596752166748","1.7885596752166748","1964","1964","1964"
"97349","0.3574596047401428","0.3574596047401428","0.3574596047401428","1965","1965","1965"
"97399","0.9868535399436951","0.9868535399436951","0.9868535399436951","1966","1966","1966"
"97449","2.149852991104126","2.149852991104126","2.149852991104126","1967","1967","1967"
"97499","1.3294175863265991","1.3294175863265991","1.3294175863265991","1968","1968","1968"
"97549","2.0777745246887207","2.0777745246887207","2.0777745246887207","1969","1969","1969"
"97599","0.3564223647117615","0.3564223647117615","0.3564223647117615","1970","1970","1970"
"97649","2.654555320739746","2.654555320739746","2.654555320739746","1971","1971","1971"
"97699","0.760584831237793","0.760584831237793","0.760584831237793","1972","1972","1972"
"97749","0.7710133194923401","0.7710133194923401","0.7710133194923401","1973","1973","1973"
"97799","1.8890739679336548","1.8890739679336548","1.8890739679336548","1974","1974","1974"
"97849","2.299957036972046","2.299957036972046","2.299957036972046","1975","1975","1975"
"97899","1.0566283464431763","1.0566283464431763","1.0566283464431763","1976","1976","1976"
"97949","0.6344809532165527","0.6344809532165527","0.6344809532165527","1977","1977","1977"
"97999","0.683414101600647","0.683414101600647","0.683414101600647","1978","1978","1978"
"98049","0.6948565244674683","0.6948565244674683","0.6948565244674683","1979","1979","1979"
"98099","0.48852813243865967","0.48852813243865967","0.48852813243865967","1980","1980","1980"
"98149","6.31337308883667","6.31337308883667","6.31337308883667","1981","1981","1981"
"98199","0.7038747668266296","0.7038747668266296","0.7038747668266296","1982","1982","1982"
"98249","2.003774642944336","2.003774642944336","2.003774642944336","1983","1983","1983"
"98299","1.2429176568984985","1.2429176568984985","1.2429176568984985","1984","1984","1984"
"98349","1.9705301523208618","1.9705301523208618","1.9705301523208618","1985","1985","1985"
"98399","2.433037042617798","2.433037042617798","2.433037042617798","1986","1986","1986"
"98449","0.5828948616981506","0.5828948616981506","0.5828948616981506","1987","1987","1987"
"98499","1.6889714002609253","1.6889714002609253","1.6889714002609253","1988","1988","1988"
"98549","1.0936100482940674","1.0936100482940674","1.0936100482940674","1989","1989","1989"
"98599","10.15512466430664","10.15512466430664","10.15512466430664","1990","1990","1990"
"98649","0.589474618434906","0.589474618434906","0.589474618434906","1991","1991","1991"
"98699","2.311041831970215","2.311041831970215","2.311041831970215","1992","1992","1992"
"98749","2.3210158348083496","2.3210158348083496","2.3210158348083496","1993","1993","1993"
"98799","6.371867656707764","6.371867656707764","6.371867656707764","1994","1994","1994"
"98849","0.6507472991943359","0.6507472991943359","0.6507472991943359","1995","1995","1995"
"98899","0.6503639817237854","0.6503639817237854","0.6503639817237854","1996","1996","1996"
"98949","15.872316360473633","15.872316360473633","15.872316360473633","1997","1997","1997"
"98999","1.6177557706832886","1.6177557706832886","1.6177557706832886","1998","1998","1998"
"99049","18.80502700805664","18.80502700805664","18.80502700805664","1999","1999","1999"
"99099","0.4763288199901581","0.4763288199901581","0.4763288199901581","2000","2000","2000"
"99149","2.4172751903533936","2.4172751903533936","2.4172751903533936","2001","2001","2001"
"99199","0.8659759163856506","0.8659759163856506","0.8659759163856506","2002","2002","2002"
"99249","2.416722536087036","2.416722536087036","2.416722536087036","2003","2003","2003"
"99299","0.8442596197128296","0.8442596197128296","0.8442596197128296","2004","2004","2004"
"99349","1.8746384382247925","1.8746384382247925","1.8746384382247925","2005","2005","2005"
"99399","0.4848218560218811","0.4848218560218811","0.4848218560218811","2006","2006","2006"
"99449","0.8765603303909302","0.8765603303909302","0.8765603303909302","2007","2007","2007"
"99499","1.8261172771453857","1.8261172771453857","1.8261172771453857","2008","2008","2008"
"99549","0.8744624853134155","0.8744624853134155","0.8744624853134155","2009","2009","2009"
"99599","0.9060195684432983","0.9060195684432983","0.9060195684432983","2010","2010","2010"
"99649","0.7142152190208435","0.7142152190208435","0.7142152190208435","2011","2011","2011"
"99699","0.7156279683113098","0.7156279683113098","0.7156279683113098","2012","2012","2012"
"99749","1.6791207790374756","1.6791207790374756","1.6791207790374756","2013","2013","2013"
"99799","1.1566873788833618","1.1566873788833618","1.1566873788833618","2014","2014","2014"
"99849","4.071023464202881","4.071023464202881","4.071023464202881","2015","2015","2015"
"99899","1.1369037628173828","1.1369037628173828","1.1369037628173828","2016","2016","2016"
"99949","1.431433916091919","1.431433916091919","1.431433916091919","2017","2017","2017"
"99999","0.7106567621231079","0.7106567621231079","0.7106567621231079","2018","2018","2018"
"100049","0.5577531456947327","0.5577531456947327","0.5577531456947327","2020","2020","2020"
"100099","0.6025575995445251","0.6025575995445251","0.6025575995445251","2021","2021","2021"
"100149","0.8766544461250305","0.8766544461250305","0.8766544461250305","2022","2022","2022"
"100199","1.0784128904342651","1.0784128904342651","1.0784128904342651","2023","2023","2023"
"100249","1.1627768278121948","1.1627768278121948","1.1627768278121948","2024","2024","2024"
"100299","3.6101160049438477","3.6101160049438477","3.6101160049438477","2025","2025","2025"
"100349","0.5164481997489929","0.5164481997489929","0.5164481997489929","2026","2026","2026"
"100399","1.5566565990447998","1.5566565990447998","1.5566565990447998","2027","2027","2027"
"100449","0.9062764644622803","0.9062764644622803","0.9062764644622803","2028","2028","2028"
"100499","0.5759981870651245","0.5759981870651245","0.5759981870651245","2029","2029","2029"
"100549","3.3926315307617188","3.3926315307617188","3.3926315307617188","2030","2030","2030"
"100599","1.2976776361465454","1.2976776361465454","1.2976776361465454","2031","2031","2031"
"100649","0.7578423619270325","0.7578423619270325","0.7578423619270325","2032","2032","2032"
"100699","1.92710280418396","1.92710280418396","1.92710280418396","2033","2033","2033"
"100749","1.4531669616699219","1.4531669616699219","1.4531669616699219","2034","2034","2034"
"100799","3.6612753868103027","3.6612753868103027","3.6612753868103027","2035","2035","2035"
"100849","0.6795366406440735","0.6795366406440735","0.6795366406440735","2036","2036","2036"
"100899","1.1879323720932007","1.1879323720932007","1.1879323720932007","2037","2037","2037"
"100949","1.0531725883483887","1.0531725883483887","1.0531725883483887","2038","2038","2038"
"100999","0.6660264730453491","0.6660264730453491","0.6660264730453491","2039","2039","2039"
"101049","2.1649653911590576","2.1649653911590576","2.1649653911590576","2040","2040","2040"
"101099","1.3263734579086304","1.3263734579086304","1.3263734579086304","2041","2041","2041"
"101149","1.0052392482757568","1.0052392482757568","1.0052392482757568","2042","2042","2042"
"101199","1.7604336738586426","1.7604336738586426","1.7604336738586426","2043","2043","2043"
"101249","2.2511284351348877","2.2511284351348877","2.2511284351348877","2044","2044","2044"
"101299","0.5012328624725342","0.5012328624725342","0.5012328624725342","2045","2045","2045"
"101349","1.4369910955429077","1.4369910955429077","1.4369910955429077","2046","2046","2046"
"101399","0.4544388949871063","0.4544388949871063","0.4544388949871063","2047","2047","2047"
"101449","3.8520045280456543","3.8520045280456543","3.8520045280456543","2048","2048","2048"
"101499","2.429783344268799","2.429783344268799","2.429783344268799","2049","2049","2049"
"101549","0.4198720455169678","0.4198720455169678","0.4198720455169678","2050","2050","2050"
"101599","0.6830573081970215","0.6830573081970215","0.6830573081970215","2051","2051","2051"
"101649","1.362872838973999","1.362872838973999","1.362872838973999","2052","2052","2052"
"101699","2.6998071670532227","2.6998071670532227","2.6998071670532227","2053","2053","2053"
"101749","0.8661965727806091","0.8661965727806091","0.8661965727806091","2054","2054","2054"
"101799","1.0263817310333252","1.0263817310333252","1.0263817310333252","2055","2055","2055"
"101849","2.0741796493530273","2.0741796493530273","2.0741796493530273","2056","2056","2056"
"101899","1.2152971029281616","1.2152971029281616","1.2152971029281616","2057","2057","2057"
"101949","0.391177237033844","0.391177237033844","0.391177237033844","2058","2058","2058"
"101999","0.6926338076591492","0.6926338076591492","0.6926338076591492","2059","2059","2059"
"102049","1.0792077779769897","1.0792077779769897","1.0792077779769897","2060","2060","2060"
"102099","0.9658028483390808","0.9658028483390808","0.9658028483390808","2061","2061","2061"
"102149","3.8760757446289062","3.8760757446289062","3.8760757446289062","2062","2062","2062"
"102199","1.5643205642700195","1.5643205642700195","1.5643205642700195","2063","2063","2063"
"102249","0.8395304083824158","0.8395304083824158","0.8395304083824158","2064","2064","2064"
"102299","0.9508717656135559","0.9508717656135559","0.9508717656135559","2065","2065","2065"
"102349","13.47632122039795","13.47632122039795","13.47632122039795","2066","2066","2066"
"102399","0.8679192066192627","0.8679192066192627","0.8679192066192627","2067","2067","2067"
"102449","18.021808624267578","18.021808624267578","18.021808624267578","2068","2068","2068"
"102499","0.7166844606399536","0.7166844606399536","0.7166844606399536","2069","2069","2069"
"102549","0.8300224542617798","0.8300224542617798","0.8300224542617798","2070","2070","2070"
"102599","0.8619008660316467","0.8619008660316467","0.8619008660316467","2071","2071","2071"
"102649","2.341993570327759","2.341993570327759","2.341993570327759","2072","2072","2072"
"102699","0.5686754584312439","0.5686754584312439","0.5686754584312439","2073","2073","2073"
"102749","0.800258219242096","0.800258219242096","0.800258219242096","2074","2074","2074"
"102799","2.474290609359741","2.474290609359741","2.474290609359741","2075","2075","2075"
"102849","1.2227323055267334","1.2227323055267334","1.2227323055267334","2076","2076","2076"
"102899","1.013439416885376","1.013439416885376","1.013439416885376","2077","2077","2077"
"102949","1.2621384859085083","1.2621384859085083","1.2621384859085083","2078","2078","2078"
"102999","0.8050890564918518","0.8050890564918518","0.8050890564918518","2079","2079","2079"
"103049","0.7629867792129517","0.7629867792129517","0.7629867792129517","2080","2080","2080"
"103099","3.419973850250244","3.419973850250244","3.419973850250244","2081","2081","2081"
"103149","1.1978750228881836","1.1978750228881836","1.1978750228881836","2082","2082","2082"
"103199","1.561025857925415","1.561025857925415","1.561025857925415","2083","2083","2083"
"103249","0.9898102283477783","0.9898102283477783","0.9898102283477783","2084","2084","2084"
"103299","24.750701904296875","24.750701904296875","24.750701904296875","2085","2085","2085"
"103349","15.938081741333008","15.938081741333008","15.938081741333008","2086","2086","2086"
"103399","3.6972544193267822","3.6972544193267822","3.6972544193267822","2087","2087","2087"
"103449","0.9404788017272949","0.9404788017272949","0.9404788017272949","2088","2088","2088"
"103499","1.3428239822387695","1.3428239822387695","1.3428239822387695","2089","2089","2089"
"103549","2.2881357669830322","2.2881357669830322","2.2881357669830322","2090","2090","2090"
"103599","2.00504469871521","2.00504469871521","2.00504469871521","2091","2091","2091"
"103649","1.300400972366333","1.300400972366333","1.300400972366333","2092","2092","2092"
"103699","1.9535399675369263","1.9535399675369263","1.9535399675369263","2093","2093","2093"
"103749","1.0070551633834839","1.0070551633834839","1.0070551633834839","2094","2094","2094"
"103799","2.3857851028442383","2.3857851028442383","2.3857851028442383","2095","2095","2095"
"103849","2.026324987411499","2.026324987411499","2.026324987411499","2096","2096","2096"
"103899","1.4860185384750366","1.4860185384750366","1.4860185384750366","2097","2097","2097"
"103949","1.1870118379592896","1.1870118379592896","1.1870118379592896","2098","2098","2098"
"103999","1.8414567708969116","1.8414567708969116","1.8414567708969116","2099","2099","2099"
"104049","1.2489864826202393","1.2489864826202393","1.2489864826202393","2100","2100","2100"
"104099","0.612838864326477","0.612838864326477","0.612838864326477","2101","2101","2101"
"104149","1.681577444076538","1.681577444076538","1.681577444076538","2102","2102","2102"
"104199","2.0942318439483643","2.0942318439483643","2.0942318439483643","2103","2103","2103"
"104249","6.400718688964844","6.400718688964844","6.400718688964844","2104","2104","2104"
"104299","1.3593339920043945","1.3593339920043945","1.3593339920043945","2105","2105","2105"
"104349","1.0203157663345337","1.0203157663345337","1.0203157663345337","2106","2106","2106"
"104399","1.1954361200332642","1.1954361200332642","1.1954361200332642","2107","2107","2107"
"104449","1.1343705654144287","1.1343705654144287","1.1343705654144287","2108","2108","2108"
"104499","2.037127733230591","2.037127733230591","2.037127733230591","2109","2109","2109"
"104549","0.8598565459251404","0.8598565459251404","0.8598565459251404","2110","2110","2110"
"104599","0.8014634251594543","0.8014634251594543","0.8014634251594543","2111","2111","2111"
"104649","0.4560231864452362","0.4560231864452362","0.4560231864452362","2112","2112","2112"
"104699","0.8049848675727844","0.8049848675727844","0.8049848675727844","2113","2113","2113"
"104749","4.196288585662842","4.196288585662842","4.196288585662842","2114","2114","2114"
"104799","1.0792335271835327","1.0792335271835327","1.0792335271835327","2115","2115","2115"
"104849","1.6124708652496338","1.6124708652496338","1.6124708652496338","2116","2116","2116"
"104899","1.5378358364105225","1.5378358364105225","1.5378358364105225","2117","2117","2117"
"104949","9.965877532958984","9.965877532958984","9.965877532958984","2118","2118","2118"
"104999","9.6927490234375","9.6927490234375","9.6927490234375","2119","2119","2119"
"105049","2.7955322265625","2.7955322265625","2.7955322265625","2121","2121","2121"
"105099","1.4625574350357056","1.4625574350357056","1.4625574350357056","2122","2122","2122"
"105149","5.087417125701904","5.087417125701904","5.087417125701904","2123","2123","2123"
"105199","15.167494773864746","15.167494773864746","15.167494773864746","2124","2124","2124"
"105249","0.6075384616851807","0.6075384616851807","0.6075384616851807","2125","2125","2125"
"105299","2.2057180404663086","2.2057180404663086","2.2057180404663086","2126","2126","2126"
"105349","1.564074158668518","1.564074158668518","1.564074158668518","2127","2127","2127"
"105399","1.2772454023361206","1.2772454023361206","1.2772454023361206","2128","2128","2128"
"105449","0.6891857385635376","0.6891857385635376","0.6891857385635376","2129","2129","2129"
"105499","0.732194185256958","0.732194185256958","0.732194185256958","2130","2130","2130"
"105549","1.0890400409698486","1.0890400409698486","1.0890400409698486","2131","2131","2131"
"105599","0.7365870475769043","0.7365870475769043","0.7365870475769043","2132","2132","2132"
"105649","3.089782238006592","3.089782238006592","3.089782238006592","2133","2133","2133"
"105699","13.01175308227539","13.01175308227539","13.01175308227539","2134","2134","2134"
"105749","1.5290781259536743","1.5290781259536743","1.5290781259536743","2135","2135","2135"
"105799","1.9937374591827393","1.9937374591827393","1.9937374591827393","2136","2136","2136"
"105849","4.3146138191223145","4.3146138191223145","4.3146138191223145","2137","2137","2137"
"105899","0.713398814201355","0.713398814201355","0.713398814201355","2138","2138","2138"
"105949","0.9130580425262451","0.9130580425262451","0.9130580425262451","2139","2139","2139"
"105999","1.4137506484985352","1.4137506484985352","1.4137506484985352","2140","2140","2140"
"106049","3.246760368347168","3.246760368347168","3.246760368347168","2141","2141","2141"
"106099","1.246166467666626","1.246166467666626","1.246166467666626","2142","2142","2142"
"106149","1.6457734107971191","1.6457734107971191","1.6457734107971191","2143","2143","2143"
"106199","0.47633272409439087","0.47633272409439087","0.47633272409439087","2144","2144","2144"
"106249","1.0112762451171875","1.0112762451171875","1.0112762451171875","2145","2145","2145"
"106299","1.6960999965667725","1.6960999965667725","1.6960999965667725","2146","2146","2146"
"106349","1.1808257102966309","1.1808257102966309","1.1808257102966309","2147","2147","2147"
"106399","3.9587039947509766","3.9587039947509766","3.9587039947509766","2148","2148","2148"
"106449","7.702628135681152","7.702628135681152","7.702628135681152","2149","2149","2149"
"106499","18.245595932006836","18.245595932006836","18.245595932006836","2150","2150","2150"
"106549","5.68545389175415","5.68545389175415","5.68545389175415","2151","2151","2151"
"106599","3.1300673484802246","3.1300673484802246","3.1300673484802246","2152","2152","2152"
"106649","5.504295825958252","5.504295825958252","5.504295825958252","2153","2153","2153"
"106699","8.591835021972656","8.591835021972656","8.591835021972656","2154","2154","2154"
"106749","4.069591045379639","4.069591045379639","4.069591045379639","2155","2155","2155"
"106799","1.911974549293518","1.911974549293518","1.911974549293518","2156","2156","2156"
"106849","31.80095863342285","31.80095863342285","31.80095863342285","2157","2157","2157"
"106899","1.902146577835083","1.902146577835083","1.902146577835083","2158","2158","2158"
"106949","9.085501670837402","9.085501670837402","9.085501670837402","2159","2159","2159"
"106999","52.398807525634766","52.398807525634766","52.398807525634766","2160","2160","2160"
"107049","8.90703010559082","8.90703010559082","8.90703010559082","2161","2161","2161"
"107099","5.6323561668396","5.6323561668396","5.6323561668396","2162","2162","2162"
"107149","2.4845991134643555","2.4845991134643555","2.4845991134643555","2163","2163","2163"
"107199","5.7151970863342285","5.7151970863342285","5.7151970863342285","2164","2164","2164"
"107249","3.6697826385498047","3.6697826385498047","3.6697826385498047","2165","2165","2165"
"107299","2.993358612060547","2.993358612060547","2.993358612060547","2166","2166","2166"
"107349","1.793343424797058","1.793343424797058","1.793343424797058","2167","2167","2167"
"107399","1.2804064750671387","1.2804064750671387","1.2804064750671387","2168","2168","2168"
"107449","1.5967782735824585","1.5967782735824585","1.5967782735824585","2169","2169","2169"
"107499","1.4101440906524658","1.4101440906524658","1.4101440906524658","2170","2170","2170"
"107549","2.3817076683044434","2.3817076683044434","2.3817076683044434","2171","2171","2171"
"107599","2.0787694454193115","2.0787694454193115","2.0787694454193115","2172","2172","2172"
"107649","2.894892930984497","2.894892930984497","2.894892930984497","2173","2173","2173"
"107699","69.41268920898438","69.41268920898438","69.41268920898438","2174","2174","2174"
"107749","146.75242614746094","146.75242614746094","146.75242614746094","2175","2175","2175"
"107799","3.227663516998291","3.227663516998291","3.227663516998291","2176","2176","2176"
"107849","41.98410415649414","41.98410415649414","41.98410415649414","2177","2177","2177"
"107899","11.228758811950684","11.228758811950684","11.228758811950684","2178","2178","2178"
"107949","23.63019371032715","23.63019371032715","23.63019371032715","2179","2179","2179"
"107999","1.7669689655303955","1.7669689655303955","1.7669689655303955","2180","2180","2180"
"108049","4.449975967407227","4.449975967407227","4.449975967407227","2181","2181","2181"
"108099","6.2580742835998535","6.2580742835998535","6.2580742835998535","2182","2182","2182"
"108149","4.6501994132995605","4.6501994132995605","4.6501994132995605","2183","2183","2183"
"108199","2.1440300941467285","2.1440300941467285","2.1440300941467285","2184","2184","2184"
"108249","1.8558553457260132","1.8558553457260132","1.8558553457260132","2185","2185","2185"
"108299","1.1447926759719849","1.1447926759719849","1.1447926759719849","2186","2186","2186"
"108349","1.1170828342437744","1.1170828342437744","1.1170828342437744","2187","2187","2187"
"108399","1.065604329109192","1.065604329109192","1.065604329109192","2188","2188","2188"
"108449","3.6245040893554688","3.6245040893554688","3.6245040893554688","2189","2189","2189"
"108499","0.6516581177711487","0.6516581177711487","0.6516581177711487","2190","2190","2190"
"108549","2.529477119445801","2.529477119445801","2.529477119445801","2191","2191","2191"
"108599","1.8318277597427368","1.8318277597427368","1.8318277597427368","2192","2192","2192"
"108649","0.9241519570350647","0.9241519570350647","0.9241519570350647","2193","2193","2193"
"108699","1.0820406675338745","1.0820406675338745","1.0820406675338745","2194","2194","2194"
"108749","1.332144021987915","1.332144021987915","1.332144021987915","2195","2195","2195"
"108799","3.225764274597168","3.225764274597168","3.225764274597168","2196","2196","2196"
"108849","1.0619919300079346","1.0619919300079346","1.0619919300079346","2197","2197","2197"
"108899","0.818647563457489","0.818647563457489","0.818647563457489","2198","2198","2198"
"108949","1.5405110120773315","1.5405110120773315","1.5405110120773315","2199","2199","2199"
"108999","1.216795802116394","1.216795802116394","1.216795802116394","2200","2200","2200"
"109049","1.9568488597869873","1.9568488597869873","1.9568488597869873","2201","2201","2201"
"109099","1.3053779602050781","1.3053779602050781","1.3053779602050781","2202","2202","2202"
"109149","0.8029497265815735","0.8029497265815735","0.8029497265815735","2203","2203","2203"
"109199","1.2803845405578613","1.2803845405578613","1.2803845405578613","2204","2204","2204"
"109249","0.8126803636550903","0.8126803636550903","0.8126803636550903","2205","2205","2205"
"109299","0.6456530094146729","0.6456530094146729","0.6456530094146729","2206","2206","2206"
"109349","1.3235621452331543","1.3235621452331543","1.3235621452331543","2207","2207","2207"
"109399","0.993681013584137","0.993681013584137","0.993681013584137","2208","2208","2208"
"109449","1.5122450590133667","1.5122450590133667","1.5122450590133667","2209","2209","2209"
"109499","1.1422147750854492","1.1422147750854492","1.1422147750854492","2210","2210","2210"
"109549","0.8529490232467651","0.8529490232467651","0.8529490232467651","2211","2211","2211"
"109599","1.4908004999160767","1.4908004999160767","1.4908004999160767","2212","2212","2212"
"109649","13.951857566833496","13.951857566833496","13.951857566833496","2213","2213","2213"
"109699","2.8656005859375","2.8656005859375","2.8656005859375","2214","2214","2214"
"109749","1.7164499759674072","1.7164499759674072","1.7164499759674072","2215","2215","2215"
"109799","8.011528968811035","8.011528968811035","8.011528968811035","2216","2216","2216"
"109849","5.734287738800049","5.734287738800049","5.734287738800049","2217","2217","2217"
"109899","0.9606207609176636","0.9606207609176636","0.9606207609176636","2218","2218","2218"
"109949","0.5774703621864319","0.5774703621864319","0.5774703621864319","2219","2219","2219"
"109999","0.9264264106750488","0.9264264106750488","0.9264264106750488","2220","2220","2220"
"110049","2.3774971961975098","2.3774971961975098","2.3774971961975098","2222","2222","2222"
"110099","1.7236549854278564","1.7236549854278564","1.7236549854278564","2223","2223","2223"
"110149","3.2848732471466064","3.2848732471466064","3.2848732471466064","2224","2224","2224"
"110199","2.1994948387145996","2.1994948387145996","2.1994948387145996","2225","2225","2225"
"110249","1.26530122756958","1.26530122756958","1.26530122756958","2226","2226","2226"
"110299","2.235971689224243","2.235971689224243","2.235971689224243","2227","2227","2227"
"110349","1.1406339406967163","1.1406339406967163","1.1406339406967163","2228","2228","2228"
"110399","1.6657387018203735","1.6657387018203735","1.6657387018203735","2229","2229","2229"
"110449","1.1639506816864014","1.1639506816864014","1.1639506816864014","2230","2230","2230"
"110499","3.3817834854125977","3.3817834854125977","3.3817834854125977","2231","2231","2231"
"110549","1.4727529287338257","1.4727529287338257","1.4727529287338257","2232","2232","2232"
"110599","0.6415565013885498","0.6415565013885498","0.6415565013885498","2233","2233","2233"
"110649","0.7835175395011902","0.7835175395011902","0.7835175395011902","2234","2234","2234"
"110699","1.0272189378738403","1.0272189378738403","1.0272189378738403","2235","2235","2235"
"110749","0.9117940664291382","0.9117940664291382","0.9117940664291382","2236","2236","2236"
"110799","4.908235549926758","4.908235549926758","4.908235549926758","2237","2237","2237"
"110849","1.220719337463379","1.220719337463379","1.220719337463379","2238","2238","2238"
"110899","0.9944633841514587","0.9944633841514587","0.9944633841514587","2239","2239","2239"
"110949","5.22661828994751","5.22661828994751","5.22661828994751","2240","2240","2240"
"110999","0.5150676369667053","0.5150676369667053","0.5150676369667053","2241","2241","2241"
"111049","1.6002898216247559","1.6002898216247559","1.6002898216247559","2242","2242","2242"
"111099","0.8004547357559204","0.8004547357559204","0.8004547357559204","2243","2243","2243"
"111149","1.0579400062561035","1.0579400062561035","1.0579400062561035","2244","2244","2244"
"111199","1.6256096363067627","1.6256096363067627","1.6256096363067627","2245","2245","2245"
"111249","0.646461009979248","0.646461009979248","0.646461009979248","2246","2246","2246"
"111299","1.3271147012710571","1.3271147012710571","1.3271147012710571","2247","2247","2247"
"111349","1.5274578332901","1.5274578332901","1.5274578332901","2248","2248","2248"
"111399","1.0176206827163696","1.0176206827163696","1.0176206827163696","2249","2249","2249"
"111449","3.027129888534546","3.027129888534546","3.027129888534546","2250","2250","2250"
"111499","0.6872444748878479","0.6872444748878479","0.6872444748878479","2251","2251","2251"
"111549","0.7823829054832458","0.7823829054832458","0.7823829054832458","2252","2252","2252"
"111599","1.280226707458496","1.280226707458496","1.280226707458496","2253","2253","2253"
"111649","0.6446180939674377","0.6446180939674377","0.6446180939674377","2254","2254","2254"
"111699","2.1362414360046387","2.1362414360046387","2.1362414360046387","2255","2255","2255"
"111749","1.9669147729873657","1.9669147729873657","1.9669147729873657","2256","2256","2256"
"111799","0.7300025820732117","0.7300025820732117","0.7300025820732117","2257","2257","2257"
"111849","0.6686075925827026","0.6686075925827026","0.6686075925827026","2258","2258","2258"
"111899","0.44564056396484375","0.44564056396484375","0.44564056396484375","2259","2259","2259"
"111949","1.4780696630477905","1.4780696630477905","1.4780696630477905","2260","2260","2260"
"111999","1.4773366451263428","1.4773366451263428","1.4773366451263428","2261","2261","2261"
"112049","0.8751659989356995","0.8751659989356995","0.8751659989356995","2262","2262","2262"
"112099","0.6206725835800171","0.6206725835800171","0.6206725835800171","2263","2263","2263"
"112149","0.900875449180603","0.900875449180603","0.900875449180603","2264","2264","2264"
"112199","0.705051839351654","0.705051839351654","0.705051839351654","2265","2265","2265"
"112249","1.0581870079040527","1.0581870079040527","1.0581870079040527","2266","2266","2266"
"112299","0.5091336965560913","0.5091336965560913","0.5091336965560913","2267","2267","2267"
"112349","0.47265520691871643","0.47265520691871643","0.47265520691871643","2268","2268","2268"
"112399","0.9975383281707764","0.9975383281707764","0.9975383281707764","2269","2269","2269"
"112449","1.0285568237304688","1.0285568237304688","1.0285568237304688","2270","2270","2270"
"112499","0.5489116907119751","0.5489116907119751","0.5489116907119751","2271","2271","2271"
"112549","1.0727604627609253","1.0727604627609253","1.0727604627609253","2272","2272","2272"
"112599","2.8350586891174316","2.8350586891174316","2.8350586891174316","2273","2273","2273"
"112649","0.7436256408691406","0.7436256408691406","0.7436256408691406","2274","2274","2274"
"112699","0.8948156833648682","0.8948156833648682","0.8948156833648682","2275","2275","2275"
"112749","0.8635936379432678","0.8635936379432678","0.8635936379432678","2276","2276","2276"
"112799","1.199914813041687","1.199914813041687","1.199914813041687","2277","2277","2277"
"112849","0.8293896317481995","0.8293896317481995","0.8293896317481995","2278","2278","2278"
"112899","1.6190907955169678","1.6190907955169678","1.6190907955169678","2279","2279","2279"
"112949","2.814638614654541","2.814638614654541","2.814638614654541","2280","2280","2280"
"112999","0.7382873296737671","0.7382873296737671","0.7382873296737671","2281","2281","2281"
"113049","1.1282318830490112","1.1282318830490112","1.1282318830490112","2282","2282","2282"
"113099","0.9146556258201599","0.9146556258201599","0.9146556258201599","2283","2283","2283"
"113149","1.5125352144241333","1.5125352144241333","1.5125352144241333","2284","2284","2284"
"113199","1.4701297283172607","1.4701297283172607","1.4701297283172607","2285","2285","2285"
"113249","0.9345091581344604","0.9345091581344604","0.9345091581344604","2286","2286","2286"
"113299","0.927378237247467","0.927378237247467","0.927378237247467","2287","2287","2287"
"113349","1.0475760698318481","1.0475760698318481","1.0475760698318481","2288","2288","2288"
"113399","2.736776828765869","2.736776828765869","2.736776828765869","2289","2289","2289"
"113449","1.081793189048767","1.081793189048767","1.081793189048767","2290","2290","2290"
"113499","0.8609844446182251","0.8609844446182251","0.8609844446182251","2291","2291","2291"
"113549","0.7359020113945007","0.7359020113945007","0.7359020113945007","2292","2292","2292"
"113599","0.5827455520629883","0.5827455520629883","0.5827455520629883","2293","2293","2293"
"113649","0.7535148859024048","0.7535148859024048","0.7535148859024048","2294","2294","2294"
"113699","1.249454140663147","1.249454140663147","1.249454140663147","2295","2295","2295"
"113749","1.3868988752365112","1.3868988752365112","1.3868988752365112","2296","2296","2296"
"113799","0.7600257396697998","0.7600257396697998","0.7600257396697998","2297","2297","2297"
"113849","1.8873940706253052","1.8873940706253052","1.8873940706253052","2298","2298","2298"
"113899","1.1534777879714966","1.1534777879714966","1.1534777879714966","2299","2299","2299"
"113949","1.2895587682724","1.2895587682724","1.2895587682724","2300","2300","2300"
"113999","1.067055106163025","1.067055106163025","1.067055106163025","2301","2301","2301"
"114049","0.9366263747215271","0.9366263747215271","0.9366263747215271","2302","2302","2302"
"114099","1.142835259437561","1.142835259437561","1.142835259437561","2303","2303","2303"
"114149","1.0395857095718384","1.0395857095718384","1.0395857095718384","2304","2304","2304"
"114199","0.8136373162269592","0.8136373162269592","0.8136373162269592","2305","2305","2305"
"114249","0.798808217048645","0.798808217048645","0.798808217048645","2306","2306","2306"
"114299","0.8307422399520874","0.8307422399520874","0.8307422399520874","2307","2307","2307"
"114349","1.696842074394226","1.696842074394226","1.696842074394226","2308","2308","2308"
"114399","1.8239943981170654","1.8239943981170654","1.8239943981170654","2309","2309","2309"
"114449","0.9338964819908142","0.9338964819908142","0.9338964819908142","2310","2310","2310"
"114499","0.9912141561508179","0.9912141561508179","0.9912141561508179","2311","2311","2311"
"114549","1.1025056838989258","1.1025056838989258","1.1025056838989258","2312","2312","2312"
"114599","0.8530461192131042","0.8530461192131042","0.8530461192131042","2313","2313","2313"
"114649","1.8659729957580566","1.8659729957580566","1.8659729957580566","2314","2314","2314"
"114699","1.457675814628601","1.457675814628601","1.457675814628601","2315","2315","2315"
"114749","3.0238285064697266","3.0238285064697266","3.0238285064697266","2316","2316","2316"
"114799","0.8023699522018433","0.8023699522018433","0.8023699522018433","2317","2317","2317"
"114849","1.5219473838806152","1.5219473838806152","1.5219473838806152","2318","2318","2318"
"114899","1.3787562847137451","1.3787562847137451","1.3787562847137451","2319","2319","2319"
"114949","0.8669869303703308","0.8669869303703308","0.8669869303703308","2320","2320","2320"
"114999","2.5063445568084717","2.5063445568084717","2.5063445568084717","2321","2321","2321"
"115049","0.7110447287559509","0.7110447287559509","0.7110447287559509","2323","2323","2323"
"115099","1.4776780605316162","1.4776780605316162","1.4776780605316162","2324","2324","2324"
"115149","1.313478946685791","1.313478946685791","1.313478946685791","2325","2325","2325"
"115199","0.817682683467865","0.817682683467865","0.817682683467865","2326","2326","2326"
"115249","1.7228392362594604","1.7228392362594604","1.7228392362594604","2327","2327","2327"
"115299","1.1499512195587158","1.1499512195587158","1.1499512195587158","2328","2328","2328"
"115349","1.8143597841262817","1.8143597841262817","1.8143597841262817","2329","2329","2329"
"115399","0.8120115995407104","0.8120115995407104","0.8120115995407104","2330","2330","2330"
"115449","1.2203775644302368","1.2203775644302368","1.2203775644302368","2331","2331","2331"
"115499","0.9418584108352661","0.9418584108352661","0.9418584108352661","2332","2332","2332"
"115549","26.560007095336914","26.560007095336914","26.560007095336914","2333","2333","2333"
"115599","3.2455592155456543","3.2455592155456543","3.2455592155456543","2334","2334","2334"
"115649","0.6598362326622009","0.6598362326622009","0.6598362326622009","2335","2335","2335"
"115699","0.634470522403717","0.634470522403717","0.634470522403717","2336","2336","2336"
"115749","0.8265385031700134","0.8265385031700134","0.8265385031700134","2337","2337","2337"
"115799","0.8200462460517883","0.8200462460517883","0.8200462460517883","2338","2338","2338"
"115849","0.6278098821640015","0.6278098821640015","0.6278098821640015","2339","2339","2339"
"115899","0.5988492965698242","0.5988492965698242","0.5988492965698242","2340","2340","2340"
"115949","0.7289973497390747","0.7289973497390747","0.7289973497390747","2341","2341","2341"
"115999","1.0144544839859009","1.0144544839859009","1.0144544839859009","2342","2342","2342"
"116049","3.292020082473755","3.292020082473755","3.292020082473755","2343","2343","2343"
"116099","0.7891508936882019","0.7891508936882019","0.7891508936882019","2344","2344","2344"
"116149","0.8640447854995728","0.8640447854995728","0.8640447854995728","2345","2345","2345"
"116199","2.457144260406494","2.457144260406494","2.457144260406494","2346","2346","2346"
"116249","1.9400787353515625","1.9400787353515625","1.9400787353515625","2347","2347","2347"
"116299","13.587488174438477","13.587488174438477","13.587488174438477","2348","2348","2348"
"116349","0.5231292247772217","0.5231292247772217","0.5231292247772217","2349","2349","2349"
"116399","0.8892164826393127","0.8892164826393127","0.8892164826393127","2350","2350","2350"
"116449","0.9240249395370483","0.9240249395370483","0.9240249395370483","2351","2351","2351"
"116499","0.8585015535354614","0.8585015535354614","0.8585015535354614","2352","2352","2352"
"116549","1.987393856048584","1.987393856048584","1.987393856048584","2353","2353","2353"
"116599","1.1810518503189087","1.1810518503189087","1.1810518503189087","2354","2354","2354"
"116649","1.9188693761825562","1.9188693761825562","1.9188693761825562","2355","2355","2355"
"116699","1.0479707717895508","1.0479707717895508","1.0479707717895508","2356","2356","2356"
"116749","1.0387284755706787","1.0387284755706787","1.0387284755706787","2357","2357","2357"
"116799","0.7613627314567566","0.7613627314567566","0.7613627314567566","2358","2358","2358"
"116849","0.8910170793533325","0.8910170793533325","0.8910170793533325","2359","2359","2359"
"116899","0.729215145111084","0.729215145111084","0.729215145111084","2360","2360","2360"
"116949","0.4180806875228882","0.4180806875228882","0.4180806875228882","2361","2361","2361"
"116999","1.8206686973571777","1.8206686973571777","1.8206686973571777","2362","2362","2362"
"117049","0.8351026773452759","0.8351026773452759","0.8351026773452759","2363","2363","2363"
"117099","0.9843969345092773","0.9843969345092773","0.9843969345092773","2364","2364","2364"
"117149","1.1639623641967773","1.1639623641967773","1.1639623641967773","2365","2365","2365"
"117199","1.8482097387313843","1.8482097387313843","1.8482097387313843","2366","2366","2366"
"117249","1.0488057136535645","1.0488057136535645","1.0488057136535645","2367","2367","2367"
"117299","1.308812141418457","1.308812141418457","1.308812141418457","2368","2368","2368"
"117349","6.3667755126953125","6.3667755126953125","6.3667755126953125","2369","2369","2369"
"117399","14.270753860473633","14.270753860473633","14.270753860473633","2370","2370","2370"
"117449","0.7635432481765747","0.7635432481765747","0.7635432481765747","2371","2371","2371"
"117499","1.3304765224456787","1.3304765224456787","1.3304765224456787","2372","2372","2372"
"117549","0.6770638823509216","0.6770638823509216","0.6770638823509216","2373","2373","2373"
"117599","0.7849879264831543","0.7849879264831543","0.7849879264831543","2374","2374","2374"
"117649","0.7265095710754395","0.7265095710754395","0.7265095710754395","2375","2375","2375"
"117699","0.6335439085960388","0.6335439085960388","0.6335439085960388","2376","2376","2376"
"117749","0.7013199329376221","0.7013199329376221","0.7013199329376221","2377","2377","2377"
"117799","1.123900294303894","1.123900294303894","1.123900294303894","2378","2378","2378"
"117849","0.7332359552383423","0.7332359552383423","0.7332359552383423","2379","2379","2379"
"117899","0.9441521763801575","0.9441521763801575","0.9441521763801575","2380","2380","2380"
"117949","0.9833115339279175","0.9833115339279175","0.9833115339279175","2381","2381","2381"
"117999","0.6448204517364502","0.6448204517364502","0.6448204517364502","2382","2382","2382"
"118049","1.0087578296661377","1.0087578296661377","1.0087578296661377","2383","2383","2383"
"118099","0.6103397607803345","0.6103397607803345","0.6103397607803345","2384","2384","2384"
"118149","1.2709306478500366","1.2709306478500366","1.2709306478500366","2385","2385","2385"
"118199","0.9047425985336304","0.9047425985336304","0.9047425985336304","2386","2386","2386"
"118249","1.7790088653564453","1.7790088653564453","1.7790088653564453","2387","2387","2387"
"118299","0.8525311350822449","0.8525311350822449","0.8525311350822449","2388","2388","2388"
"118349","0.7512032389640808","0.7512032389640808","0.7512032389640808","2389","2389","2389"
"118399","2.179060459136963","2.179060459136963","2.179060459136963","2390","2390","2390"
"118449","1.607426643371582","1.607426643371582","1.607426643371582","2391","2391","2391"
"118499","1.0515538454055786","1.0515538454055786","1.0515538454055786","2392","2392","2392"
"118549","0.6385606527328491","0.6385606527328491","0.6385606527328491","2393","2393","2393"
"118599","0.8783985376358032","0.8783985376358032","0.8783985376358032","2394","2394","2394"
"118649","0.9315890073776245","0.9315890073776245","0.9315890073776245","2395","2395","2395"
"118699","1.0795049667358398","1.0795049667358398","1.0795049667358398","2396","2396","2396"
"118749","0.5774478912353516","0.5774478912353516","0.5774478912353516","2397","2397","2397"
"118799","1.949210286140442","1.949210286140442","1.949210286140442","2398","2398","2398"
"118849","0.8328022360801697","0.8328022360801697","0.8328022360801697","2399","2399","2399"
"118899","2.5513010025024414","2.5513010025024414","2.5513010025024414","2400","2400","2400"
"118949","1.4867136478424072","1.4867136478424072","1.4867136478424072","2401","2401","2401"
"118999","23.633567810058594","23.633567810058594","23.633567810058594","2402","2402","2402"
"119049","2.125145673751831","2.125145673751831","2.125145673751831","2403","2403","2403"
"119099","0.5738423466682434","0.5738423466682434","0.5738423466682434","2404","2404","2404"
"119149","0.5741130113601685","0.5741130113601685","0.5741130113601685","2405","2405","2405"
"119199","0.6865187883377075","0.6865187883377075","0.6865187883377075","2406","2406","2406"
"119249","0.6359582543373108","0.6359582543373108","0.6359582543373108","2407","2407","2407"
"119299","1.5034939050674438","1.5034939050674438","1.5034939050674438","2408","2408","2408"
"119349","0.5486907362937927","0.5486907362937927","0.5486907362937927","2409","2409","2409"
"119399","2.4218590259552","2.4218590259552","2.4218590259552","2410","2410","2410"
"119449","1.4261130094528198","1.4261130094528198","1.4261130094528198","2411","2411","2411"
"119499","1.0703929662704468","1.0703929662704468","1.0703929662704468","2412","2412","2412"
"119549","0.7576392292976379","0.7576392292976379","0.7576392292976379","2413","2413","2413"
"119599","1.258877158164978","1.258877158164978","1.258877158164978","2414","2414","2414"
"119649","1.2832820415496826","1.2832820415496826","1.2832820415496826","2415","2415","2415"
"119699","0.6661247611045837","0.6661247611045837","0.6661247611045837","2416","2416","2416"
"119749","1.8492460250854492","1.8492460250854492","1.8492460250854492","2417","2417","2417"
"119799","0.542681872844696","0.542681872844696","0.542681872844696","2418","2418","2418"
"119849","0.7320154309272766","0.7320154309272766","0.7320154309272766","2419","2419","2419"
"119899","0.6119517087936401","0.6119517087936401","0.6119517087936401","2420","2420","2420"
"119949","0.7004364132881165","0.7004364132881165","0.7004364132881165","2421","2421","2421"
"119999","3.9768736362457275","3.9768736362457275","3.9768736362457275","2422","2422","2422"
"120049","0.598059356212616","0.598059356212616","0.598059356212616","2424","2424","2424"
"120099","0.9028363823890686","0.9028363823890686","0.9028363823890686","2425","2425","2425"
"120149","0.8294276595115662","0.8294276595115662","0.8294276595115662","2426","2426","2426"
"120199","0.9250174760818481","0.9250174760818481","0.9250174760818481","2427","2427","2427"
"120249","0.6570107340812683","0.6570107340812683","0.6570107340812683","2428","2428","2428"
"120299","1.0696332454681396","1.0696332454681396","1.0696332454681396","2429","2429","2429"
"120349","0.7329928874969482","0.7329928874969482","0.7329928874969482","2430","2430","2430"
"120399","1.8173577785491943","1.8173577785491943","1.8173577785491943","2431","2431","2431"
"120449","1.0888999700546265","1.0888999700546265","1.0888999700546265","2432","2432","2432"
"120499","0.8599797487258911","0.8599797487258911","0.8599797487258911","2433","2433","2433"
"120549","8.682455062866211","8.682455062866211","8.682455062866211","2434","2434","2434"
"120599","0.7133888602256775","0.7133888602256775","0.7133888602256775","2435","2435","2435"
"120649","3.273827314376831","3.273827314376831","3.273827314376831","2436","2436","2436"
"120699","2.0790510177612305","2.0790510177612305","2.0790510177612305","2437","2437","2437"
"120749","0.585829496383667","0.585829496383667","0.585829496383667","2438","2438","2438"
"120799","2.1395652294158936","2.1395652294158936","2.1395652294158936","2439","2439","2439"
"120849","0.6260867118835449","0.6260867118835449","0.6260867118835449","2440","2440","2440"
"120899","0.7225806713104248","0.7225806713104248","0.7225806713104248","2441","2441","2441"
"120949","0.8557081818580627","0.8557081818580627","0.8557081818580627","2442","2442","2442"
"120999","0.8863345980644226","0.8863345980644226","0.8863345980644226","2443","2443","2443"
"121049","2.5892210006713867","2.5892210006713867","2.5892210006713867","2444","2444","2444"
"121099","0.8398455381393433","0.8398455381393433","0.8398455381393433","2445","2445","2445"
"121149","1.2878528833389282","1.2878528833389282","1.2878528833389282","2446","2446","2446"
"121199","0.7972169518470764","0.7972169518470764","0.7972169518470764","2447","2447","2447"
"121249","0.9251247644424438","0.9251247644424438","0.9251247644424438","2448","2448","2448"
"121299","1.062591552734375","1.062591552734375","1.062591552734375","2449","2449","2449"
"121349","3.394482374191284","3.394482374191284","3.394482374191284","2450","2450","2450"
"121399","1.037376046180725","1.037376046180725","1.037376046180725","2451","2451","2451"
"121449","1.4925537109375","1.4925537109375","1.4925537109375","2452","2452","2452"
"121499","1.6380553245544434","1.6380553245544434","1.6380553245544434","2453","2453","2453"
"121549","2.983781576156616","2.983781576156616","2.983781576156616","2454","2454","2454"
"121599","1.3178479671478271","1.3178479671478271","1.3178479671478271","2455","2455","2455"
"121649","0.7412121295928955","0.7412121295928955","0.7412121295928955","2456","2456","2456"
"121699","1.1984195709228516","1.1984195709228516","1.1984195709228516","2457","2457","2457"
"121749","1.0270720720291138","1.0270720720291138","1.0270720720291138","2458","2458","2458"
"121799","7.206178188323975","7.206178188323975","7.206178188323975","2459","2459","2459"
"121849","1.174599289894104","1.174599289894104","1.174599289894104","2460","2460","2460"
"121899","1.1936652660369873","1.1936652660369873","1.1936652660369873","2461","2461","2461"
"121949","0.8474400639533997","0.8474400639533997","0.8474400639533997","2462","2462","2462"
"121999","0.8689097166061401","0.8689097166061401","0.8689097166061401","2463","2463","2463"
"122049","0.8089190125465393","0.8089190125465393","0.8089190125465393","2464","2464","2464"
"122099","1.6853398084640503","1.6853398084640503","1.6853398084640503","2465","2465","2465"
"122149","1.6993746757507324","1.6993746757507324","1.6993746757507324","2466","2466","2466"
"122199","0.8751432299613953","0.8751432299613953","0.8751432299613953","2467","2467","2467"
"122249","1.1353003978729248","1.1353003978729248","1.1353003978729248","2468","2468","2468"
"122299","0.8165110349655151","0.8165110349655151","0.8165110349655151","2469","2469","2469"
"122349","1.4591848850250244","1.4591848850250244","1.4591848850250244","2470","2470","2470"
"122399","1.0637425184249878","1.0637425184249878","1.0637425184249878","2471","2471","2471"