"trainer/global_step","pixeldit_rr_kee100_150kimgs_pairsum_dense_signed_gain05_repa_200k_2gpu - swap_reconstruction_loss","pixeldit_rr_kee100_150kimgs_pairsum_dense_signed_gain05_repa_200k_2gpu - swap_reconstruction_loss__MIN","pixeldit_rr_kee100_150kimgs_pairsum_dense_signed_gain05_repa_200k_2gpu - swap_reconstruction_loss__MAX","pixeldit_rr_kee100_150kimgs_pairsum_dense_signed_gain05_repa_200k_2gpu - _step","pixeldit_rr_kee100_150kimgs_pairsum_dense_signed_gain05_repa_200k_2gpu - _step__MIN","pixeldit_rr_kee100_150kimgs_pairsum_dense_signed_gain05_repa_200k_2gpu - _step__MAX"
"49","0.2858907878398895","0.2858907878398895","0.2858907878398895","0","0","0"
"99","0.11617754399776459","0.11617754399776459","0.11617754399776459","1","1","1"
"149","0.14270178973674774","0.14270178973674774","0.14270178973674774","2","2","2"
"199","0.14228710532188416","0.14228710532188416","0.14228710532188416","3","3","3"
"249","0.1130533218383789","0.1130533218383789","0.1130533218383789","4","4","4"
"299","0.09652233123779297","0.09652233123779297","0.09652233123779297","5","5","5"
"349","0.12522242963314056","0.12522242963314056","0.12522242963314056","6","6","6"
"399","0.22648854553699493","0.22648854553699493","0.22648854553699493","7","7","7"
"449","0.1754571497440338","0.1754571497440338","0.1754571497440338","8","8","8"
"499","0.10481976717710495","0.10481976717710495","0.10481976717710495","9","9","9"
"549","0.16247418522834778","0.16247418522834778","0.16247418522834778","10","10","10"
"599","0.2028018981218338","0.2028018981218338","0.2028018981218338","11","11","11"
"649","0.17563636600971222","0.17563636600971222","0.17563636600971222","12","12","12"
"699","0.07822269201278687","0.07822269201278687","0.07822269201278687","13","13","13"
"749","0.11777118593454361","0.11777118593454361","0.11777118593454361","14","14","14"
"799","0.17976312339305878","0.17976312339305878","0.17976312339305878","15","15","15"
"849","0.13706158101558685","0.13706158101558685","0.13706158101558685","16","16","16"
"899","0.17213471233844757","0.17213471233844757","0.17213471233844757","17","17","17"
"949","0.17985905706882477","0.17985905706882477","0.17985905706882477","18","18","18"
"999","0.1484803855419159","0.1484803855419159","0.1484803855419159","19","19","19"
"1049","0.09392005205154419","0.09392005205154419","0.09392005205154419","20","20","20"
"1099","0.11775127053260803","0.11775127053260803","0.11775127053260803","21","21","21"
"1149","0.10125241428613663","0.10125241428613663","0.10125241428613663","22","22","22"
"1199","0.1569291055202484","0.1569291055202484","0.1569291055202484","23","23","23"
"1249","0.21927706897258759","0.21927706897258759","0.21927706897258759","24","24","24"
"1299","0.10254216939210892","0.10254216939210892","0.10254216939210892","25","25","25"
"1349","0.17010173201560974","0.17010173201560974","0.17010173201560974","26","26","26"
"1399","0.18466967344284058","0.18466967344284058","0.18466967344284058","27","27","27"
"1449","0.2037552446126938","0.2037552446126938","0.2037552446126938","28","28","28"
"1499","0.14152801036834717","0.14152801036834717","0.14152801036834717","29","29","29"
"1549","0.09904962033033371","0.09904962033033371","0.09904962033033371","30","30","30"
"1599","0.1299135982990265","0.1299135982990265","0.1299135982990265","31","31","31"
"1649","0.08027289062738419","0.08027289062738419","0.08027289062738419","32","32","32"
"1699","0.14200566709041595","0.14200566709041595","0.14200566709041595","33","33","33"
"1749","0.12357479333877563","0.12357479333877563","0.12357479333877563","34","34","34"
"1799","0.08416680991649628","0.08416680991649628","0.08416680991649628","35","35","35"
"1849","0.10866860300302505","0.10866860300302505","0.10866860300302505","36","36","36"
"1899","0.12546826899051666","0.12546826899051666","0.12546826899051666","37","37","37"
"1949","0.1302328258752823","0.1302328258752823","0.1302328258752823","38","38","38"
"1999","0.21682077646255493","0.21682077646255493","0.21682077646255493","39","39","39"
"2049","0.19985578954219818","0.19985578954219818","0.19985578954219818","40","40","40"
"2099","0.17248351871967316","0.17248351871967316","0.17248351871967316","41","41","41"
"2149","0.22897806763648987","0.22897806763648987","0.22897806763648987","42","42","42"
"2199","0.172917902469635","0.172917902469635","0.172917902469635","43","43","43"
"2249","0.08001311868429184","0.08001311868429184","0.08001311868429184","44","44","44"
"2299","0.14601506292819977","0.14601506292819977","0.14601506292819977","45","45","45"
"2349","0.0934620350599289","0.0934620350599289","0.0934620350599289","46","46","46"
"2399","0.15701992809772491","0.15701992809772491","0.15701992809772491","47","47","47"
"2449","0.0816958025097847","0.0816958025097847","0.0816958025097847","48","48","48"
"2499","0.16683508455753326","0.16683508455753326","0.16683508455753326","49","49","49"
"2549","0.13477523624897003","0.13477523624897003","0.13477523624897003","50","50","50"
"2599","0.127079039812088","0.127079039812088","0.127079039812088","51","51","51"
"2649","0.10257568955421448","0.10257568955421448","0.10257568955421448","52","52","52"
"2699","0.2575637698173523","0.2575637698173523","0.2575637698173523","53","53","53"
"2749","0.06057959794998169","0.06057959794998169","0.06057959794998169","54","54","54"
"2799","0.15024510025978088","0.15024510025978088","0.15024510025978088","55","55","55"
"2849","0.14083179831504822","0.14083179831504822","0.14083179831504822","56","56","56"
"2899","0.12415710836648941","0.12415710836648941","0.12415710836648941","57","57","57"
"2949","0.1485188603401184","0.1485188603401184","0.1485188603401184","58","58","58"
"2999","0.09882457554340363","0.09882457554340363","0.09882457554340363","59","59","59"
"3049","0.14589111506938934","0.14589111506938934","0.14589111506938934","60","60","60"
"3099","0.22662152349948883","0.22662152349948883","0.22662152349948883","61","61","61"
"3149","0.1567876785993576","0.1567876785993576","0.1567876785993576","62","62","62"
"3199","0.1618209034204483","0.1618209034204483","0.1618209034204483","63","63","63"
"3249","0.1433742195367813","0.1433742195367813","0.1433742195367813","64","64","64"
"3299","0.10039933770895004","0.10039933770895004","0.10039933770895004","65","65","65"
"3349","0.1368250548839569","0.1368250548839569","0.1368250548839569","66","66","66"
"3399","0.05922786518931389","0.05922786518931389","0.05922786518931389","67","67","67"
"3449","0.07107492536306381","0.07107492536306381","0.07107492536306381","68","68","68"
"3499","0.10889862477779388","0.10889862477779388","0.10889862477779388","69","69","69"
"3549","0.12450940907001495","0.12450940907001495","0.12450940907001495","70","70","70"
"3599","0.12078820168972015","0.12078820168972015","0.12078820168972015","71","71","71"
"3649","0.18266455829143524","0.18266455829143524","0.18266455829143524","72","72","72"
"3699","0.14355283975601196","0.14355283975601196","0.14355283975601196","73","73","73"
"3749","0.11007480323314667","0.11007480323314667","0.11007480323314667","74","74","74"
"3799","0.18732507526874542","0.18732507526874542","0.18732507526874542","75","75","75"
"3849","0.07329175621271133","0.07329175621271133","0.07329175621271133","76","76","76"
"3899","0.18402758240699768","0.18402758240699768","0.18402758240699768","77","77","77"
"3949","0.08340629190206528","0.08340629190206528","0.08340629190206528","78","78","78"
"3999","0.1324368119239807","0.1324368119239807","0.1324368119239807","79","79","79"
"4049","0.19758862257003784","0.19758862257003784","0.19758862257003784","80","80","80"
"4099","0.10483616590499878","0.10483616590499878","0.10483616590499878","81","81","81"
"4149","0.13807007670402527","0.13807007670402527","0.13807007670402527","82","82","82"
"4199","0.08260227739810944","0.08260227739810944","0.08260227739810944","83","83","83"
"4249","0.08188566565513611","0.08188566565513611","0.08188566565513611","84","84","84"
"4299","0.12442809343338013","0.12442809343338013","0.12442809343338013","85","85","85"
"4349","0.1279580146074295","0.1279580146074295","0.1279580146074295","86","86","86"
"4399","0.10535304993391037","0.10535304993391037","0.10535304993391037","87","87","87"
"4449","0.15784083306789398","0.15784083306789398","0.15784083306789398","88","88","88"
"4499","0.13164404034614563","0.13164404034614563","0.13164404034614563","89","89","89"
"4549","0.08737226575613022","0.08737226575613022","0.08737226575613022","90","90","90"
"4599","0.12767523527145386","0.12767523527145386","0.12767523527145386","91","91","91"
"4649","0.09995339065790176","0.09995339065790176","0.09995339065790176","92","92","92"
"4699","0.06531484425067902","0.06531484425067902","0.06531484425067902","93","93","93"
"4749","0.17349784076213837","0.17349784076213837","0.17349784076213837","94","94","94"
"4799","0.09456562250852585","0.09456562250852585","0.09456562250852585","95","95","95"
"4849","0.13761235773563385","0.13761235773563385","0.13761235773563385","96","96","96"
"4899","0.04657244682312012","0.04657244682312012","0.04657244682312012","97","97","97"
"4949","0.1030828133225441","0.1030828133225441","0.1030828133225441","98","98","98"
"4999","0.07381263375282288","0.07381263375282288","0.07381263375282288","99","99","99"
"5049","0.17887817323207855","0.17887817323207855","0.17887817323207855","101","101","101"
"5099","0.12573683261871338","0.12573683261871338","0.12573683261871338","102","102","102"
"5149","0.06442378461360931","0.06442378461360931","0.06442378461360931","103","103","103"
"5199","0.08072646707296371","0.08072646707296371","0.08072646707296371","104","104","104"
"5249","0.07606429606676102","0.07606429606676102","0.07606429606676102","105","105","105"
"5299","0.0952831506729126","0.0952831506729126","0.0952831506729126","106","106","106"
"5349","0.12997856736183167","0.12997856736183167","0.12997856736183167","107","107","107"
"5399","0.10051626712083817","0.10051626712083817","0.10051626712083817","108","108","108"
"5449","0.07213040441274643","0.07213040441274643","0.07213040441274643","109","109","109"
"5499","0.13817721605300903","0.13817721605300903","0.13817721605300903","110","110","110"
"5549","0.1136963963508606","0.1136963963508606","0.1136963963508606","111","111","111"
"5599","0.1152905523777008","0.1152905523777008","0.1152905523777008","112","112","112"
"5649","0.14185039699077606","0.14185039699077606","0.14185039699077606","113","113","113"
"5699","0.13383513689041138","0.13383513689041138","0.13383513689041138","114","114","114"
"5749","0.05565189570188522","0.05565189570188522","0.05565189570188522","115","115","115"
"5799","0.07400751113891602","0.07400751113891602","0.07400751113891602","116","116","116"
"5849","0.07407689839601517","0.07407689839601517","0.07407689839601517","117","117","117"
"5899","0.13314783573150635","0.13314783573150635","0.13314783573150635","118","118","118"
"5949","0.036718711256980896","0.036718711256980896","0.036718711256980896","119","119","119"
"5999","0.07057100534439087","0.07057100534439087","0.07057100534439087","120","120","120"
"6049","0.0732281282544136","0.0732281282544136","0.0732281282544136","121","121","121"
"6099","0.09428132325410843","0.09428132325410843","0.09428132325410843","122","122","122"
"6149","0.06845392286777496","0.06845392286777496","0.06845392286777496","123","123","123"
"6199","0.0934658944606781","0.0934658944606781","0.0934658944606781","124","124","124"
"6249","0.13994194567203522","0.13994194567203522","0.13994194567203522","125","125","125"
"6299","0.06270690262317657","0.06270690262317657","0.06270690262317657","126","126","126"
"6349","0.16769112646579742","0.16769112646579742","0.16769112646579742","127","127","127"
"6399","0.057379864156246185","0.057379864156246185","0.057379864156246185","128","128","128"
"6449","0.08815005421638489","0.08815005421638489","0.08815005421638489","129","129","129"
"6499","0.08240650594234467","0.08240650594234467","0.08240650594234467","130","130","130"
"6549","0.07868262380361557","0.07868262380361557","0.07868262380361557","131","131","131"
"6599","0.057123031467199326","0.057123031467199326","0.057123031467199326","132","132","132"
"6649","0.12764118611812592","0.12764118611812592","0.12764118611812592","133","133","133"
"6699","0.13503314554691315","0.13503314554691315","0.13503314554691315","134","134","134"
"6749","0.05919496342539787","0.05919496342539787","0.05919496342539787","135","135","135"
"6799","0.18893826007843018","0.18893826007843018","0.18893826007843018","136","136","136"
"6849","0.07968787848949432","0.07968787848949432","0.07968787848949432","137","137","137"
"6899","0.049284812062978745","0.049284812062978745","0.049284812062978745","138","138","138"
"6949","0.10071224719285965","0.10071224719285965","0.10071224719285965","139","139","139"
"6999","0.08895884454250336","0.08895884454250336","0.08895884454250336","140","140","140"
"7049","0.06694864481687546","0.06694864481687546","0.06694864481687546","141","141","141"
"7099","0.06591199338436127","0.06591199338436127","0.06591199338436127","142","142","142"
"7149","0.09364008158445358","0.09364008158445358","0.09364008158445358","143","143","143"
"7199","0.062293436378240585","0.062293436378240585","0.062293436378240585","144","144","144"
"7249","0.04790234565734863","0.04790234565734863","0.04790234565734863","145","145","145"
"7299","0.0636521577835083","0.0636521577835083","0.0636521577835083","146","146","146"
"7349","0.04283987358212471","0.04283987358212471","0.04283987358212471","147","147","147"
"7399","0.08582764863967896","0.08582764863967896","0.08582764863967896","148","148","148"
"7449","0.16816101968288422","0.16816101968288422","0.16816101968288422","149","149","149"
"7499","0.059378448873758316","0.059378448873758316","0.059378448873758316","150","150","150"
"7549","0.12888485193252563","0.12888485193252563","0.12888485193252563","151","151","151"
"7599","0.06806960701942444","0.06806960701942444","0.06806960701942444","152","152","152"
"7649","0.1760258972644806","0.1760258972644806","0.1760258972644806","153","153","153"
"7699","0.058015964925289154","0.058015964925289154","0.058015964925289154","154","154","154"
"7749","0.09218840301036835","0.09218840301036835","0.09218840301036835","155","155","155"
"7799","0.038069337606430054","0.038069337606430054","0.038069337606430054","156","156","156"
"7849","0.10820885747671127","0.10820885747671127","0.10820885747671127","157","157","157"
"7899","0.04774913936853409","0.04774913936853409","0.04774913936853409","158","158","158"
"7949","0.051457468420267105","0.051457468420267105","0.051457468420267105","159","159","159"
"7999","0.17752139270305634","0.17752139270305634","0.17752139270305634","160","160","160"
"8049","0.0912773534655571","0.0912773534655571","0.0912773534655571","161","161","161"
"8099","0.11042637377977371","0.11042637377977371","0.11042637377977371","162","162","162"
"8149","0.04037337750196457","0.04037337750196457","0.04037337750196457","163","163","163"
"8199","0.07073738425970078","0.07073738425970078","0.07073738425970078","164","164","164"
"8249","0.07178478688001633","0.07178478688001633","0.07178478688001633","165","165","165"
"8299","0.048521652817726135","0.048521652817726135","0.048521652817726135","166","166","166"
"8349","0.06145642325282097","0.06145642325282097","0.06145642325282097","167","167","167"
"8399","0.11132913827896118","0.11132913827896118","0.11132913827896118","168","168","168"
"8449","0.06303959339857101","0.06303959339857101","0.06303959339857101","169","169","169"
"8499","0.10201895982027054","0.10201895982027054","0.10201895982027054","170","170","170"
"8549","0.059766389429569244","0.059766389429569244","0.059766389429569244","171","171","171"
"8599","0.11430306732654572","0.11430306732654572","0.11430306732654572","172","172","172"
"8649","0.05801749229431152","0.05801749229431152","0.05801749229431152","173","173","173"
"8699","0.07901223003864288","0.07901223003864288","0.07901223003864288","174","174","174"
"8749","0.06326937675476074","0.06326937675476074","0.06326937675476074","175","175","175"
"8799","0.0705219954252243","0.0705219954252243","0.0705219954252243","176","176","176"
"8849","0.07698503881692886","0.07698503881692886","0.07698503881692886","177","177","177"
"8899","0.05993036553263664","0.05993036553263664","0.05993036553263664","178","178","178"
"8949","0.10711971670389175","0.10711971670389175","0.10711971670389175","179","179","179"
"8999","0.06942000240087509","0.06942000240087509","0.06942000240087509","180","180","180"
"9049","0.16286662220954895","0.16286662220954895","0.16286662220954895","181","181","181"
"9099","0.0868016704916954","0.0868016704916954","0.0868016704916954","182","182","182"
"9149","0.06723080575466156","0.06723080575466156","0.06723080575466156","183","183","183"
"9199","0.07435736805200577","0.07435736805200577","0.07435736805200577","184","184","184"
"9249","0.053753405809402466","0.053753405809402466","0.053753405809402466","185","185","185"
"9299","0.04318990185856819","0.04318990185856819","0.04318990185856819","186","186","186"
"9349","0.05605895444750786","0.05605895444750786","0.05605895444750786","187","187","187"
"9399","0.025578714907169342","0.025578714907169342","0.025578714907169342","188","188","188"
"9449","0.06973966211080551","0.06973966211080551","0.06973966211080551","189","189","189"
"9499","0.12910230457782745","0.12910230457782745","0.12910230457782745","190","190","190"
"9549","0.05100998654961586","0.05100998654961586","0.05100998654961586","191","191","191"
"9599","0.04522891715168953","0.04522891715168953","0.04522891715168953","192","192","192"
"9649","0.06059234216809273","0.06059234216809273","0.06059234216809273","193","193","193"
"9699","0.12297332286834717","0.12297332286834717","0.12297332286834717","194","194","194"
"9749","0.10285811126232147","0.10285811126232147","0.10285811126232147","195","195","195"
"9799","0.025838514789938927","0.025838514789938927","0.025838514789938927","196","196","196"
"9849","0.06589791923761368","0.06589791923761368","0.06589791923761368","197","197","197"
"9899","0.10158681869506836","0.10158681869506836","0.10158681869506836","198","198","198"
"9949","0.06971373409032822","0.06971373409032822","0.06971373409032822","199","199","199"
"9999","0.08976946771144867","0.08976946771144867","0.08976946771144867","200","200","200"
"10049","0.0745803490281105","0.0745803490281105","0.0745803490281105","202","202","202"
"10099","0.08281952142715454","0.08281952142715454","0.08281952142715454","203","203","203"
"10149","0.07313449680805206","0.07313449680805206","0.07313449680805206","204","204","204"
"10199","0.07311080396175385","0.07311080396175385","0.07311080396175385","205","205","205"
"10249","0.05326955020427704","0.05326955020427704","0.05326955020427704","206","206","206"
"10299","0.08578186482191086","0.08578186482191086","0.08578186482191086","207","207","207"
"10349","0.09908056259155273","0.09908056259155273","0.09908056259155273","208","208","208"
"10399","0.0766972228884697","0.0766972228884697","0.0766972228884697","209","209","209"
"10449","0.07805467396974564","0.07805467396974564","0.07805467396974564","210","210","210"
"10499","0.051326725631952286","0.051326725631952286","0.051326725631952286","211","211","211"
"10549","0.05710262805223465","0.05710262805223465","0.05710262805223465","212","212","212"
"10599","0.10594099760055542","0.10594099760055542","0.10594099760055542","213","213","213"
"10649","0.05894572287797928","0.05894572287797928","0.05894572287797928","214","214","214"
"10699","0.08447979390621185","0.08447979390621185","0.08447979390621185","215","215","215"
"10749","0.06234854459762573","0.06234854459762573","0.06234854459762573","216","216","216"
"10799","0.1408282071352005","0.1408282071352005","0.1408282071352005","217","217","217"
"10849","0.06015517935156822","0.06015517935156822","0.06015517935156822","218","218","218"
"10899","0.1354767084121704","0.1354767084121704","0.1354767084121704","219","219","219"
"10949","0.07789136469364166","0.07789136469364166","0.07789136469364166","220","220","220"
"10999","0.02591150440275669","0.02591150440275669","0.02591150440275669","221","221","221"
"11049","0.058656737208366394","0.058656737208366394","0.058656737208366394","222","222","222"
"11099","0.08763495087623596","0.08763495087623596","0.08763495087623596","223","223","223"
"11149","0.06429978460073471","0.06429978460073471","0.06429978460073471","224","224","224"
"11199","0.09767265617847443","0.09767265617847443","0.09767265617847443","225","225","225"
"11249","0.08919630944728851","0.08919630944728851","0.08919630944728851","226","226","226"
"11299","0.08053751289844513","0.08053751289844513","0.08053751289844513","227","227","227"
"11349","0.0744338110089302","0.0744338110089302","0.0744338110089302","228","228","228"
"11399","0.04326710104942322","0.04326710104942322","0.04326710104942322","229","229","229"
"11449","0.06019158661365509","0.06019158661365509","0.06019158661365509","230","230","230"
"11499","0.10747309029102325","0.10747309029102325","0.10747309029102325","231","231","231"
"11549","0.08345141261816025","0.08345141261816025","0.08345141261816025","232","232","232"
"11599","0.06026386469602585","0.06026386469602585","0.06026386469602585","233","233","233"
"11649","0.06191062554717064","0.06191062554717064","0.06191062554717064","234","234","234"
"11699","0.0448867492377758","0.0448867492377758","0.0448867492377758","235","235","235"
"11749","0.10116208344697952","0.10116208344697952","0.10116208344697952","236","236","236"
"11799","0.06351488828659058","0.06351488828659058","0.06351488828659058","237","237","237"
"11849","0.05919993296265602","0.05919993296265602","0.05919993296265602","238","238","238"
"11899","0.07947562634944916","0.07947562634944916","0.07947562634944916","239","239","239"
"11949","0.06489714235067368","0.06489714235067368","0.06489714235067368","240","240","240"
"11999","0.032278962433338165","0.032278962433338165","0.032278962433338165","241","241","241"
"12049","0.07531332224607468","0.07531332224607468","0.07531332224607468","242","242","242"
"12099","0.07356546819210052","0.07356546819210052","0.07356546819210052","243","243","243"
"12149","0.06068633124232292","0.06068633124232292","0.06068633124232292","244","244","244"
"12199","0.06844063848257065","0.06844063848257065","0.06844063848257065","245","245","245"
"12249","0.031393785029649734","0.031393785029649734","0.031393785029649734","246","246","246"
"12299","0.08338508009910583","0.08338508009910583","0.08338508009910583","247","247","247"
"12349","0.035382408648729324","0.035382408648729324","0.035382408648729324","248","248","248"
"12399","0.04747948795557022","0.04747948795557022","0.04747948795557022","249","249","249"
"12449","0.050320740789175034","0.050320740789175034","0.050320740789175034","250","250","250"
"12499","0.16511836647987366","0.16511836647987366","0.16511836647987366","251","251","251"
"12549","0.06395578384399414","0.06395578384399414","0.06395578384399414","252","252","252"
"12599","0.11995825916528702","0.11995825916528702","0.11995825916528702","253","253","253"
"12649","0.10462459176778793","0.10462459176778793","0.10462459176778793","254","254","254"
"12699","0.06496456265449524","0.06496456265449524","0.06496456265449524","255","255","255"
"12749","0.03689022734761238","0.03689022734761238","0.03689022734761238","256","256","256"
"12799","0.03578125685453415","0.03578125685453415","0.03578125685453415","257","257","257"
"12849","0.1076134592294693","0.1076134592294693","0.1076134592294693","258","258","258"
"12899","0.053377486765384674","0.053377486765384674","0.053377486765384674","259","259","259"
"12949","0.08405565470457077","0.08405565470457077","0.08405565470457077","260","260","260"
"12999","0.03556618094444275","0.03556618094444275","0.03556618094444275","261","261","261"
"13049","0.07940850406885147","0.07940850406885147","0.07940850406885147","262","262","262"
"13099","0.03710123896598816","0.03710123896598816","0.03710123896598816","263","263","263"
"13149","0.10733432322740555","0.10733432322740555","0.10733432322740555","264","264","264"
"13199","0.06947504729032516","0.06947504729032516","0.06947504729032516","265","265","265"
"13249","0.2515001893043518","0.2515001893043518","0.2515001893043518","266","266","266"
"13299","0.12067530304193497","0.12067530304193497","0.12067530304193497","267","267","267"
"13349","0.0447499118745327","0.0447499118745327","0.0447499118745327","268","268","268"
"13399","0.07789263874292374","0.07789263874292374","0.07789263874292374","269","269","269"
"13449","0.05598600581288338","0.05598600581288338","0.05598600581288338","270","270","270"
"13499","0.07973688840866089","0.07973688840866089","0.07973688840866089","271","271","271"
"13549","0.051377397030591965","0.051377397030591965","0.051377397030591965","272","272","272"
"13599","0.05705950781702995","0.05705950781702995","0.05705950781702995","273","273","273"
"13649","0.07281994074583054","0.07281994074583054","0.07281994074583054","274","274","274"
"13699","0.0896608829498291","0.0896608829498291","0.0896608829498291","275","275","275"
"13749","0.04768327623605728","0.04768327623605728","0.04768327623605728","276","276","276"
"13799","0.07303006947040558","0.07303006947040558","0.07303006947040558","277","277","277"
"13849","0.06777041405439377","0.06777041405439377","0.06777041405439377","278","278","278"
"13899","0.1449664980173111","0.1449664980173111","0.1449664980173111","279","279","279"
"13949","0.07836861163377762","0.07836861163377762","0.07836861163377762","280","280","280"
"13999","0.07096533477306366","0.07096533477306366","0.07096533477306366","281","281","281"
"14049","0.1270630657672882","0.1270630657672882","0.1270630657672882","282","282","282"
"14099","0.06258542090654373","0.06258542090654373","0.06258542090654373","283","283","283"
"14149","0.04005637764930725","0.04005637764930725","0.04005637764930725","284","284","284"
"14199","0.0795290544629097","0.0795290544629097","0.0795290544629097","285","285","285"
"14249","0.08983524888753891","0.08983524888753891","0.08983524888753891","286","286","286"
"14299","0.15175224840641022","0.15175224840641022","0.15175224840641022","287","287","287"
"14349","0.061885301023721695","0.061885301023721695","0.061885301023721695","288","288","288"
"14399","0.049518559128046036","0.049518559128046036","0.049518559128046036","289","289","289"
"14449","0.10493172705173492","0.10493172705173492","0.10493172705173492","290","290","290"
"14499","0.03618127852678299","0.03618127852678299","0.03618127852678299","291","291","291"
"14549","0.04705408215522766","0.04705408215522766","0.04705408215522766","292","292","292"
"14599","0.08894234895706177","0.08894234895706177","0.08894234895706177","293","293","293"
"14649","0.04462285712361336","0.04462285712361336","0.04462285712361336","294","294","294"
"14699","0.08072672039270401","0.08072672039270401","0.08072672039270401","295","295","295"
"14749","0.10997862368822098","0.10997862368822098","0.10997862368822098","296","296","296"
"14799","0.05162473022937775","0.05162473022937775","0.05162473022937775","297","297","297"
"14849","0.0749070942401886","0.0749070942401886","0.0749070942401886","298","298","298"
"14899","0.07513179630041122","0.07513179630041122","0.07513179630041122","299","299","299"
"14949","0.06376206129789352","0.06376206129789352","0.06376206129789352","300","300","300"
"14999","0.033580925315618515","0.033580925315618515","0.033580925315618515","301","301","301"
"15049","0.0542643703520298","0.0542643703520298","0.0542643703520298","303","303","303"
"15099","0.05495457723736763","0.05495457723736763","0.05495457723736763","304","304","304"
"15149","0.0863858163356781","0.0863858163356781","0.0863858163356781","305","305","305"
"15199","0.05525137856602669","0.05525137856602669","0.05525137856602669","306","306","306"
"15249","0.09906122833490372","0.09906122833490372","0.09906122833490372","307","307","307"
"15299","0.050832632929086685","0.050832632929086685","0.050832632929086685","308","308","308"
"15349","0.05859154462814331","0.05859154462814331","0.05859154462814331","309","309","309"
"15399","0.05393233895301819","0.05393233895301819","0.05393233895301819","310","310","310"
"15449","0.06584732979536057","0.06584732979536057","0.06584732979536057","311","311","311"
"15499","0.051292065531015396","0.051292065531015396","0.051292065531015396","312","312","312"
"15549","0.058214060962200165","0.058214060962200165","0.058214060962200165","313","313","313"
"15599","0.08235405385494232","0.08235405385494232","0.08235405385494232","314","314","314"
"15649","0.04820644482970238","0.04820644482970238","0.04820644482970238","315","315","315"
"15699","0.03990349546074867","0.03990349546074867","0.03990349546074867","316","316","316"
"15749","0.03885003924369812","0.03885003924369812","0.03885003924369812","317","317","317"
"15799","0.09086591005325317","0.09086591005325317","0.09086591005325317","318","318","318"
"15849","0.0544760525226593","0.0544760525226593","0.0544760525226593","319","319","319"
"15899","0.038459695875644684","0.038459695875644684","0.038459695875644684","320","320","320"
"15949","0.04170670732855797","0.04170670732855797","0.04170670732855797","321","321","321"
"15999","0.06329000741243362","0.06329000741243362","0.06329000741243362","322","322","322"
"16049","0.05558490753173828","0.05558490753173828","0.05558490753173828","323","323","323"
"16099","0.04332787171006203","0.04332787171006203","0.04332787171006203","324","324","324"
"16149","0.1179642453789711","0.1179642453789711","0.1179642453789711","325","325","325"
"16199","0.1085711270570755","0.1085711270570755","0.1085711270570755","326","326","326"
"16249","0.03283052146434784","0.03283052146434784","0.03283052146434784","327","327","327"
"16299","0.1001887321472168","0.1001887321472168","0.1001887321472168","328","328","328"
"16349","0.028679003939032555","0.028679003939032555","0.028679003939032555","329","329","329"
"16399","0.038469862192869186","0.038469862192869186","0.038469862192869186","330","330","330"
"16449","0.07445726543664932","0.07445726543664932","0.07445726543664932","331","331","331"
"16499","0.053172677755355835","0.053172677755355835","0.053172677755355835","332","332","332"
"16549","0.06759563833475113","0.06759563833475113","0.06759563833475113","333","333","333"
"16599","0.051710739731788635","0.051710739731788635","0.051710739731788635","334","334","334"
"16649","0.06390733271837234","0.06390733271837234","0.06390733271837234","335","335","335"
"16699","0.04381341487169266","0.04381341487169266","0.04381341487169266","336","336","336"
"16749","0.07107437402009964","0.07107437402009964","0.07107437402009964","337","337","337"
"16799","0.0369841605424881","0.0369841605424881","0.0369841605424881","338","338","338"
"16849","0.03175836056470871","0.03175836056470871","0.03175836056470871","339","339","339"
"16899","0.04643814265727997","0.04643814265727997","0.04643814265727997","340","340","340"
"16949","0.04118343070149422","0.04118343070149422","0.04118343070149422","341","341","341"
"16999","0.04673789069056511","0.04673789069056511","0.04673789069056511","342","342","342"
"17049","0.06984423846006393","0.06984423846006393","0.06984423846006393","343","343","343"
"17099","0.12397035211324692","0.12397035211324692","0.12397035211324692","344","344","344"
"17149","0.07827261090278625","0.07827261090278625","0.07827261090278625","345","345","345"
"17199","0.09561913460493088","0.09561913460493088","0.09561913460493088","346","346","346"
"17249","0.043039470911026","0.043039470911026","0.043039470911026","347","347","347"
"17299","0.02975989133119583","0.02975989133119583","0.02975989133119583","348","348","348"
"17349","0.04327218979597092","0.04327218979597092","0.04327218979597092","349","349","349"
"17399","0.05654269829392433","0.05654269829392433","0.05654269829392433","350","350","350"
"17449","0.062217891216278076","0.062217891216278076","0.062217891216278076","351","351","351"
"17499","0.06043468788266182","0.06043468788266182","0.06043468788266182","352","352","352"
"17549","0.05775433033704758","0.05775433033704758","0.05775433033704758","353","353","353"
"17599","0.06602030247449875","0.06602030247449875","0.06602030247449875","354","354","354"
"17649","0.05159653723239899","0.05159653723239899","0.05159653723239899","355","355","355"
"17699","0.025048617273569107","0.025048617273569107","0.025048617273569107","356","356","356"
"17749","0.02721615694463253","0.02721615694463253","0.02721615694463253","357","357","357"
"17799","0.05849017947912216","0.05849017947912216","0.05849017947912216","358","358","358"
"17849","0.03943542763590813","0.03943542763590813","0.03943542763590813","359","359","359"
"17899","0.07469750940799713","0.07469750940799713","0.07469750940799713","360","360","360"
"17949","0.15673798322677612","0.15673798322677612","0.15673798322677612","361","361","361"
"17999","0.05845878645777702","0.05845878645777702","0.05845878645777702","362","362","362"
"18049","0.048906512558460236","0.048906512558460236","0.048906512558460236","363","363","363"
"18099","0.04155181720852852","0.04155181720852852","0.04155181720852852","364","364","364"
"18149","0.05103357508778572","0.05103357508778572","0.05103357508778572","365","365","365"
"18199","0.045518066734075546","0.045518066734075546","0.045518066734075546","366","366","366"
"18249","0.0451248399913311","0.0451248399913311","0.0451248399913311","367","367","367"
"18299","0.03500235080718994","0.03500235080718994","0.03500235080718994","368","368","368"
"18349","0.04627847671508789","0.04627847671508789","0.04627847671508789","369","369","369"
"18399","0.04791514575481415","0.04791514575481415","0.04791514575481415","370","370","370"
"18449","0.07824406027793884","0.07824406027793884","0.07824406027793884","371","371","371"
"18499","0.07615182548761368","0.07615182548761368","0.07615182548761368","372","372","372"
"18549","0.04735875874757767","0.04735875874757767","0.04735875874757767","373","373","373"
"18599","0.10496418923139572","0.10496418923139572","0.10496418923139572","374","374","374"
"18649","0.035023171454668045","0.035023171454668045","0.035023171454668045","375","375","375"
"18699","0.03456895053386688","0.03456895053386688","0.03456895053386688","376","376","376"
"18749","0.05498332902789116","0.05498332902789116","0.05498332902789116","377","377","377"
"18799","0.03159228712320328","0.03159228712320328","0.03159228712320328","378","378","378"
"18849","0.055181071162223816","0.055181071162223816","0.055181071162223816","379","379","379"
"18899","0.03999367356300354","0.03999367356300354","0.03999367356300354","380","380","380"
"18949","0.029162712395191193","0.029162712395191193","0.029162712395191193","381","381","381"
"18999","0.0662381500005722","0.0662381500005722","0.0662381500005722","382","382","382"
"19049","0.10021715611219406","0.10021715611219406","0.10021715611219406","383","383","383"
"19099","0.03340808302164078","0.03340808302164078","0.03340808302164078","384","384","384"
"19149","0.04531677067279816","0.04531677067279816","0.04531677067279816","385","385","385"
"19199","0.08063298463821411","0.08063298463821411","0.08063298463821411","386","386","386"
"19249","0.07524693757295609","0.07524693757295609","0.07524693757295609","387","387","387"
"19299","0.035953521728515625","0.035953521728515625","0.035953521728515625","388","388","388"
"19349","0.0688101276755333","0.0688101276755333","0.0688101276755333","389","389","389"
"19399","0.031964465975761414","0.031964465975761414","0.031964465975761414","390","390","390"
"19449","0.06210745871067047","0.06210745871067047","0.06210745871067047","391","391","391"
"19499","0.08887937664985657","0.08887937664985657","0.08887937664985657","392","392","392"
"19549","0.051410745829343796","0.051410745829343796","0.051410745829343796","393","393","393"
"19599","0.08230135589838028","0.08230135589838028","0.08230135589838028","394","394","394"
"19649","0.1150471568107605","0.1150471568107605","0.1150471568107605","395","395","395"
"19699","0.060769788920879364","0.060769788920879364","0.060769788920879364","396","396","396"
"19749","0.05854525417089462","0.05854525417089462","0.05854525417089462","397","397","397"
"19799","0.03228350728750229","0.03228350728750229","0.03228350728750229","398","398","398"
"19849","0.03851249814033508","0.03851249814033508","0.03851249814033508","399","399","399"
"19899","0.04685379937291145","0.04685379937291145","0.04685379937291145","400","400","400"
"19949","0.03698946535587311","0.03698946535587311","0.03698946535587311","401","401","401"
"19999","0.05062486231327057","0.05062486231327057","0.05062486231327057","402","402","402"
"20049","0.0765957310795784","0.0765957310795784","0.0765957310795784","404","404","404"
"20099","0.16905052959918976","0.16905052959918976","0.16905052959918976","405","405","405"
"20149","0.05748026445508003","0.05748026445508003","0.05748026445508003","406","406","406"
"20199","0.042002204805612564","0.042002204805612564","0.042002204805612564","407","407","407"
"20249","0.08481259644031525","0.08481259644031525","0.08481259644031525","408","408","408"
"20299","0.03886164724826813","0.03886164724826813","0.03886164724826813","409","409","409"
"20349","0.054146796464920044","0.054146796464920044","0.054146796464920044","410","410","410"
"20399","0.037569113075733185","0.037569113075733185","0.037569113075733185","411","411","411"
"20449","0.04405808448791504","0.04405808448791504","0.04405808448791504","412","412","412"
"20499","0.07021688669919968","0.07021688669919968","0.07021688669919968","413","413","413"
"20549","0.0531105175614357","0.0531105175614357","0.0531105175614357","414","414","414"
"20599","0.04258100688457489","0.04258100688457489","0.04258100688457489","415","415","415"
"20649","0.055872850120067596","0.055872850120067596","0.055872850120067596","416","416","416"
"20699","0.08909652382135391","0.08909652382135391","0.08909652382135391","417","417","417"
"20749","0.04855502024292946","0.04855502024292946","0.04855502024292946","418","418","418"
"20799","0.19595186412334442","0.19595186412334442","0.19595186412334442","419","419","419"
"20849","0.08161611109972","0.08161611109972","0.08161611109972","420","420","420"
"20899","0.054215025156736374","0.054215025156736374","0.054215025156736374","421","421","421"
"20949","0.050534073263406754","0.050534073263406754","0.050534073263406754","422","422","422"
"20999","0.09984072297811508","0.09984072297811508","0.09984072297811508","423","423","423"
"21049","0.09119445085525513","0.09119445085525513","0.09119445085525513","424","424","424"
"21099","0.050873223692178726","0.050873223692178726","0.050873223692178726","425","425","425"
"21149","0.06182665377855301","0.06182665377855301","0.06182665377855301","426","426","426"
"21199","0.03456641361117363","0.03456641361117363","0.03456641361117363","427","427","427"
"21249","0.0462065152823925","0.0462065152823925","0.0462065152823925","428","428","428"
"21299","0.08496855199337006","0.08496855199337006","0.08496855199337006","429","429","429"
"21349","0.05769464373588562","0.05769464373588562","0.05769464373588562","430","430","430"
"21399","0.06476021558046341","0.06476021558046341","0.06476021558046341","431","431","431"
"21449","0.06853588670492172","0.06853588670492172","0.06853588670492172","432","432","432"
"21499","0.04894699528813362","0.04894699528813362","0.04894699528813362","433","433","433"
"21549","0.07966044545173645","0.07966044545173645","0.07966044545173645","434","434","434"
"21599","0.04337281361222267","0.04337281361222267","0.04337281361222267","435","435","435"
"21649","0.07279223203659058","0.07279223203659058","0.07279223203659058","436","436","436"
"21699","0.05128069221973419","0.05128069221973419","0.05128069221973419","437","437","437"
"21749","0.03940945118665695","0.03940945118665695","0.03940945118665695","438","438","438"
"21799","0.09011288732290268","0.09011288732290268","0.09011288732290268","439","439","439"
"21849","0.07634885609149933","0.07634885609149933","0.07634885609149933","440","440","440"
"21899","0.0902094841003418","0.0902094841003418","0.0902094841003418","441","441","441"
"21949","0.055251747369766235","0.055251747369766235","0.055251747369766235","442","442","442"
"21999","0.05888819694519043","0.05888819694519043","0.05888819694519043","443","443","443"
"22049","0.05812577158212662","0.05812577158212662","0.05812577158212662","444","444","444"
"22099","0.06556461751461029","0.06556461751461029","0.06556461751461029","445","445","445"
"22149","0.05040779709815979","0.05040779709815979","0.05040779709815979","446","446","446"
"22199","0.053559593856334686","0.053559593856334686","0.053559593856334686","447","447","447"
"22249","0.04876480624079704","0.04876480624079704","0.04876480624079704","448","448","448"
"22299","0.05571753531694412","0.05571753531694412","0.05571753531694412","449","449","449"
"22349","0.05962870642542839","0.05962870642542839","0.05962870642542839","450","450","450"
"22399","0.05168464407324791","0.05168464407324791","0.05168464407324791","451","451","451"
"22449","0.039590731263160706","0.039590731263160706","0.039590731263160706","452","452","452"
"22499","0.1336832344532013","0.1336832344532013","0.1336832344532013","453","453","453"
"22549","0.02881499007344246","0.02881499007344246","0.02881499007344246","454","454","454"
"22599","0.06357474625110626","0.06357474625110626","0.06357474625110626","455","455","455"
"22649","0.064687579870224","0.064687579870224","0.064687579870224","456","456","456"
"22699","0.0443534329533577","0.0443534329533577","0.0443534329533577","457","457","457"
"22749","0.11257316172122955","0.11257316172122955","0.11257316172122955","458","458","458"
"22799","0.07513973861932755","0.07513973861932755","0.07513973861932755","459","459","459"
"22849","0.105486199259758","0.105486199259758","0.105486199259758","460","460","460"
"22899","0.03389107063412666","0.03389107063412666","0.03389107063412666","461","461","461"
"22949","0.05446779355406761","0.05446779355406761","0.05446779355406761","462","462","462"
"22999","0.06072653830051422","0.06072653830051422","0.06072653830051422","463","463","463"
"23049","0.024124762043356895","0.024124762043356895","0.024124762043356895","464","464","464"
"23099","0.06403181701898575","0.06403181701898575","0.06403181701898575","465","465","465"
"23149","0.044337768107652664","0.044337768107652664","0.044337768107652664","466","466","466"
"23199","0.055700480937957764","0.055700480937957764","0.055700480937957764","467","467","467"
"23249","0.04047056660056114","0.04047056660056114","0.04047056660056114","468","468","468"
"23299","0.03269689157605171","0.03269689157605171","0.03269689157605171","469","469","469"
"23349","0.047505803406238556","0.047505803406238556","0.047505803406238556","470","470","470"
"23399","0.05640218034386635","0.05640218034386635","0.05640218034386635","471","471","471"
"23449","0.029888076707720757","0.029888076707720757","0.029888076707720757","472","472","472"
"23499","0.061304885894060135","0.061304885894060135","0.061304885894060135","473","473","473"
"23549","0.027552340179681778","0.027552340179681778","0.027552340179681778","474","474","474"
"23599","0.08381666243076324","0.08381666243076324","0.08381666243076324","475","475","475"
"23649","0.04497206211090088","0.04497206211090088","0.04497206211090088","476","476","476"
"23699","0.05807001516222954","0.05807001516222954","0.05807001516222954","477","477","477"
"23749","0.09275870025157928","0.09275870025157928","0.09275870025157928","478","478","478"
"23799","0.06754227727651596","0.06754227727651596","0.06754227727651596","479","479","479"
"23849","0.3283495604991913","0.3283495604991913","0.3283495604991913","480","480","480"
"23899","0.03285584971308708","0.03285584971308708","0.03285584971308708","481","481","481"
"23949","0.05125742405653","0.05125742405653","0.05125742405653","482","482","482"
"23999","0.04416351020336151","0.04416351020336151","0.04416351020336151","483","483","483"
"24049","0.10530305653810501","0.10530305653810501","0.10530305653810501","484","484","484"
"24099","0.05089755356311798","0.05089755356311798","0.05089755356311798","485","485","485"
"24149","0.07635940611362457","0.07635940611362457","0.07635940611362457","486","486","486"
"24199","0.0266629159450531","0.0266629159450531","0.0266629159450531","487","487","487"
"24249","0.06872421503067017","0.06872421503067017","0.06872421503067017","488","488","488"
"24299","0.03622177243232727","0.03622177243232727","0.03622177243232727","489","489","489"
"24349","0.04674622043967247","0.04674622043967247","0.04674622043967247","490","490","490"
"24399","0.05559501051902771","0.05559501051902771","0.05559501051902771","491","491","491"
"24449","0.04454777389764786","0.04454777389764786","0.04454777389764786","492","492","492"
"24499","0.11869559437036514","0.11869559437036514","0.11869559437036514","493","493","493"
"24549","0.0402352549135685","0.0402352549135685","0.0402352549135685","494","494","494"
"24599","0.03992471843957901","0.03992471843957901","0.03992471843957901","495","495","495"
"24649","0.047696009278297424","0.047696009278297424","0.047696009278297424","496","496","496"
"24699","0.06032239645719528","0.06032239645719528","0.06032239645719528","497","497","497"
"24749","0.08259417116641998","0.08259417116641998","0.08259417116641998","498","498","498"
"24799","0.03568999841809273","0.03568999841809273","0.03568999841809273","499","499","499"
"24849","0.0637359544634819","0.0637359544634819","0.0637359544634819","500","500","500"
"24899","0.10295546799898148","0.10295546799898148","0.10295546799898148","501","501","501"
"24949","0.03297736123204231","0.03297736123204231","0.03297736123204231","502","502","502"
"24999","0.04778071120381355","0.04778071120381355","0.04778071120381355","503","503","503"
"25049","0.04143761470913887","0.04143761470913887","0.04143761470913887","505","505","505"
"25099","0.08244990557432175","0.08244990557432175","0.08244990557432175","506","506","506"
"25149","0.023883435875177383","0.023883435875177383","0.023883435875177383","507","507","507"
"25199","0.04118255525827408","0.04118255525827408","0.04118255525827408","508","508","508"
"25249","0.05861510708928108","0.05861510708928108","0.05861510708928108","509","509","509"
"25299","0.05419280752539635","0.05419280752539635","0.05419280752539635","510","510","510"
"25349","0.03895559906959534","0.03895559906959534","0.03895559906959534","511","511","511"
"25399","0.035760510712862015","0.035760510712862015","0.035760510712862015","512","512","512"
"25449","0.10442380607128143","0.10442380607128143","0.10442380607128143","513","513","513"
"25499","0.03158384561538696","0.03158384561538696","0.03158384561538696","514","514","514"
"25549","0.03989141434431076","0.03989141434431076","0.03989141434431076","515","515","515"
"25599","0.07932239025831223","0.07932239025831223","0.07932239025831223","516","516","516"
"25649","0.037639789283275604","0.037639789283275604","0.037639789283275604","517","517","517"
"25699","0.061261311173439026","0.061261311173439026","0.061261311173439026","518","518","518"
"25749","0.03711538761854172","0.03711538761854172","0.03711538761854172","519","519","519"
"25799","0.15429352223873138","0.15429352223873138","0.15429352223873138","520","520","520"
"25849","0.044391948729753494","0.044391948729753494","0.044391948729753494","521","521","521"
"25899","0.05820397287607193","0.05820397287607193","0.05820397287607193","522","522","522"
"25949","0.06573864072561264","0.06573864072561264","0.06573864072561264","523","523","523"
"25999","0.06360839307308197","0.06360839307308197","0.06360839307308197","524","524","524"
"26049","0.034595705568790436","0.034595705568790436","0.034595705568790436","525","525","525"
"26099","0.05753565579652786","0.05753565579652786","0.05753565579652786","526","526","526"
"26149","0.05043107643723488","0.05043107643723488","0.05043107643723488","527","527","527"
"26199","0.06446362286806107","0.06446362286806107","0.06446362286806107","528","528","528"
"26249","0.04123496636748314","0.04123496636748314","0.04123496636748314","529","529","529"
"26299","0.03484506160020828","0.03484506160020828","0.03484506160020828","530","530","530"
"26349","0.05231526121497154","0.05231526121497154","0.05231526121497154","531","531","531"
"26399","0.06029336526989937","0.06029336526989937","0.06029336526989937","532","532","532"
"26449","0.03456471860408783","0.03456471860408783","0.03456471860408783","533","533","533"
"26499","0.06072446331381798","0.06072446331381798","0.06072446331381798","534","534","534"
"26549","0.08797789365053177","0.08797789365053177","0.08797789365053177","535","535","535"
"26599","0.07064806669950485","0.07064806669950485","0.07064806669950485","536","536","536"
"26649","0.038457632064819336","0.038457632064819336","0.038457632064819336","537","537","537"
"26699","0.0418749563395977","0.0418749563395977","0.0418749563395977","538","538","538"
"26749","0.026883035898208618","0.026883035898208618","0.026883035898208618","539","539","539"
"26799","0.03775262460112572","0.03775262460112572","0.03775262460112572","540","540","540"
"26849","0.06435535848140717","0.06435535848140717","0.06435535848140717","541","541","541"
"26899","0.06001058965921402","0.06001058965921402","0.06001058965921402","542","542","542"
"26949","0.10014906525611877","0.10014906525611877","0.10014906525611877","543","543","543"
"26999","0.0772738978266716","0.0772738978266716","0.0772738978266716","544","544","544"
"27049","0.03798265755176544","0.03798265755176544","0.03798265755176544","545","545","545"
"27099","0.03058464452624321","0.03058464452624321","0.03058464452624321","546","546","546"
"27149","0.04493091255426407","0.04493091255426407","0.04493091255426407","547","547","547"
"27199","0.023589933291077614","0.023589933291077614","0.023589933291077614","548","548","548"
"27249","0.08467372506856918","0.08467372506856918","0.08467372506856918","549","549","549"
"27299","0.046480320394039154","0.046480320394039154","0.046480320394039154","550","550","550"
"27349","0.04564976692199707","0.04564976692199707","0.04564976692199707","551","551","551"
"27399","0.07746409624814987","0.07746409624814987","0.07746409624814987","552","552","552"
"27449","0.12067178636789322","0.12067178636789322","0.12067178636789322","553","553","553"
"27499","0.05598051846027374","0.05598051846027374","0.05598051846027374","554","554","554"
"27549","0.06088870018720627","0.06088870018720627","0.06088870018720627","555","555","555"
"27599","0.04584722965955734","0.04584722965955734","0.04584722965955734","556","556","556"
"27649","0.056899212300777435","0.056899212300777435","0.056899212300777435","557","557","557"
"27699","0.062260180711746216","0.062260180711746216","0.062260180711746216","558","558","558"
"27749","0.043414779007434845","0.043414779007434845","0.043414779007434845","559","559","559"
"27799","0.05763804912567139","0.05763804912567139","0.05763804912567139","560","560","560"
"27849","0.030600832775235176","0.030600832775235176","0.030600832775235176","561","561","561"
"27899","0.06570291519165039","0.06570291519165039","0.06570291519165039","562","562","562"
"27949","0.06649479269981384","0.06649479269981384","0.06649479269981384","563","563","563"
"27999","0.04176905378699303","0.04176905378699303","0.04176905378699303","564","564","564"
"28049","0.060096848756074905","0.060096848756074905","0.060096848756074905","565","565","565"
"28099","0.049061935395002365","0.049061935395002365","0.049061935395002365","566","566","566"
"28149","0.060052819550037384","0.060052819550037384","0.060052819550037384","567","567","567"
"28199","0.04619136080145836","0.04619136080145836","0.04619136080145836","568","568","568"
"28249","0.0319279246032238","0.0319279246032238","0.0319279246032238","569","569","569"
"28299","0.030613360926508904","0.030613360926508904","0.030613360926508904","570","570","570"
"28349","0.030925901606678963","0.030925901606678963","0.030925901606678963","571","571","571"
"28399","0.069770947098732","0.069770947098732","0.069770947098732","572","572","572"
"28449","0.06371904909610748","0.06371904909610748","0.06371904909610748","573","573","573"
"28499","0.029675431549549103","0.029675431549549103","0.029675431549549103","574","574","574"
"28549","0.07914841920137405","0.07914841920137405","0.07914841920137405","575","575","575"
"28599","0.04790036007761955","0.04790036007761955","0.04790036007761955","576","576","576"
"28649","0.04325248673558235","0.04325248673558235","0.04325248673558235","577","577","577"
"28699","0.03600413352251053","0.03600413352251053","0.03600413352251053","578","578","578"
"28749","0.026131996884942055","0.026131996884942055","0.026131996884942055","579","579","579"
"28799","0.043219637125730515","0.043219637125730515","0.043219637125730515","580","580","580"
"28849","0.024969525635242462","0.024969525635242462","0.024969525635242462","581","581","581"
"28899","0.03592640906572342","0.03592640906572342","0.03592640906572342","582","582","582"
"28949","0.04444494843482971","0.04444494843482971","0.04444494843482971","583","583","583"
"28999","0.048962805420160294","0.048962805420160294","0.048962805420160294","584","584","584"
"29049","0.03508945554494858","0.03508945554494858","0.03508945554494858","585","585","585"
"29099","0.04690496623516083","0.04690496623516083","0.04690496623516083","586","586","586"
"29149","0.024861104786396027","0.024861104786396027","0.024861104786396027","587","587","587"
"29199","0.08074281364679337","0.08074281364679337","0.08074281364679337","588","588","588"
"29249","0.05676669627428055","0.05676669627428055","0.05676669627428055","589","589","589"
"29299","0.05488109216094017","0.05488109216094017","0.05488109216094017","590","590","590"
"29349","0.03861396387219429","0.03861396387219429","0.03861396387219429","591","591","591"
"29399","0.03991800174117088","0.03991800174117088","0.03991800174117088","592","592","592"
"29449","0.058630529791116714","0.058630529791116714","0.058630529791116714","593","593","593"
"29499","0.03905286639928818","0.03905286639928818","0.03905286639928818","594","594","594"
"29549","0.05701474845409393","0.05701474845409393","0.05701474845409393","595","595","595"
"29599","0.09638828039169312","0.09638828039169312","0.09638828039169312","596","596","596"
"29649","0.041360076516866684","0.041360076516866684","0.041360076516866684","597","597","597"
"29699","0.054654791951179504","0.054654791951179504","0.054654791951179504","598","598","598"
"29749","0.09156034886837006","0.09156034886837006","0.09156034886837006","599","599","599"
"29799","0.061733126640319824","0.061733126640319824","0.061733126640319824","600","600","600"
"29849","0.10860054939985275","0.10860054939985275","0.10860054939985275","601","601","601"
"29899","0.04381479695439339","0.04381479695439339","0.04381479695439339","602","602","602"
"29949","0.03995713219046593","0.03995713219046593","0.03995713219046593","603","603","603"
"29999","0.047300178557634354","0.047300178557634354","0.047300178557634354","604","604","604"
"30049","0.06661295145750046","0.06661295145750046","0.06661295145750046","606","606","606"
"30099","0.06506876647472382","0.06506876647472382","0.06506876647472382","607","607","607"
"30149","0.06646277010440826","0.06646277010440826","0.06646277010440826","608","608","608"
"30199","0.06477633118629456","0.06477633118629456","0.06477633118629456","609","609","609"
"30249","0.04054124653339386","0.04054124653339386","0.04054124653339386","610","610","610"
"30299","0.05083513259887695","0.05083513259887695","0.05083513259887695","611","611","611"
"30349","0.06971078366041183","0.06971078366041183","0.06971078366041183","612","612","612"
"30399","0.06808681786060333","0.06808681786060333","0.06808681786060333","613","613","613"
"30449","0.04057743772864342","0.04057743772864342","0.04057743772864342","614","614","614"
"30499","0.07175283879041672","0.07175283879041672","0.07175283879041672","615","615","615"
"30549","0.04148510843515396","0.04148510843515396","0.04148510843515396","616","616","616"
"30599","0.04900781065225601","0.04900781065225601","0.04900781065225601","617","617","617"
"30649","0.07493070513010025","0.07493070513010025","0.07493070513010025","618","618","618"
"30699","0.07528027147054672","0.07528027147054672","0.07528027147054672","619","619","619"
"30749","0.09937155246734619","0.09937155246734619","0.09937155246734619","620","620","620"
"30799","0.06893409043550491","0.06893409043550491","0.06893409043550491","621","621","621"
"30849","0.026308197528123856","0.026308197528123856","0.026308197528123856","622","622","622"
"30899","0.03288307413458824","0.03288307413458824","0.03288307413458824","623","623","623"
"30949","0.046146225184202194","0.046146225184202194","0.046146225184202194","624","624","624"
"30999","0.07982491701841354","0.07982491701841354","0.07982491701841354","625","625","625"
"31049","0.06544739007949829","0.06544739007949829","0.06544739007949829","626","626","626"
"31099","0.030948378145694733","0.030948378145694733","0.030948378145694733","627","627","627"
"31149","0.03947881981730461","0.03947881981730461","0.03947881981730461","628","628","628"
"31199","0.10339034348726273","0.10339034348726273","0.10339034348726273","629","629","629"
"31249","0.03888905793428421","0.03888905793428421","0.03888905793428421","630","630","630"
"31299","0.08457247167825699","0.08457247167825699","0.08457247167825699","631","631","631"
"31349","0.06367432326078415","0.06367432326078415","0.06367432326078415","632","632","632"
"31399","0.053814057260751724","0.053814057260751724","0.053814057260751724","633","633","633"
"31449","0.05376194044947624","0.05376194044947624","0.05376194044947624","634","634","634"
"31499","0.051343388855457306","0.051343388855457306","0.051343388855457306","635","635","635"
"31549","0.02859707735478878","0.02859707735478878","0.02859707735478878","636","636","636"
"31599","0.056948404759168625","0.056948404759168625","0.056948404759168625","637","637","637"
"31649","0.0706077441573143","0.0706077441573143","0.0706077441573143","638","638","638"
"31699","0.04982266575098038","0.04982266575098038","0.04982266575098038","639","639","639"
"31749","0.038764096796512604","0.038764096796512604","0.038764096796512604","640","640","640"
"31799","0.043662793934345245","0.043662793934345245","0.043662793934345245","641","641","641"
"31849","0.06662672013044357","0.06662672013044357","0.06662672013044357","642","642","642"
"31899","0.06349548697471619","0.06349548697471619","0.06349548697471619","643","643","643"
"31949","0.032867833971977234","0.032867833971977234","0.032867833971977234","644","644","644"
"31999","0.05624599754810333","0.05624599754810333","0.05624599754810333","645","645","645"
"32049","0.041972167789936066","0.041972167789936066","0.041972167789936066","646","646","646"
"32099","0.048396315425634384","0.048396315425634384","0.048396315425634384","647","647","647"
"32149","0.03821828216314316","0.03821828216314316","0.03821828216314316","648","648","648"
"32199","0.06501567363739014","0.06501567363739014","0.06501567363739014","649","649","649"
"32249","0.02697092480957508","0.02697092480957508","0.02697092480957508","650","650","650"
"32299","0.09229884296655655","0.09229884296655655","0.09229884296655655","651","651","651"
"32349","0.049499958753585815","0.049499958753585815","0.049499958753585815","652","652","652"
"32399","0.16701440513134003","0.16701440513134003","0.16701440513134003","653","653","653"
"32449","0.06416631489992142","0.06416631489992142","0.06416631489992142","654","654","654"
"32499","0.038972098380327225","0.038972098380327225","0.038972098380327225","655","655","655"
"32549","0.06544902920722961","0.06544902920722961","0.06544902920722961","656","656","656"
"32599","0.04183818772435188","0.04183818772435188","0.04183818772435188","657","657","657"
"32649","0.07065347582101822","0.07065347582101822","0.07065347582101822","658","658","658"
"32699","0.033497244119644165","0.033497244119644165","0.033497244119644165","659","659","659"
"32749","0.05850864201784134","0.05850864201784134","0.05850864201784134","660","660","660"
"32799","0.046956535428762436","0.046956535428762436","0.046956535428762436","661","661","661"
"32849","0.05760558322072029","0.05760558322072029","0.05760558322072029","662","662","662"
"32899","0.04732587933540344","0.04732587933540344","0.04732587933540344","663","663","663"
"32949","0.08603788167238235","0.08603788167238235","0.08603788167238235","664","664","664"
"32999","0.033703677356243134","0.033703677356243134","0.033703677356243134","665","665","665"
"33049","0.05538010224699974","0.05538010224699974","0.05538010224699974","666","666","666"
"33099","0.0648418590426445","0.0648418590426445","0.0648418590426445","667","667","667"
"33149","0.03700127825140953","0.03700127825140953","0.03700127825140953","668","668","668"
"33199","0.09667668491601944","0.09667668491601944","0.09667668491601944","669","669","669"
"33249","0.029090162366628647","0.029090162366628647","0.029090162366628647","670","670","670"
"33299","0.061475396156311035","0.061475396156311035","0.061475396156311035","671","671","671"
"33349","0.05376474931836128","0.05376474931836128","0.05376474931836128","672","672","672"
"33399","0.045383647084236145","0.045383647084236145","0.045383647084236145","673","673","673"
"33449","0.08754940330982208","0.08754940330982208","0.08754940330982208","674","674","674"
"33499","0.0418664887547493","0.0418664887547493","0.0418664887547493","675","675","675"
"33549","0.0479443222284317","0.0479443222284317","0.0479443222284317","676","676","676"
"33599","0.07636923342943192","0.07636923342943192","0.07636923342943192","677","677","677"
"33649","0.04676514118909836","0.04676514118909836","0.04676514118909836","678","678","678"
"33699","0.03959726542234421","0.03959726542234421","0.03959726542234421","679","679","679"
"33749","0.055237818509340286","0.055237818509340286","0.055237818509340286","680","680","680"
"33799","0.05520553141832352","0.05520553141832352","0.05520553141832352","681","681","681"
"33849","0.06516388058662415","0.06516388058662415","0.06516388058662415","682","682","682"
"33899","0.04457053542137146","0.04457053542137146","0.04457053542137146","683","683","683"
"33949","0.03135538473725319","0.03135538473725319","0.03135538473725319","684","684","684"
"33999","0.045041508972644806","0.045041508972644806","0.045041508972644806","685","685","685"
"34049","0.03147664666175842","0.03147664666175842","0.03147664666175842","686","686","686"
"34099","0.03152475506067276","0.03152475506067276","0.03152475506067276","687","687","687"
"34149","0.05041947215795517","0.05041947215795517","0.05041947215795517","688","688","688"
"34199","0.040438760071992874","0.040438760071992874","0.040438760071992874","689","689","689"
"34249","0.028970438987016678","0.028970438987016678","0.028970438987016678","690","690","690"
"34299","0.02971159853041172","0.02971159853041172","0.02971159853041172","691","691","691"
"34349","0.05472405254840851","0.05472405254840851","0.05472405254840851","692","692","692"
"34399","0.030695293098688126","0.030695293098688126","0.030695293098688126","693","693","693"
"34449","0.07756347954273224","0.07756347954273224","0.07756347954273224","694","694","694"
"34499","0.07459817081689835","0.07459817081689835","0.07459817081689835","695","695","695"
"34549","0.044749632477760315","0.044749632477760315","0.044749632477760315","696","696","696"
"34599","0.04311080649495125","0.04311080649495125","0.04311080649495125","697","697","697"
"34649","0.028370477259159088","0.028370477259159088","0.028370477259159088","698","698","698"
"34699","0.05893755331635475","0.05893755331635475","0.05893755331635475","699","699","699"
"34749","0.0404844656586647","0.0404844656586647","0.0404844656586647","700","700","700"
"34799","0.03845260664820671","0.03845260664820671","0.03845260664820671","701","701","701"
"34849","0.07580094784498215","0.07580094784498215","0.07580094784498215","702","702","702"
"34899","0.15238280594348907","0.15238280594348907","0.15238280594348907","703","703","703"
"34949","0.04965774714946747","0.04965774714946747","0.04965774714946747","704","704","704"
"34999","0.042819250375032425","0.042819250375032425","0.042819250375032425","705","705","705"
"35049","0.04145871475338936","0.04145871475338936","0.04145871475338936","707","707","707"
"35099","0.038535647094249725","0.038535647094249725","0.038535647094249725","708","708","708"
"35149","0.043350379914045334","0.043350379914045334","0.043350379914045334","709","709","709"
"35199","0.2602097690105438","0.2602097690105438","0.2602097690105438","710","710","710"
"35249","0.03235407546162605","0.03235407546162605","0.03235407546162605","711","711","711"
"35299","0.03380835801362991","0.03380835801362991","0.03380835801362991","712","712","712"
"35349","0.04750183969736099","0.04750183969736099","0.04750183969736099","713","713","713"
"35399","0.033546995371580124","0.033546995371580124","0.033546995371580124","714","714","714"
"35449","0.03328181803226471","0.03328181803226471","0.03328181803226471","715","715","715"
"35499","0.07742781937122345","0.07742781937122345","0.07742781937122345","716","716","716"
"35549","0.0529332235455513","0.0529332235455513","0.0529332235455513","717","717","717"
"35599","0.04901709407567978","0.04901709407567978","0.04901709407567978","718","718","718"
"35649","0.07985872030258179","0.07985872030258179","0.07985872030258179","719","719","719"
"35699","0.10655448585748672","0.10655448585748672","0.10655448585748672","720","720","720"
"35749","0.08024279028177261","0.08024279028177261","0.08024279028177261","721","721","721"
"35799","0.07674923539161682","0.07674923539161682","0.07674923539161682","722","722","722"
"35849","0.07579708844423294","0.07579708844423294","0.07579708844423294","723","723","723"
"35899","0.05712646618485451","0.05712646618485451","0.05712646618485451","724","724","724"
"35949","0.05058411508798599","0.05058411508798599","0.05058411508798599","725","725","725"
"35999","0.12369979172945023","0.12369979172945023","0.12369979172945023","726","726","726"
"36049","0.04912857338786125","0.04912857338786125","0.04912857338786125","727","727","727"
"36099","0.04160166531801224","0.04160166531801224","0.04160166531801224","728","728","728"
"36149","0.018498489633202553","0.018498489633202553","0.018498489633202553","729","729","729"
"36199","0.06066560372710228","0.06066560372710228","0.06066560372710228","730","730","730"
"36249","0.03743119537830353","0.03743119537830353","0.03743119537830353","731","731","731"
"36299","0.06883125007152557","0.06883125007152557","0.06883125007152557","732","732","732"
"36349","0.03383992239832878","0.03383992239832878","0.03383992239832878","733","733","733"
"36399","0.038888562470674515","0.038888562470674515","0.038888562470674515","734","734","734"
"36449","0.05156608298420906","0.05156608298420906","0.05156608298420906","735","735","735"
"36499","0.044182658195495605","0.044182658195495605","0.044182658195495605","736","736","736"
"36549","0.053350016474723816","0.053350016474723816","0.053350016474723816","737","737","737"
"36599","0.04698289930820465","0.04698289930820465","0.04698289930820465","738","738","738"
"36649","0.03330964967608452","0.03330964967608452","0.03330964967608452","739","739","739"
"36699","0.05357980728149414","0.05357980728149414","0.05357980728149414","740","740","740"
"36749","0.04556853324174881","0.04556853324174881","0.04556853324174881","741","741","741"
"36799","0.03295773267745972","0.03295773267745972","0.03295773267745972","742","742","742"
"36849","0.04492432251572609","0.04492432251572609","0.04492432251572609","743","743","743"
"36899","0.03165175020694733","0.03165175020694733","0.03165175020694733","744","744","744"
"36949","0.028783462941646576","0.028783462941646576","0.028783462941646576","745","745","745"
"36999","0.05077512562274933","0.05077512562274933","0.05077512562274933","746","746","746"
"37049","0.02808067388832569","0.02808067388832569","0.02808067388832569","747","747","747"
"37099","0.03673421964049339","0.03673421964049339","0.03673421964049339","748","748","748"
"37149","0.0503985658288002","0.0503985658288002","0.0503985658288002","749","749","749"
"37199","0.07330850511789322","0.07330850511789322","0.07330850511789322","750","750","750"
"37249","0.05253910273313522","0.05253910273313522","0.05253910273313522","751","751","751"
"37299","0.031572140753269196","0.031572140753269196","0.031572140753269196","752","752","752"
"37349","0.08209288865327835","0.08209288865327835","0.08209288865327835","753","753","753"
"37399","0.05303597450256348","0.05303597450256348","0.05303597450256348","754","754","754"
"37449","0.05573692545294762","0.05573692545294762","0.05573692545294762","755","755","755"
"37499","0.03734608367085457","0.03734608367085457","0.03734608367085457","756","756","756"
"37549","0.04487540200352669","0.04487540200352669","0.04487540200352669","757","757","757"
"37599","0.07647810876369476","0.07647810876369476","0.07647810876369476","758","758","758"
"37649","0.07033322751522064","0.07033322751522064","0.07033322751522064","759","759","759"
"37699","0.037916578352451324","0.037916578352451324","0.037916578352451324","760","760","760"
"37749","0.04491421952843666","0.04491421952843666","0.04491421952843666","761","761","761"
"37799","0.04963350296020508","0.04963350296020508","0.04963350296020508","762","762","762"
"37849","0.050985731184482574","0.050985731184482574","0.050985731184482574","763","763","763"
"37899","0.04687623679637909","0.04687623679637909","0.04687623679637909","764","764","764"
"37949","0.049389708787202835","0.049389708787202835","0.049389708787202835","765","765","765"
"37999","0.07163768261671066","0.07163768261671066","0.07163768261671066","766","766","766"
"38049","0.032687023282051086","0.032687023282051086","0.032687023282051086","767","767","767"
"38099","0.04068059101700783","0.04068059101700783","0.04068059101700783","768","768","768"
"38149","0.055478814989328384","0.055478814989328384","0.055478814989328384","769","769","769"
"38199","0.05436315760016441","0.05436315760016441","0.05436315760016441","770","770","770"
"38249","0.03302253782749176","0.03302253782749176","0.03302253782749176","771","771","771"
"38299","0.04457978531718254","0.04457978531718254","0.04457978531718254","772","772","772"
"38349","0.06082802265882492","0.06082802265882492","0.06082802265882492","773","773","773"
"38399","0.042053788900375366","0.042053788900375366","0.042053788900375366","774","774","774"
"38449","0.03307517245411873","0.03307517245411873","0.03307517245411873","775","775","775"
"38499","0.033474601805210114","0.033474601805210114","0.033474601805210114","776","776","776"
"38549","0.19621266424655914","0.19621266424655914","0.19621266424655914","777","777","777"
"38599","0.03256393224000931","0.03256393224000931","0.03256393224000931","778","778","778"
"38649","0.054111674427986145","0.054111674427986145","0.054111674427986145","779","779","779"
"38699","0.07474666088819504","0.07474666088819504","0.07474666088819504","780","780","780"
"38749","0.03769934922456741","0.03769934922456741","0.03769934922456741","781","781","781"
"38799","0.06054840236902237","0.06054840236902237","0.06054840236902237","782","782","782"
"38849","0.02969636768102646","0.02969636768102646","0.02969636768102646","783","783","783"
"38899","0.055474571883678436","0.055474571883678436","0.055474571883678436","784","784","784"
"38949","0.045483510941267014","0.045483510941267014","0.045483510941267014","785","785","785"
"38999","0.03972727805376053","0.03972727805376053","0.03972727805376053","786","786","786"
"39049","0.034514471888542175","0.034514471888542175","0.034514471888542175","787","787","787"
"39099","0.060249391943216324","0.060249391943216324","0.060249391943216324","788","788","788"
"39149","0.03239573910832405","0.03239573910832405","0.03239573910832405","789","789","789"
"39199","0.05408823490142822","0.05408823490142822","0.05408823490142822","790","790","790"
"39249","0.057229090481996536","0.057229090481996536","0.057229090481996536","791","791","791"
"39299","0.08512604981660843","0.08512604981660843","0.08512604981660843","792","792","792"
"39349","0.03584253042936325","0.03584253042936325","0.03584253042936325","793","793","793"
"39399","0.0375133715569973","0.0375133715569973","0.0375133715569973","794","794","794"
"39449","0.078831247985363","0.078831247985363","0.078831247985363","795","795","795"
"39499","0.0545383095741272","0.0545383095741272","0.0545383095741272","796","796","796"
"39549","0.06882499903440475","0.06882499903440475","0.06882499903440475","797","797","797"
"39599","0.04218374565243721","0.04218374565243721","0.04218374565243721","798","798","798"
"39649","0.03178131952881813","0.03178131952881813","0.03178131952881813","799","799","799"
"39699","0.07251687347888947","0.07251687347888947","0.07251687347888947","800","800","800"
"39749","0.03678349405527115","0.03678349405527115","0.03678349405527115","801","801","801"
"39799","0.056495800614356995","0.056495800614356995","0.056495800614356995","802","802","802"
"39849","0.10226252675056458","0.10226252675056458","0.10226252675056458","803","803","803"
"39899","0.04818810522556305","0.04818810522556305","0.04818810522556305","804","804","804"
"39949","0.04316707327961922","0.04316707327961922","0.04316707327961922","805","805","805"
"39999","0.03626491129398346","0.03626491129398346","0.03626491129398346","806","806","806"
"40049","0.05254528298974037","0.05254528298974037","0.05254528298974037","808","808","808"
"40099","0.016076965257525444","0.016076965257525444","0.016076965257525444","809","809","809"
"40149","0.04088354483246803","0.04088354483246803","0.04088354483246803","810","810","810"
"40199","0.06554346531629562","0.06554346531629562","0.06554346531629562","811","811","811"
"40249","0.07044948637485504","0.07044948637485504","0.07044948637485504","812","812","812"
"40299","0.04770350456237793","0.04770350456237793","0.04770350456237793","813","813","813"
"40349","0.04686645790934563","0.04686645790934563","0.04686645790934563","814","814","814"
"40399","0.09291625767946243","0.09291625767946243","0.09291625767946243","815","815","815"
"40449","0.039021093398332596","0.039021093398332596","0.039021093398332596","816","816","816"
"40499","0.12001757323741913","0.12001757323741913","0.12001757323741913","817","817","817"
"40549","0.05053641274571419","0.05053641274571419","0.05053641274571419","818","818","818"
"40599","0.04652266949415207","0.04652266949415207","0.04652266949415207","819","819","819"
"40649","0.036957819014787674","0.036957819014787674","0.036957819014787674","820","820","820"
"40699","0.05467914789915085","0.05467914789915085","0.05467914789915085","821","821","821"
"40749","0.0385095439851284","0.0385095439851284","0.0385095439851284","822","822","822"
"40799","0.03173096477985382","0.03173096477985382","0.03173096477985382","823","823","823"
"40849","0.03389044478535652","0.03389044478535652","0.03389044478535652","824","824","824"
"40899","0.04758697748184204","0.04758697748184204","0.04758697748184204","825","825","825"
"40949","0.037795551121234894","0.037795551121234894","0.037795551121234894","826","826","826"
"40999","0.041644930839538574","0.041644930839538574","0.041644930839538574","827","827","827"
"41049","0.06159012392163277","0.06159012392163277","0.06159012392163277","828","828","828"
"41099","0.03859362751245499","0.03859362751245499","0.03859362751245499","829","829","829"
"41149","0.07378865778446198","0.07378865778446198","0.07378865778446198","830","830","830"
"41199","0.09667252004146576","0.09667252004146576","0.09667252004146576","831","831","831"
"41249","0.1974668651819229","0.1974668651819229","0.1974668651819229","832","832","832"
"41299","0.04338841885328293","0.04338841885328293","0.04338841885328293","833","833","833"
"41349","0.08593205362558365","0.08593205362558365","0.08593205362558365","834","834","834"
"41399","0.07402615994215012","0.07402615994215012","0.07402615994215012","835","835","835"
"41449","0.0384102500975132","0.0384102500975132","0.0384102500975132","836","836","836"
"41499","0.035740435123443604","0.035740435123443604","0.035740435123443604","837","837","837"
"41549","0.04308347404003143","0.04308347404003143","0.04308347404003143","838","838","838"
"41599","0.035443343222141266","0.035443343222141266","0.035443343222141266","839","839","839"
"41649","0.0520864762365818","0.0520864762365818","0.0520864762365818","840","840","840"
"41699","0.03753267601132393","0.03753267601132393","0.03753267601132393","841","841","841"
"41749","0.041346099227666855","0.041346099227666855","0.041346099227666855","842","842","842"
"41799","0.03517572581768036","0.03517572581768036","0.03517572581768036","843","843","843"
"41849","0.04722577705979347","0.04722577705979347","0.04722577705979347","844","844","844"
"41899","0.02842717245221138","0.02842717245221138","0.02842717245221138","845","845","845"
"41949","0.02802424132823944","0.02802424132823944","0.02802424132823944","846","846","846"
"41999","0.0282135009765625","0.0282135009765625","0.0282135009765625","847","847","847"
"42049","0.03478538244962692","0.03478538244962692","0.03478538244962692","848","848","848"
"42099","0.041518308222293854","0.041518308222293854","0.041518308222293854","849","849","849"
"42149","0.030574021860957146","0.030574021860957146","0.030574021860957146","850","850","850"
"42199","0.05277659371495247","0.05277659371495247","0.05277659371495247","851","851","851"
"42249","0.060920484364032745","0.060920484364032745","0.060920484364032745","852","852","852"
"42299","0.05005456879734993","0.05005456879734993","0.05005456879734993","853","853","853"
"42349","0.03521792218089104","0.03521792218089104","0.03521792218089104","854","854","854"
"42399","0.07076314091682434","0.07076314091682434","0.07076314091682434","855","855","855"
"42449","0.03336871415376663","0.03336871415376663","0.03336871415376663","856","856","856"
"42499","0.047491028904914856","0.047491028904914856","0.047491028904914856","857","857","857"
"42549","0.049920227378606796","0.049920227378606796","0.049920227378606796","858","858","858"
"42599","0.01671917736530304","0.01671917736530304","0.01671917736530304","859","859","859"
"42649","0.053809694945812225","0.053809694945812225","0.053809694945812225","860","860","860"
"42699","0.0426822192966938","0.0426822192966938","0.0426822192966938","861","861","861"
"42749","0.036558158695697784","0.036558158695697784","0.036558158695697784","862","862","862"
"42799","0.02415379509329796","0.02415379509329796","0.02415379509329796","863","863","863"
"42849","0.0723431259393692","0.0723431259393692","0.0723431259393692","864","864","864"
"42899","0.05481800436973572","0.05481800436973572","0.05481800436973572","865","865","865"
"42949","0.08665312826633453","0.08665312826633453","0.08665312826633453","866","866","866"
"42999","0.056310899555683136","0.056310899555683136","0.056310899555683136","867","867","867"
"43049","0.06506062299013138","0.06506062299013138","0.06506062299013138","868","868","868"
"43099","0.09801645576953888","0.09801645576953888","0.09801645576953888","869","869","869"
"43149","0.03667175769805908","0.03667175769805908","0.03667175769805908","870","870","870"
"43199","0.02274874784052372","0.02274874784052372","0.02274874784052372","871","871","871"
"43249","0.04846745729446411","0.04846745729446411","0.04846745729446411","872","872","872"
"43299","0.053511083126068115","0.053511083126068115","0.053511083126068115","873","873","873"
"43349","0.028199968859553337","0.028199968859553337","0.028199968859553337","874","874","874"
"43399","0.059151552617549896","0.059151552617549896","0.059151552617549896","875","875","875"
"43449","0.028493238613009453","0.028493238613009453","0.028493238613009453","876","876","876"
"43499","0.04329517111182213","0.04329517111182213","0.04329517111182213","877","877","877"
"43549","0.06796374917030334","0.06796374917030334","0.06796374917030334","878","878","878"
"43599","0.07574950158596039","0.07574950158596039","0.07574950158596039","879","879","879"
"43649","0.04501418024301529","0.04501418024301529","0.04501418024301529","880","880","880"
"43699","0.03763604536652565","0.03763604536652565","0.03763604536652565","881","881","881"
"43749","0.08322691172361374","0.08322691172361374","0.08322691172361374","882","882","882"
"43799","0.04425407201051712","0.04425407201051712","0.04425407201051712","883","883","883"
"43849","0.04745958372950554","0.04745958372950554","0.04745958372950554","884","884","884"
"43899","0.05577472597360611","0.05577472597360611","0.05577472597360611","885","885","885"
"43949","0.055359743535518646","0.055359743535518646","0.055359743535518646","886","886","886"
"43999","0.07565782219171524","0.07565782219171524","0.07565782219171524","887","887","887"
"44049","0.06044909730553627","0.06044909730553627","0.06044909730553627","888","888","888"
"44099","0.023805197328329086","0.023805197328329086","0.023805197328329086","889","889","889"
"44149","0.05022324621677399","0.05022324621677399","0.05022324621677399","890","890","890"
"44199","0.049629874527454376","0.049629874527454376","0.049629874527454376","891","891","891"
"44249","0.04746832698583603","0.04746832698583603","0.04746832698583603","892","892","892"
"44299","0.07689283043146133","0.07689283043146133","0.07689283043146133","893","893","893"
"44349","0.03692864254117012","0.03692864254117012","0.03692864254117012","894","894","894"
"44399","0.05109722167253494","0.05109722167253494","0.05109722167253494","895","895","895"
"44449","0.036155980080366135","0.036155980080366135","0.036155980080366135","896","896","896"
"44499","0.04844387248158455","0.04844387248158455","0.04844387248158455","897","897","897"
"44549","0.04382619634270668","0.04382619634270668","0.04382619634270668","898","898","898"
"44599","0.04018827900290489","0.04018827900290489","0.04018827900290489","899","899","899"
"44649","0.044872067868709564","0.044872067868709564","0.044872067868709564","900","900","900"
"44699","0.029300596565008163","0.029300596565008163","0.029300596565008163","901","901","901"
"44749","0.0649147480726242","0.0649147480726242","0.0649147480726242","902","902","902"
"44799","0.03867971524596214","0.03867971524596214","0.03867971524596214","903","903","903"
"44849","0.04479771479964256","0.04479771479964256","0.04479771479964256","904","904","904"
"44899","0.04724115878343582","0.04724115878343582","0.04724115878343582","905","905","905"
"44949","0.028511276468634605","0.028511276468634605","0.028511276468634605","906","906","906"
"44999","0.02760385535657406","0.02760385535657406","0.02760385535657406","907","907","907"
"45049","0.040736742317676544","0.040736742317676544","0.040736742317676544","909","909","909"
"45099","0.025672418996691704","0.025672418996691704","0.025672418996691704","910","910","910"
"45149","0.030355675145983696","0.030355675145983696","0.030355675145983696","911","911","911"
"45199","0.031403832137584686","0.031403832137584686","0.031403832137584686","912","912","912"
"45249","0.05142609402537346","0.05142609402537346","0.05142609402537346","913","913","913"
"45299","0.04569568857550621","0.04569568857550621","0.04569568857550621","914","914","914"
"45349","0.0653400644659996","0.0653400644659996","0.0653400644659996","915","915","915"
"45399","0.03941376134753227","0.03941376134753227","0.03941376134753227","916","916","916"
"45449","0.0494181327521801","0.0494181327521801","0.0494181327521801","917","917","917"
"45499","0.04203192517161369","0.04203192517161369","0.04203192517161369","918","918","918"
"45549","0.04853929579257965","0.04853929579257965","0.04853929579257965","919","919","919"
"45599","0.04998144507408142","0.04998144507408142","0.04998144507408142","920","920","920"
"45649","0.05349724739789963","0.05349724739789963","0.05349724739789963","921","921","921"
"45699","0.037624210119247437","0.037624210119247437","0.037624210119247437","922","922","922"
"45749","0.04217299818992615","0.04217299818992615","0.04217299818992615","923","923","923"
"45799","0.04702053219079971","0.04702053219079971","0.04702053219079971","924","924","924"
"45849","0.039322130382061005","0.039322130382061005","0.039322130382061005","925","925","925"
"45899","0.022114701569080353","0.022114701569080353","0.022114701569080353","926","926","926"
"45949","0.03608211874961853","0.03608211874961853","0.03608211874961853","927","927","927"
"45999","0.06215257942676544","0.06215257942676544","0.06215257942676544","928","928","928"
"46049","0.04527139663696289","0.04527139663696289","0.04527139663696289","929","929","929"
"46099","0.03249111771583557","0.03249111771583557","0.03249111771583557","930","930","930"
"46149","0.031796518713235855","0.031796518713235855","0.031796518713235855","931","931","931"
"46199","0.07577687501907349","0.07577687501907349","0.07577687501907349","932","932","932"
"46249","0.04760129377245903","0.04760129377245903","0.04760129377245903","933","933","933"
"46299","0.04279768839478493","0.04279768839478493","0.04279768839478493","934","934","934"
"46349","0.08917379379272461","0.08917379379272461","0.08917379379272461","935","935","935"
"46399","0.03770386800169945","0.03770386800169945","0.03770386800169945","936","936","936"
"46449","0.05811932310461998","0.05811932310461998","0.05811932310461998","937","937","937"
"46499","0.04508111998438835","0.04508111998438835","0.04508111998438835","938","938","938"
"46549","0.033916790038347244","0.033916790038347244","0.033916790038347244","939","939","939"
"46599","0.07274013757705688","0.07274013757705688","0.07274013757705688","940","940","940"
"46649","0.04150368273258209","0.04150368273258209","0.04150368273258209","941","941","941"
"46699","0.032770972698926926","0.032770972698926926","0.032770972698926926","942","942","942"
"46749","0.051041409373283386","0.051041409373283386","0.051041409373283386","943","943","943"
"46799","0.05452069640159607","0.05452069640159607","0.05452069640159607","944","944","944"
"46849","0.06525737792253494","0.06525737792253494","0.06525737792253494","945","945","945"
"46899","0.031550195068120956","0.031550195068120956","0.031550195068120956","946","946","946"
"46949","0.04515695199370384","0.04515695199370384","0.04515695199370384","947","947","947"
"46999","0.03180737420916557","0.03180737420916557","0.03180737420916557","948","948","948"
"47049","0.05191590264439583","0.05191590264439583","0.05191590264439583","949","949","949"
"47099","0.050849419087171555","0.050849419087171555","0.050849419087171555","950","950","950"
"47149","0.03622673824429512","0.03622673824429512","0.03622673824429512","951","951","951"
"47199","0.037847429513931274","0.037847429513931274","0.037847429513931274","952","952","952"
"47249","0.2206464409828186","0.2206464409828186","0.2206464409828186","953","953","953"
"47299","0.048171717673540115","0.048171717673540115","0.048171717673540115","954","954","954"
"47349","0.056705448776483536","0.056705448776483536","0.056705448776483536","955","955","955"
"47399","0.0716104581952095","0.0716104581952095","0.0716104581952095","956","956","956"
"47449","0.04464391618967056","0.04464391618967056","0.04464391618967056","957","957","957"
"47499","0.049216896295547485","0.049216896295547485","0.049216896295547485","958","958","958"
"47549","0.034151799976825714","0.034151799976825714","0.034151799976825714","959","959","959"
"47599","0.05009469389915466","0.05009469389915466","0.05009469389915466","960","960","960"
"47649","0.028275391086935997","0.028275391086935997","0.028275391086935997","961","961","961"
"47699","0.0400838628411293","0.0400838628411293","0.0400838628411293","962","962","962"
"47749","0.03484765440225601","0.03484765440225601","0.03484765440225601","963","963","963"
"47799","0.06198853999376297","0.06198853999376297","0.06198853999376297","964","964","964"
"47849","0.034877169877290726","0.034877169877290726","0.034877169877290726","965","965","965"
"47899","0.03636510670185089","0.03636510670185089","0.03636510670185089","966","966","966"
"47949","0.036515481770038605","0.036515481770038605","0.036515481770038605","967","967","967"
"47999","0.06469458341598511","0.06469458341598511","0.06469458341598511","968","968","968"
"48049","0.0510433092713356","0.0510433092713356","0.0510433092713356","969","969","969"
"48099","0.030901074409484863","0.030901074409484863","0.030901074409484863","970","970","970"
"48149","0.025612402707338333","0.025612402707338333","0.025612402707338333","971","971","971"
"48199","0.028076648712158203","0.028076648712158203","0.028076648712158203","972","972","972"
"48249","0.046148963272571564","0.046148963272571564","0.046148963272571564","973","973","973"
"48299","0.060668159276247025","0.060668159276247025","0.060668159276247025","974","974","974"
"48349","0.01922651194036007","0.01922651194036007","0.01922651194036007","975","975","975"
"48399","0.058442890644073486","0.058442890644073486","0.058442890644073486","976","976","976"
"48449","0.025156373158097267","0.025156373158097267","0.025156373158097267","977","977","977"
"48499","0.06885333359241486","0.06885333359241486","0.06885333359241486","978","978","978"
"48549","0.05400960519909859","0.05400960519909859","0.05400960519909859","979","979","979"
"48599","0.04432002827525139","0.04432002827525139","0.04432002827525139","980","980","980"
"48649","0.04675997048616409","0.04675997048616409","0.04675997048616409","981","981","981"
"48699","0.055566348135471344","0.055566348135471344","0.055566348135471344","982","982","982"
"48749","0.03577585145831108","0.03577585145831108","0.03577585145831108","983","983","983"
"48799","0.07009370625019073","0.07009370625019073","0.07009370625019073","984","984","984"
"48849","0.07562275230884552","0.07562275230884552","0.07562275230884552","985","985","985"
"48899","0.05788233131170273","0.05788233131170273","0.05788233131170273","986","986","986"
"48949","0.034532468765974045","0.034532468765974045","0.034532468765974045","987","987","987"
"48999","0.03398227319121361","0.03398227319121361","0.03398227319121361","988","988","988"
"49049","0.04594063758850098","0.04594063758850098","0.04594063758850098","989","989","989"
"49099","0.04238998144865036","0.04238998144865036","0.04238998144865036","990","990","990"
"49149","0.04816494509577751","0.04816494509577751","0.04816494509577751","991","991","991"
"49199","0.038220733404159546","0.038220733404159546","0.038220733404159546","992","992","992"
"49249","0.04805894196033478","0.04805894196033478","0.04805894196033478","993","993","993"
"49299","0.2075633704662323","0.2075633704662323","0.2075633704662323","994","994","994"
"49349","0.041375309228897095","0.041375309228897095","0.041375309228897095","995","995","995"
"49399","0.0492447130382061","0.0492447130382061","0.0492447130382061","996","996","996"
"49449","0.051711540669202805","0.051711540669202805","0.051711540669202805","997","997","997"
"49499","0.07126559317111969","0.07126559317111969","0.07126559317111969","998","998","998"
"49549","0.03991510719060898","0.03991510719060898","0.03991510719060898","999","999","999"
"49599","0.15215319395065308","0.15215319395065308","0.15215319395065308","1000","1000","1000"
"49649","0.04114856570959091","0.04114856570959091","0.04114856570959091","1001","1001","1001"
"49699","0.06880201399326324","0.06880201399326324","0.06880201399326324","1002","1002","1002"
"49749","0.04677179455757141","0.04677179455757141","0.04677179455757141","1003","1003","1003"
"49799","0.04109390452504158","0.04109390452504158","0.04109390452504158","1004","1004","1004"
"49849","0.03859814628958702","0.03859814628958702","0.03859814628958702","1005","1005","1005"
"49899","0.055658526718616486","0.055658526718616486","0.055658526718616486","1006","1006","1006"
"49949","0.03241148591041565","0.03241148591041565","0.03241148591041565","1007","1007","1007"
"49999","0.0329180471599102","0.0329180471599102","0.0329180471599102","1008","1008","1008"
"50049","0.03871671110391617","0.03871671110391617","0.03871671110391617","1010","1010","1010"
"50099","0.026971759274601936","0.026971759274601936","0.026971759274601936","1011","1011","1011"
"50149","0.05177240073680878","0.05177240073680878","0.05177240073680878","1012","1012","1012"
"50199","0.053055401891469955","0.053055401891469955","0.053055401891469955","1013","1013","1013"
"50249","0.045398373156785965","0.045398373156785965","0.045398373156785965","1014","1014","1014"
"50299","0.06739496439695358","0.06739496439695358","0.06739496439695358","1015","1015","1015"
"50349","0.06110866367816925","0.06110866367816925","0.06110866367816925","1016","1016","1016"
"50399","0.0542423278093338","0.0542423278093338","0.0542423278093338","1017","1017","1017"
"50449","0.04503866657614708","0.04503866657614708","0.04503866657614708","1018","1018","1018"
"50499","0.0601813867688179","0.0601813867688179","0.0601813867688179","1019","1019","1019"
"50549","0.11430300772190094","0.11430300772190094","0.11430300772190094","1020","1020","1020"
"50599","0.030669137835502625","0.030669137835502625","0.030669137835502625","1021","1021","1021"
"50649","0.034639645367860794","0.034639645367860794","0.034639645367860794","1022","1022","1022"
"50699","0.0385584756731987","0.0385584756731987","0.0385584756731987","1023","1023","1023"
"50749","0.025031156837940216","0.025031156837940216","0.025031156837940216","1024","1024","1024"
"50799","0.06603226065635681","0.06603226065635681","0.06603226065635681","1025","1025","1025"
"50849","0.06751774251461029","0.06751774251461029","0.06751774251461029","1026","1026","1026"
"50899","0.030617371201515198","0.030617371201515198","0.030617371201515198","1027","1027","1027"
"50949","0.04368438199162483","0.04368438199162483","0.04368438199162483","1028","1028","1028"
"50999","0.04315720871090889","0.04315720871090889","0.04315720871090889","1029","1029","1029"
"51049","0.037247348576784134","0.037247348576784134","0.037247348576784134","1030","1030","1030"
"51099","0.039395928382873535","0.039395928382873535","0.039395928382873535","1031","1031","1031"
"51149","0.036615386605262756","0.036615386605262756","0.036615386605262756","1032","1032","1032"
"51199","0.06758782267570496","0.06758782267570496","0.06758782267570496","1033","1033","1033"
"51249","0.05478985980153084","0.05478985980153084","0.05478985980153084","1034","1034","1034"
"51299","0.030753059312701225","0.030753059312701225","0.030753059312701225","1035","1035","1035"
"51349","0.040396761149168015","0.040396761149168015","0.040396761149168015","1036","1036","1036"
"51399","0.04155633971095085","0.04155633971095085","0.04155633971095085","1037","1037","1037"
"51449","0.04670403525233269","0.04670403525233269","0.04670403525233269","1038","1038","1038"
"51499","0.04686637595295906","0.04686637595295906","0.04686637595295906","1039","1039","1039"
"51549","0.0647471696138382","0.0647471696138382","0.0647471696138382","1040","1040","1040"
"51599","0.07730711251497269","0.07730711251497269","0.07730711251497269","1041","1041","1041"
"51649","0.03982742503285408","0.03982742503285408","0.03982742503285408","1042","1042","1042"
"51699","0.05684980750083923","0.05684980750083923","0.05684980750083923","1043","1043","1043"
"51749","0.0669461339712143","0.0669461339712143","0.0669461339712143","1044","1044","1044"
"51799","0.03458119183778763","0.03458119183778763","0.03458119183778763","1045","1045","1045"
"51849","0.03263513743877411","0.03263513743877411","0.03263513743877411","1046","1046","1046"
"51899","0.05903913080692291","0.05903913080692291","0.05903913080692291","1047","1047","1047"
"51949","0.05449070781469345","0.05449070781469345","0.05449070781469345","1048","1048","1048"
"51999","0.04714133217930794","0.04714133217930794","0.04714133217930794","1049","1049","1049"
"52049","0.022093776613473892","0.022093776613473892","0.022093776613473892","1050","1050","1050"
"52099","0.06567071378231049","0.06567071378231049","0.06567071378231049","1051","1051","1051"
"52149","0.03672559931874275","0.03672559931874275","0.03672559931874275","1052","1052","1052"
"52199","0.06404367834329605","0.06404367834329605","0.06404367834329605","1053","1053","1053"
"52249","0.02464083395898342","0.02464083395898342","0.02464083395898342","1054","1054","1054"
"52299","0.04569851979613304","0.04569851979613304","0.04569851979613304","1055","1055","1055"
"52349","0.059866853058338165","0.059866853058338165","0.059866853058338165","1056","1056","1056"
"52399","0.04615237936377525","0.04615237936377525","0.04615237936377525","1057","1057","1057"
"52449","0.034679800271987915","0.034679800271987915","0.034679800271987915","1058","1058","1058"
"52499","0.06092226877808571","0.06092226877808571","0.06092226877808571","1059","1059","1059"
"52549","0.034080129116773605","0.034080129116773605","0.034080129116773605","1060","1060","1060"
"52599","0.056252993643283844","0.056252993643283844","0.056252993643283844","1061","1061","1061"
"52649","0.038594800978899","0.038594800978899","0.038594800978899","1062","1062","1062"
"52699","0.04630652070045471","0.04630652070045471","0.04630652070045471","1063","1063","1063"
"52749","0.0401960164308548","0.0401960164308548","0.0401960164308548","1064","1064","1064"
"52799","0.037745971232652664","0.037745971232652664","0.037745971232652664","1065","1065","1065"
"52849","0.03985318914055824","0.03985318914055824","0.03985318914055824","1066","1066","1066"
"52899","0.04811719059944153","0.04811719059944153","0.04811719059944153","1067","1067","1067"
"52949","0.026207253336906433","0.026207253336906433","0.026207253336906433","1068","1068","1068"
"52999","0.024874268099665642","0.024874268099665642","0.024874268099665642","1069","1069","1069"
"53049","0.05995282530784607","0.05995282530784607","0.05995282530784607","1070","1070","1070"
"53099","0.08429072052240372","0.08429072052240372","0.08429072052240372","1071","1071","1071"
"53149","0.06007783114910126","0.06007783114910126","0.06007783114910126","1072","1072","1072"
"53199","0.039075516164302826","0.039075516164302826","0.039075516164302826","1073","1073","1073"
"53249","0.03647610917687416","0.03647610917687416","0.03647610917687416","1074","1074","1074"
"53299","0.05698026716709137","0.05698026716709137","0.05698026716709137","1075","1075","1075"
"53349","0.04169829562306404","0.04169829562306404","0.04169829562306404","1076","1076","1076"
"53399","0.05032550171017647","0.05032550171017647","0.05032550171017647","1077","1077","1077"
"53449","0.05358956381678581","0.05358956381678581","0.05358956381678581","1078","1078","1078"
"53499","0.03233439847826958","0.03233439847826958","0.03233439847826958","1079","1079","1079"
"53549","0.11650126427412033","0.11650126427412033","0.11650126427412033","1080","1080","1080"
"53599","0.0716354176402092","0.0716354176402092","0.0716354176402092","1081","1081","1081"
"53649","0.0603838749229908","0.0603838749229908","0.0603838749229908","1082","1082","1082"
"53699","0.03338136896491051","0.03338136896491051","0.03338136896491051","1083","1083","1083"
"53749","0.04639972746372223","0.04639972746372223","0.04639972746372223","1084","1084","1084"
"53799","0.03460549935698509","0.03460549935698509","0.03460549935698509","1085","1085","1085"
"53849","0.05578005686402321","0.05578005686402321","0.05578005686402321","1086","1086","1086"
"53899","0.08905372023582458","0.08905372023582458","0.08905372023582458","1087","1087","1087"
"53949","0.029093826189637184","0.029093826189637184","0.029093826189637184","1088","1088","1088"
"53999","0.056267671287059784","0.056267671287059784","0.056267671287059784","1089","1089","1089"
"54049","0.029526932165026665","0.029526932165026665","0.029526932165026665","1090","1090","1090"
"54099","0.04367046803236008","0.04367046803236008","0.04367046803236008","1091","1091","1091"
"54149","0.04299662634730339","0.04299662634730339","0.04299662634730339","1092","1092","1092"
"54199","0.03403078764677048","0.03403078764677048","0.03403078764677048","1093","1093","1093"
"54249","0.039301227778196335","0.039301227778196335","0.039301227778196335","1094","1094","1094"
"54299","0.04460262507200241","0.04460262507200241","0.04460262507200241","1095","1095","1095"
"54349","0.05825428664684296","0.05825428664684296","0.05825428664684296","1096","1096","1096"
"54399","0.04477086663246155","0.04477086663246155","0.04477086663246155","1097","1097","1097"
"54449","0.06534476578235626","0.06534476578235626","0.06534476578235626","1098","1098","1098"
"54499","0.045888546854257584","0.045888546854257584","0.045888546854257584","1099","1099","1099"
"54549","0.03484265133738518","0.03484265133738518","0.03484265133738518","1100","1100","1100"
"54599","0.05253295600414276","0.05253295600414276","0.05253295600414276","1101","1101","1101"
"54649","0.047463852912187576","0.047463852912187576","0.047463852912187576","1102","1102","1102"
"54699","0.06283087283372879","0.06283087283372879","0.06283087283372879","1103","1103","1103"
"54749","0.06747344881296158","0.06747344881296158","0.06747344881296158","1104","1104","1104"
"54799","0.028024524450302124","0.028024524450302124","0.028024524450302124","1105","1105","1105"
"54849","0.16379021108150482","0.16379021108150482","0.16379021108150482","1106","1106","1106"
"54899","0.039197031408548355","0.039197031408548355","0.039197031408548355","1107","1107","1107"
"54949","0.044122129678726196","0.044122129678726196","0.044122129678726196","1108","1108","1108"
"54999","0.024842020124197006","0.024842020124197006","0.024842020124197006","1109","1109","1109"
"55049","0.03411482274532318","0.03411482274532318","0.03411482274532318","1111","1111","1111"
"55099","0.040905289351940155","0.040905289351940155","0.040905289351940155","1112","1112","1112"
"55149","0.05574008449912071","0.05574008449912071","0.05574008449912071","1113","1113","1113"
"55199","0.030723774805665016","0.030723774805665016","0.030723774805665016","1114","1114","1114"
"55249","0.06602249294519424","0.06602249294519424","0.06602249294519424","1115","1115","1115"
"55299","0.05835721269249916","0.05835721269249916","0.05835721269249916","1116","1116","1116"
"55349","0.03418288752436638","0.03418288752436638","0.03418288752436638","1117","1117","1117"
"55399","0.051079362630844116","0.051079362630844116","0.051079362630844116","1118","1118","1118"
"55449","0.05801276117563248","0.05801276117563248","0.05801276117563248","1119","1119","1119"
"55499","0.06454558670520782","0.06454558670520782","0.06454558670520782","1120","1120","1120"
"55549","0.036187637597322464","0.036187637597322464","0.036187637597322464","1121","1121","1121"
"55599","0.06610745936632156","0.06610745936632156","0.06610745936632156","1122","1122","1122"
"55649","0.051840949803590775","0.051840949803590775","0.051840949803590775","1123","1123","1123"
"55699","0.04526861384510994","0.04526861384510994","0.04526861384510994","1124","1124","1124"
"55749","0.04507613927125931","0.04507613927125931","0.04507613927125931","1125","1125","1125"
"55799","0.08839451521635056","0.08839451521635056","0.08839451521635056","1126","1126","1126"
"55849","0.04810924082994461","0.04810924082994461","0.04810924082994461","1127","1127","1127"
"55899","0.03161206096410751","0.03161206096410751","0.03161206096410751","1128","1128","1128"
"55949","0.02348841167986393","0.02348841167986393","0.02348841167986393","1129","1129","1129"
"55999","0.03013814426958561","0.03013814426958561","0.03013814426958561","1130","1130","1130"
"56049","0.03913608193397522","0.03913608193397522","0.03913608193397522","1131","1131","1131"
"56099","0.0360516794025898","0.0360516794025898","0.0360516794025898","1132","1132","1132"
"56149","0.034223344177007675","0.034223344177007675","0.034223344177007675","1133","1133","1133"
"56199","0.05045664682984352","0.05045664682984352","0.05045664682984352","1134","1134","1134"
"56249","0.03693921118974686","0.03693921118974686","0.03693921118974686","1135","1135","1135"
"56299","0.061526305973529816","0.061526305973529816","0.061526305973529816","1136","1136","1136"
"56349","0.026381857693195343","0.026381857693195343","0.026381857693195343","1137","1137","1137"
"56399","0.06086321175098419","0.06086321175098419","0.06086321175098419","1138","1138","1138"
"56449","0.023436326533555984","0.023436326533555984","0.023436326533555984","1139","1139","1139"
"56499","0.03533843904733658","0.03533843904733658","0.03533843904733658","1140","1140","1140"
"56549","0.03061569668352604","0.03061569668352604","0.03061569668352604","1141","1141","1141"
"56599","0.059226375073194504","0.059226375073194504","0.059226375073194504","1142","1142","1142"
"56649","0.05544438585639","0.05544438585639","0.05544438585639","1143","1143","1143"
"56699","0.0534595288336277","0.0534595288336277","0.0534595288336277","1144","1144","1144"
"56749","0.038495443761348724","0.038495443761348724","0.038495443761348724","1145","1145","1145"
"56799","0.029392529278993607","0.029392529278993607","0.029392529278993607","1146","1146","1146"
"56849","0.08897428214550018","0.08897428214550018","0.08897428214550018","1147","1147","1147"
"56899","0.02862490527331829","0.02862490527331829","0.02862490527331829","1148","1148","1148"
"56949","0.03598606958985329","0.03598606958985329","0.03598606958985329","1149","1149","1149"
"56999","0.02421441674232483","0.02421441674232483","0.02421441674232483","1150","1150","1150"
"57049","0.05601862072944641","0.05601862072944641","0.05601862072944641","1151","1151","1151"
"57099","0.043923161923885345","0.043923161923885345","0.043923161923885345","1152","1152","1152"
"57149","0.04235848784446716","0.04235848784446716","0.04235848784446716","1153","1153","1153"
"57199","0.04590093344449997","0.04590093344449997","0.04590093344449997","1154","1154","1154"
"57249","0.022925639525055885","0.022925639525055885","0.022925639525055885","1155","1155","1155"
"57299","0.06347798556089401","0.06347798556089401","0.06347798556089401","1156","1156","1156"
"57349","0.041036415845155716","0.041036415845155716","0.041036415845155716","1157","1157","1157"
"57399","0.028956566005945206","0.028956566005945206","0.028956566005945206","1158","1158","1158"
"57449","0.05751034989953041","0.05751034989953041","0.05751034989953041","1159","1159","1159"
"57499","0.047112781554460526","0.047112781554460526","0.047112781554460526","1160","1160","1160"
"57549","0.05347524955868721","0.05347524955868721","0.05347524955868721","1161","1161","1161"
"57599","0.0413278304040432","0.0413278304040432","0.0413278304040432","1162","1162","1162"
"57649","0.0334203764796257","0.0334203764796257","0.0334203764796257","1163","1163","1163"
"57699","0.03290438652038574","0.03290438652038574","0.03290438652038574","1164","1164","1164"
"57749","0.04265079274773598","0.04265079274773598","0.04265079274773598","1165","1165","1165"
"57799","0.06346902996301651","0.06346902996301651","0.06346902996301651","1166","1166","1166"
"57849","0.04033942520618439","0.04033942520618439","0.04033942520618439","1167","1167","1167"
"57899","0.05308385565876961","0.05308385565876961","0.05308385565876961","1168","1168","1168"
"57949","0.049458540976047516","0.049458540976047516","0.049458540976047516","1169","1169","1169"
"57999","0.06562802940607071","0.06562802940607071","0.06562802940607071","1170","1170","1170"
"58049","0.06534645706415176","0.06534645706415176","0.06534645706415176","1171","1171","1171"
"58099","0.045547325164079666","0.045547325164079666","0.045547325164079666","1172","1172","1172"
"58149","0.05739179253578186","0.05739179253578186","0.05739179253578186","1173","1173","1173"
"58199","0.039248112589120865","0.039248112589120865","0.039248112589120865","1174","1174","1174"
"58249","0.04248902574181557","0.04248902574181557","0.04248902574181557","1175","1175","1175"
"58299","0.03594014793634415","0.03594014793634415","0.03594014793634415","1176","1176","1176"
"58349","0.045981865376234055","0.045981865376234055","0.045981865376234055","1177","1177","1177"
"58399","0.04650580510497093","0.04650580510497093","0.04650580510497093","1178","1178","1178"
"58449","0.05402950942516327","0.05402950942516327","0.05402950942516327","1179","1179","1179"
"58499","0.02393316850066185","0.02393316850066185","0.02393316850066185","1180","1180","1180"
"58549","0.03490951284766197","0.03490951284766197","0.03490951284766197","1181","1181","1181"
"58599","0.05852334573864937","0.05852334573864937","0.05852334573864937","1182","1182","1182"
"58649","0.05270393565297127","0.05270393565297127","0.05270393565297127","1183","1183","1183"
"58699","0.05490664392709732","0.05490664392709732","0.05490664392709732","1184","1184","1184"
"58749","0.04137169197201729","0.04137169197201729","0.04137169197201729","1185","1185","1185"
"58799","0.042464010417461395","0.042464010417461395","0.042464010417461395","1186","1186","1186"
"58849","0.04252079874277115","0.04252079874277115","0.04252079874277115","1187","1187","1187"
"58899","0.03093579038977623","0.03093579038977623","0.03093579038977623","1188","1188","1188"
"58949","0.06433409452438354","0.06433409452438354","0.06433409452438354","1189","1189","1189"
"58999","0.04000193625688553","0.04000193625688553","0.04000193625688553","1190","1190","1190"
"59049","0.01808200404047966","0.01808200404047966","0.01808200404047966","1191","1191","1191"
"59099","0.04698389023542404","0.04698389023542404","0.04698389023542404","1192","1192","1192"
"59149","0.05189763382077217","0.05189763382077217","0.05189763382077217","1193","1193","1193"
"59199","0.03314585983753204","0.03314585983753204","0.03314585983753204","1194","1194","1194"
"59249","0.06632429361343384","0.06632429361343384","0.06632429361343384","1195","1195","1195"
"59299","0.046394720673561096","0.046394720673561096","0.046394720673561096","1196","1196","1196"
"59349","0.03427591547369957","0.03427591547369957","0.03427591547369957","1197","1197","1197"
"59399","0.03977352753281593","0.03977352753281593","0.03977352753281593","1198","1198","1198"
"59449","0.04205001890659332","0.04205001890659332","0.04205001890659332","1199","1199","1199"
"59499","0.06087150424718857","0.06087150424718857","0.06087150424718857","1200","1200","1200"
"59549","0.04167427122592926","0.04167427122592926","0.04167427122592926","1201","1201","1201"
"59599","0.04292992502450943","0.04292992502450943","0.04292992502450943","1202","1202","1202"
"59649","0.04851997643709183","0.04851997643709183","0.04851997643709183","1203","1203","1203"
"59699","0.04020232707262039","0.04020232707262039","0.04020232707262039","1204","1204","1204"
"59749","0.04290321096777916","0.04290321096777916","0.04290321096777916","1205","1205","1205"
"59799","0.036100707948207855","0.036100707948207855","0.036100707948207855","1206","1206","1206"
"59849","0.04136543720960617","0.04136543720960617","0.04136543720960617","1207","1207","1207"
"59899","0.033301908522844315","0.033301908522844315","0.033301908522844315","1208","1208","1208"
"59949","0.07911975681781769","0.07911975681781769","0.07911975681781769","1209","1209","1209"
"59999","0.07435297220945358","0.07435297220945358","0.07435297220945358","1210","1210","1210"
"60049","0.03452076017856598","0.03452076017856598","0.03452076017856598","1212","1212","1212"
"60099","0.06440555304288864","0.06440555304288864","0.06440555304288864","1213","1213","1213"
"60149","0.05756556615233421","0.05756556615233421","0.05756556615233421","1214","1214","1214"
"60199","0.03769531473517418","0.03769531473517418","0.03769531473517418","1215","1215","1215"
"60249","0.06536222994327545","0.06536222994327545","0.06536222994327545","1216","1216","1216"
"60299","0.024871204048395157","0.024871204048395157","0.024871204048395157","1217","1217","1217"
"60349","0.03443419933319092","0.03443419933319092","0.03443419933319092","1218","1218","1218"
"60399","0.04360572621226311","0.04360572621226311","0.04360572621226311","1219","1219","1219"
"60449","0.03867726773023605","0.03867726773023605","0.03867726773023605","1220","1220","1220"
"60499","0.038377489894628525","0.038377489894628525","0.038377489894628525","1221","1221","1221"
"60549","0.08312059938907623","0.08312059938907623","0.08312059938907623","1222","1222","1222"
"60599","0.03724237158894539","0.03724237158894539","0.03724237158894539","1223","1223","1223"
"60649","0.03949013352394104","0.03949013352394104","0.03949013352394104","1224","1224","1224"
"60699","0.054002825170755386","0.054002825170755386","0.054002825170755386","1225","1225","1225"
"60749","0.02651773951947689","0.02651773951947689","0.02651773951947689","1226","1226","1226"
"60799","0.02468368038535118","0.02468368038535118","0.02468368038535118","1227","1227","1227"
"60849","0.05288952589035034","0.05288952589035034","0.05288952589035034","1228","1228","1228"
"60899","0.03870215639472008","0.03870215639472008","0.03870215639472008","1229","1229","1229"
"60949","0.06065525859594345","0.06065525859594345","0.06065525859594345","1230","1230","1230"
"60999","0.07019825279712677","0.07019825279712677","0.07019825279712677","1231","1231","1231"
"61049","0.04239127039909363","0.04239127039909363","0.04239127039909363","1232","1232","1232"
"61099","0.04448958858847618","0.04448958858847618","0.04448958858847618","1233","1233","1233"
"61149","0.04646238684654236","0.04646238684654236","0.04646238684654236","1234","1234","1234"
"61199","0.034751322120428085","0.034751322120428085","0.034751322120428085","1235","1235","1235"
"61249","0.0398847721517086","0.0398847721517086","0.0398847721517086","1236","1236","1236"
"61299","0.041359830647706985","0.041359830647706985","0.041359830647706985","1237","1237","1237"
"61349","0.03951065614819527","0.03951065614819527","0.03951065614819527","1238","1238","1238"
"61399","0.07031027227640152","0.07031027227640152","0.07031027227640152","1239","1239","1239"
"61449","0.038018930703401566","0.038018930703401566","0.038018930703401566","1240","1240","1240"
"61499","0.05337414890527725","0.05337414890527725","0.05337414890527725","1241","1241","1241"
"61549","0.02790233865380287","0.02790233865380287","0.02790233865380287","1242","1242","1242"
"61599","0.03670642524957657","0.03670642524957657","0.03670642524957657","1243","1243","1243"
"61649","0.048544302582740784","0.048544302582740784","0.048544302582740784","1244","1244","1244"
"61699","0.03687337040901184","0.03687337040901184","0.03687337040901184","1245","1245","1245"
"61749","0.05288536474108696","0.05288536474108696","0.05288536474108696","1246","1246","1246"
"61799","0.027547456324100494","0.027547456324100494","0.027547456324100494","1247","1247","1247"
"61849","0.040791504085063934","0.040791504085063934","0.040791504085063934","1248","1248","1248"
"61899","0.036459341645240784","0.036459341645240784","0.036459341645240784","1249","1249","1249"
"61949","0.061935510486364365","0.061935510486364365","0.061935510486364365","1250","1250","1250"
"61999","0.032793041318655014","0.032793041318655014","0.032793041318655014","1251","1251","1251"
"62049","0.03787608444690704","0.03787608444690704","0.03787608444690704","1252","1252","1252"
"62099","0.05029655247926712","0.05029655247926712","0.05029655247926712","1253","1253","1253"
"62149","0.030435677617788315","0.030435677617788315","0.030435677617788315","1254","1254","1254"
"62199","0.026061031967401505","0.026061031967401505","0.026061031967401505","1255","1255","1255"
"62249","0.05195800960063934","0.05195800960063934","0.05195800960063934","1256","1256","1256"
"62299","0.04265940934419632","0.04265940934419632","0.04265940934419632","1257","1257","1257"
"62349","0.033765293657779694","0.033765293657779694","0.033765293657779694","1258","1258","1258"
"62399","0.0671359971165657","0.0671359971165657","0.0671359971165657","1259","1259","1259"
"62449","0.07510007172822952","0.07510007172822952","0.07510007172822952","1260","1260","1260"
"62499","0.051047466695308685","0.051047466695308685","0.051047466695308685","1261","1261","1261"
"62549","0.037453483790159225","0.037453483790159225","0.037453483790159225","1262","1262","1262"
"62599","0.027344562113285065","0.027344562113285065","0.027344562113285065","1263","1263","1263"
"62649","0.03362960368394852","0.03362960368394852","0.03362960368394852","1264","1264","1264"
"62699","0.033606093376874924","0.033606093376874924","0.033606093376874924","1265","1265","1265"
"62749","0.0940517857670784","0.0940517857670784","0.0940517857670784","1266","1266","1266"
"62799","0.03240351751446724","0.03240351751446724","0.03240351751446724","1267","1267","1267"
"62849","0.023126401007175446","0.023126401007175446","0.023126401007175446","1268","1268","1268"
"62899","0.039793528616428375","0.039793528616428375","0.039793528616428375","1269","1269","1269"
"62949","0.05852183327078819","0.05852183327078819","0.05852183327078819","1270","1270","1270"
"62999","0.04245835170149803","0.04245835170149803","0.04245835170149803","1271","1271","1271"
"63049","0.04168908670544624","0.04168908670544624","0.04168908670544624","1272","1272","1272"
"63099","0.03611642122268677","0.03611642122268677","0.03611642122268677","1273","1273","1273"
"63149","0.03182004392147064","0.03182004392147064","0.03182004392147064","1274","1274","1274"
"63199","0.05063725262880325","0.05063725262880325","0.05063725262880325","1275","1275","1275"
"63249","0.02227611280977726","0.02227611280977726","0.02227611280977726","1276","1276","1276"
"63299","0.07323429733514786","0.07323429733514786","0.07323429733514786","1277","1277","1277"
"63349","0.0361856110394001","0.0361856110394001","0.0361856110394001","1278","1278","1278"
"63399","0.037510234862565994","0.037510234862565994","0.037510234862565994","1279","1279","1279"
"63449","0.03362788259983063","0.03362788259983063","0.03362788259983063","1280","1280","1280"
"63499","0.040203068405389786","0.040203068405389786","0.040203068405389786","1281","1281","1281"
"63549","0.044355276972055435","0.044355276972055435","0.044355276972055435","1282","1282","1282"
"63599","0.04574217647314072","0.04574217647314072","0.04574217647314072","1283","1283","1283"
"63649","0.07007263600826263","0.07007263600826263","0.07007263600826263","1284","1284","1284"
"63699","0.07431191205978394","0.07431191205978394","0.07431191205978394","1285","1285","1285"
"63749","0.052348144352436066","0.052348144352436066","0.052348144352436066","1286","1286","1286"
"63799","0.1531517207622528","0.1531517207622528","0.1531517207622528","1287","1287","1287"
"63849","0.04575740918517113","0.04575740918517113","0.04575740918517113","1288","1288","1288"
"63899","0.043659139424562454","0.043659139424562454","0.043659139424562454","1289","1289","1289"
"63949","0.04022769629955292","0.04022769629955292","0.04022769629955292","1290","1290","1290"
"63999","0.024107296019792557","0.024107296019792557","0.024107296019792557","1291","1291","1291"
"64049","0.0479813888669014","0.0479813888669014","0.0479813888669014","1292","1292","1292"
"64099","0.027276555076241493","0.027276555076241493","0.027276555076241493","1293","1293","1293"
"64149","0.07032211869955063","0.07032211869955063","0.07032211869955063","1294","1294","1294"
"64199","0.03258044272661209","0.03258044272661209","0.03258044272661209","1295","1295","1295"
"64249","0.0530783087015152","0.0530783087015152","0.0530783087015152","1296","1296","1296"
"64299","0.052097056061029434","0.052097056061029434","0.052097056061029434","1297","1297","1297"
"64349","0.05478441342711449","0.05478441342711449","0.05478441342711449","1298","1298","1298"
"64399","0.054443784058094025","0.054443784058094025","0.054443784058094025","1299","1299","1299"
"64449","0.0313553549349308","0.0313553549349308","0.0313553549349308","1300","1300","1300"
"64499","0.027971230447292328","0.027971230447292328","0.027971230447292328","1301","1301","1301"
"64549","0.036475345492362976","0.036475345492362976","0.036475345492362976","1302","1302","1302"
"64599","0.04944109171628952","0.04944109171628952","0.04944109171628952","1303","1303","1303"
"64649","0.09584940969944","0.09584940969944","0.09584940969944","1304","1304","1304"
"64699","0.05541086196899414","0.05541086196899414","0.05541086196899414","1305","1305","1305"
"64749","0.05812966823577881","0.05812966823577881","0.05812966823577881","1306","1306","1306"
"64799","0.03694266825914383","0.03694266825914383","0.03694266825914383","1307","1307","1307"
"64849","0.0377207025885582","0.0377207025885582","0.0377207025885582","1308","1308","1308"
"64899","0.0580047145485878","0.0580047145485878","0.0580047145485878","1309","1309","1309"
"64949","0.0833701565861702","0.0833701565861702","0.0833701565861702","1310","1310","1310"
"64999","0.0739571750164032","0.0739571750164032","0.0739571750164032","1311","1311","1311"
"65049","0.026989804580807686","0.026989804580807686","0.026989804580807686","1313","1313","1313"
"65099","0.08002430200576782","0.08002430200576782","0.08002430200576782","1314","1314","1314"
"65149","0.03615795820951462","0.03615795820951462","0.03615795820951462","1315","1315","1315"
"65199","0.08781297504901886","0.08781297504901886","0.08781297504901886","1316","1316","1316"
"65249","0.04888872802257538","0.04888872802257538","0.04888872802257538","1317","1317","1317"
"65299","0.05455445498228073","0.05455445498228073","0.05455445498228073","1318","1318","1318"
"65349","0.04134678095579147","0.04134678095579147","0.04134678095579147","1319","1319","1319"
"65399","0.04305218905210495","0.04305218905210495","0.04305218905210495","1320","1320","1320"
"65449","0.07988905161619186","0.07988905161619186","0.07988905161619186","1321","1321","1321"
"65499","0.029870470985770226","0.029870470985770226","0.029870470985770226","1322","1322","1322"
"65549","0.09154944866895676","0.09154944866895676","0.09154944866895676","1323","1323","1323"
"65599","0.06090276688337326","0.06090276688337326","0.06090276688337326","1324","1324","1324"
"65649","0.04489755630493164","0.04489755630493164","0.04489755630493164","1325","1325","1325"
"65699","0.049367427825927734","0.049367427825927734","0.049367427825927734","1326","1326","1326"
"65749","0.04177984222769737","0.04177984222769737","0.04177984222769737","1327","1327","1327"
"65799","0.05080404132604599","0.05080404132604599","0.05080404132604599","1328","1328","1328"
"65849","0.04622553661465645","0.04622553661465645","0.04622553661465645","1329","1329","1329"
"65899","0.053481895476579666","0.053481895476579666","0.053481895476579666","1330","1330","1330"
"65949","0.06566578149795532","0.06566578149795532","0.06566578149795532","1331","1331","1331"
"65999","0.06263025850057602","0.06263025850057602","0.06263025850057602","1332","1332","1332"
"66049","0.09766028076410294","0.09766028076410294","0.09766028076410294","1333","1333","1333"
"66099","0.032934147864580154","0.032934147864580154","0.032934147864580154","1334","1334","1334"
"66149","0.07011441886425018","0.07011441886425018","0.07011441886425018","1335","1335","1335"
"66199","0.0458005927503109","0.0458005927503109","0.0458005927503109","1336","1336","1336"
"66249","0.03917289525270462","0.03917289525270462","0.03917289525270462","1337","1337","1337"
"66299","0.03815827518701553","0.03815827518701553","0.03815827518701553","1338","1338","1338"
"66349","0.05207464471459389","0.05207464471459389","0.05207464471459389","1339","1339","1339"
"66399","0.07442193478345871","0.07442193478345871","0.07442193478345871","1340","1340","1340"
"66449","0.03441491723060608","0.03441491723060608","0.03441491723060608","1341","1341","1341"
"66499","0.024344487115740776","0.024344487115740776","0.024344487115740776","1342","1342","1342"
"66549","0.041258350014686584","0.041258350014686584","0.041258350014686584","1343","1343","1343"
"66599","0.057426124811172485","0.057426124811172485","0.057426124811172485","1344","1344","1344"
"66649","0.036680735647678375","0.036680735647678375","0.036680735647678375","1345","1345","1345"
"66699","0.028974467888474464","0.028974467888474464","0.028974467888474464","1346","1346","1346"
"66749","0.02913053333759308","0.02913053333759308","0.02913053333759308","1347","1347","1347"
"66799","0.03375508263707161","0.03375508263707161","0.03375508263707161","1348","1348","1348"
"66849","0.03749539330601692","0.03749539330601692","0.03749539330601692","1349","1349","1349"
"66899","0.06499830633401871","0.06499830633401871","0.06499830633401871","1350","1350","1350"
"66949","0.05627257749438286","0.05627257749438286","0.05627257749438286","1351","1351","1351"
"66999","0.04767994582653046","0.04767994582653046","0.04767994582653046","1352","1352","1352"
"67049","0.02890244498848915","0.02890244498848915","0.02890244498848915","1353","1353","1353"
"67099","0.05165861174464226","0.05165861174464226","0.05165861174464226","1354","1354","1354"
"67149","0.05145522579550743","0.05145522579550743","0.05145522579550743","1355","1355","1355"
"67199","0.04489624872803688","0.04489624872803688","0.04489624872803688","1356","1356","1356"
"67249","0.03749624639749527","0.03749624639749527","0.03749624639749527","1357","1357","1357"
"67299","0.04570470005273819","0.04570470005273819","0.04570470005273819","1358","1358","1358"
"67349","0.05202712118625641","0.05202712118625641","0.05202712118625641","1359","1359","1359"
"67399","0.04001186415553093","0.04001186415553093","0.04001186415553093","1360","1360","1360"
"67449","0.10131431370973587","0.10131431370973587","0.10131431370973587","1361","1361","1361"
"67499","0.04534775763750076","0.04534775763750076","0.04534775763750076","1362","1362","1362"
"67549","0.0536356158554554","0.0536356158554554","0.0536356158554554","1363","1363","1363"
"67599","0.03655476123094559","0.03655476123094559","0.03655476123094559","1364","1364","1364"
"67649","0.04203738272190094","0.04203738272190094","0.04203738272190094","1365","1365","1365"
"67699","0.04858805611729622","0.04858805611729622","0.04858805611729622","1366","1366","1366"
"67749","0.07874086499214172","0.07874086499214172","0.07874086499214172","1367","1367","1367"
"67799","0.037839051336050034","0.037839051336050034","0.037839051336050034","1368","1368","1368"
"67849","0.03148699179291725","0.03148699179291725","0.03148699179291725","1369","1369","1369"
"67899","0.07167089730501175","0.07167089730501175","0.07167089730501175","1370","1370","1370"
"67949","0.043375901877880096","0.043375901877880096","0.043375901877880096","1371","1371","1371"
"67999","0.037357594817876816","0.037357594817876816","0.037357594817876816","1372","1372","1372"
"68049","0.03685018792748451","0.03685018792748451","0.03685018792748451","1373","1373","1373"
"68099","0.05289347842335701","0.05289347842335701","0.05289347842335701","1374","1374","1374"
"68149","0.04945746809244156","0.04945746809244156","0.04945746809244156","1375","1375","1375"
"68199","0.01991947926580906","0.01991947926580906","0.01991947926580906","1376","1376","1376"
"68249","0.0512256845831871","0.0512256845831871","0.0512256845831871","1377","1377","1377"
"68299","0.045619603246450424","0.045619603246450424","0.045619603246450424","1378","1378","1378"
"68349","0.1935901790857315","0.1935901790857315","0.1935901790857315","1379","1379","1379"
"68399","0.05436328053474426","0.05436328053474426","0.05436328053474426","1380","1380","1380"
"68449","0.05450822412967682","0.05450822412967682","0.05450822412967682","1381","1381","1381"
"68499","0.05674862116575241","0.05674862116575241","0.05674862116575241","1382","1382","1382"
"68549","0.05891289561986923","0.05891289561986923","0.05891289561986923","1383","1383","1383"
"68599","0.041375238448381424","0.041375238448381424","0.041375238448381424","1384","1384","1384"
"68649","0.030522504821419716","0.030522504821419716","0.030522504821419716","1385","1385","1385"
"68699","0.039512742310762405","0.039512742310762405","0.039512742310762405","1386","1386","1386"
"68749","0.050925225019454956","0.050925225019454956","0.050925225019454956","1387","1387","1387"
"68799","0.07696487009525299","0.07696487009525299","0.07696487009525299","1388","1388","1388"
"68849","0.039678096771240234","0.039678096771240234","0.039678096771240234","1389","1389","1389"
"68899","0.05038978531956673","0.05038978531956673","0.05038978531956673","1390","1390","1390"
"68949","0.047461774200201035","0.047461774200201035","0.047461774200201035","1391","1391","1391"
"68999","0.0484541617333889","0.0484541617333889","0.0484541617333889","1392","1392","1392"
"69049","0.07973785698413849","0.07973785698413849","0.07973785698413849","1393","1393","1393"
"69099","0.06413816660642624","0.06413816660642624","0.06413816660642624","1394","1394","1394"
"69149","0.0269477479159832","0.0269477479159832","0.0269477479159832","1395","1395","1395"
"69199","0.04589803144335747","0.04589803144335747","0.04589803144335747","1396","1396","1396"
"69249","0.03246366232633591","0.03246366232633591","0.03246366232633591","1397","1397","1397"
"69299","0.07555502653121948","0.07555502653121948","0.07555502653121948","1398","1398","1398"
"69349","0.04920046404004097","0.04920046404004097","0.04920046404004097","1399","1399","1399"
"69399","0.05620217323303223","0.05620217323303223","0.05620217323303223","1400","1400","1400"
"69449","0.04493825510144234","0.04493825510144234","0.04493825510144234","1401","1401","1401"
"69499","0.0568573959171772","0.0568573959171772","0.0568573959171772","1402","1402","1402"
"69549","0.038075827062129974","0.038075827062129974","0.038075827062129974","1403","1403","1403"
"69599","0.05284307524561882","0.05284307524561882","0.05284307524561882","1404","1404","1404"
"69649","0.05848274379968643","0.05848274379968643","0.05848274379968643","1405","1405","1405"
"69699","0.07065218687057495","0.07065218687057495","0.07065218687057495","1406","1406","1406"
"69749","0.04332609102129936","0.04332609102129936","0.04332609102129936","1407","1407","1407"
"69799","0.060970790684223175","0.060970790684223175","0.060970790684223175","1408","1408","1408"
"69849","0.06901949644088745","0.06901949644088745","0.06901949644088745","1409","1409","1409"
"69899","0.05786822363734245","0.05786822363734245","0.05786822363734245","1410","1410","1410"
"69949","0.07763396948575974","0.07763396948575974","0.07763396948575974","1411","1411","1411"
"69999","0.026944182813167572","0.026944182813167572","0.026944182813167572","1412","1412","1412"
"70049","0.04194802790880203","0.04194802790880203","0.04194802790880203","1414","1414","1414"
"70099","0.04514376446604729","0.04514376446604729","0.04514376446604729","1415","1415","1415"
"70149","0.04171876236796379","0.04171876236796379","0.04171876236796379","1416","1416","1416"
"70199","0.03232676163315773","0.03232676163315773","0.03232676163315773","1417","1417","1417"
"70249","0.029524806886911392","0.029524806886911392","0.029524806886911392","1418","1418","1418"
"70299","0.04296243563294411","0.04296243563294411","0.04296243563294411","1419","1419","1419"
"70349","0.056113965809345245","0.056113965809345245","0.056113965809345245","1420","1420","1420"
"70399","0.031486574560403824","0.031486574560403824","0.031486574560403824","1421","1421","1421"
"70449","0.04076990485191345","0.04076990485191345","0.04076990485191345","1422","1422","1422"
"70499","0.04432826116681099","0.04432826116681099","0.04432826116681099","1423","1423","1423"
"70549","0.04861055687069893","0.04861055687069893","0.04861055687069893","1424","1424","1424"
"70599","0.04137244075536728","0.04137244075536728","0.04137244075536728","1425","1425","1425"
"70649","0.0707295686006546","0.0707295686006546","0.0707295686006546","1426","1426","1426"
"70699","0.05408076196908951","0.05408076196908951","0.05408076196908951","1427","1427","1427"
"70749","0.048318926244974136","0.048318926244974136","0.048318926244974136","1428","1428","1428"
"70799","0.062439076602458954","0.062439076602458954","0.062439076602458954","1429","1429","1429"
"70849","0.03987722471356392","0.03987722471356392","0.03987722471356392","1430","1430","1430"
"70899","0.0697975903749466","0.0697975903749466","0.0697975903749466","1431","1431","1431"
"70949","0.05148811265826225","0.05148811265826225","0.05148811265826225","1432","1432","1432"
"70999","0.0806095153093338","0.0806095153093338","0.0806095153093338","1433","1433","1433"
"71049","0.03470113128423691","0.03470113128423691","0.03470113128423691","1434","1434","1434"
"71099","0.030584009364247322","0.030584009364247322","0.030584009364247322","1435","1435","1435"
"71149","0.03204186260700226","0.03204186260700226","0.03204186260700226","1436","1436","1436"
"71199","0.05781767889857292","0.05781767889857292","0.05781767889857292","1437","1437","1437"
"71249","0.04579973965883255","0.04579973965883255","0.04579973965883255","1438","1438","1438"
"71299","0.06803904473781586","0.06803904473781586","0.06803904473781586","1439","1439","1439"
"71349","0.21895267069339752","0.21895267069339752","0.21895267069339752","1440","1440","1440"
"71399","0.027423392981290817","0.027423392981290817","0.027423392981290817","1441","1441","1441"
"71449","0.03568875789642334","0.03568875789642334","0.03568875789642334","1442","1442","1442"
"71499","0.06781304627656937","0.06781304627656937","0.06781304627656937","1443","1443","1443"
"71549","0.05225440859794617","0.05225440859794617","0.05225440859794617","1444","1444","1444"
"71599","0.04966044798493385","0.04966044798493385","0.04966044798493385","1445","1445","1445"
"71649","0.1792713850736618","0.1792713850736618","0.1792713850736618","1446","1446","1446"
"71699","0.08584137260913849","0.08584137260913849","0.08584137260913849","1447","1447","1447"
"71749","0.040446002036333084","0.040446002036333084","0.040446002036333084","1448","1448","1448"
"71799","0.056405048817396164","0.056405048817396164","0.056405048817396164","1449","1449","1449"
"71849","0.051745302975177765","0.051745302975177765","0.051745302975177765","1450","1450","1450"
"71899","0.039100293070077896","0.039100293070077896","0.039100293070077896","1451","1451","1451"
"71949","0.04880185052752495","0.04880185052752495","0.04880185052752495","1452","1452","1452"
"71999","0.06323416531085968","0.06323416531085968","0.06323416531085968","1453","1453","1453"
"72049","0.05351569131016731","0.05351569131016731","0.05351569131016731","1454","1454","1454"
"72099","0.03358461335301399","0.03358461335301399","0.03358461335301399","1455","1455","1455"
"72149","0.026607371866703033","0.026607371866703033","0.026607371866703033","1456","1456","1456"
"72199","0.04051255062222481","0.04051255062222481","0.04051255062222481","1457","1457","1457"
"72249","0.02792930416762829","0.02792930416762829","0.02792930416762829","1458","1458","1458"
"72299","0.043702978640794754","0.043702978640794754","0.043702978640794754","1459","1459","1459"
"72349","0.05402055382728577","0.05402055382728577","0.05402055382728577","1460","1460","1460"
"72399","0.03464331477880478","0.03464331477880478","0.03464331477880478","1461","1461","1461"
"72449","0.030642617493867874","0.030642617493867874","0.030642617493867874","1462","1462","1462"
"72499","0.038538578897714615","0.038538578897714615","0.038538578897714615","1463","1463","1463"
"72549","0.07007888704538345","0.07007888704538345","0.07007888704538345","1464","1464","1464"
"72599","0.03053414635360241","0.03053414635360241","0.03053414635360241","1465","1465","1465"
"72649","0.03904065862298012","0.03904065862298012","0.03904065862298012","1466","1466","1466"
"72699","0.03610922396183014","0.03610922396183014","0.03610922396183014","1467","1467","1467"
"72749","0.039314597845077515","0.039314597845077515","0.039314597845077515","1468","1468","1468"
"72799","0.048224058002233505","0.048224058002233505","0.048224058002233505","1469","1469","1469"
"72849","0.06550553441047668","0.06550553441047668","0.06550553441047668","1470","1470","1470"
"72899","0.018662013113498688","0.018662013113498688","0.018662013113498688","1471","1471","1471"
"72949","0.03529784455895424","0.03529784455895424","0.03529784455895424","1472","1472","1472"
"72999","0.046380192041397095","0.046380192041397095","0.046380192041397095","1473","1473","1473"
"73049","0.019993772730231285","0.019993772730231285","0.019993772730231285","1474","1474","1474"
"73099","0.022980201989412308","0.022980201989412308","0.022980201989412308","1475","1475","1475"
"73149","0.046275846660137177","0.046275846660137177","0.046275846660137177","1476","1476","1476"
"73199","0.04646512493491173","0.04646512493491173","0.04646512493491173","1477","1477","1477"
"73249","0.03432777151465416","0.03432777151465416","0.03432777151465416","1478","1478","1478"
"73299","0.028592301532626152","0.028592301532626152","0.028592301532626152","1479","1479","1479"
"73349","0.05729856714606285","0.05729856714606285","0.05729856714606285","1480","1480","1480"
"73399","0.04293812811374664","0.04293812811374664","0.04293812811374664","1481","1481","1481"
"73449","0.03303523361682892","0.03303523361682892","0.03303523361682892","1482","1482","1482"
"73499","0.0386991947889328","0.0386991947889328","0.0386991947889328","1483","1483","1483"
"73549","0.040568042546510696","0.040568042546510696","0.040568042546510696","1484","1484","1484"
"73599","0.031032944098114967","0.031032944098114967","0.031032944098114967","1485","1485","1485"
"73649","0.04419305548071861","0.04419305548071861","0.04419305548071861","1486","1486","1486"
"73699","0.06325393170118332","0.06325393170118332","0.06325393170118332","1487","1487","1487"
"73749","0.05389980226755142","0.05389980226755142","0.05389980226755142","1488","1488","1488"
"73799","0.047901302576065063","0.047901302576065063","0.047901302576065063","1489","1489","1489"
"73849","0.048622358590364456","0.048622358590364456","0.048622358590364456","1490","1490","1490"
"73899","0.04432641342282295","0.04432641342282295","0.04432641342282295","1491","1491","1491"
"73949","0.03894011676311493","0.03894011676311493","0.03894011676311493","1492","1492","1492"
"73999","0.03849462419748306","0.03849462419748306","0.03849462419748306","1493","1493","1493"
"74049","0.04070613160729408","0.04070613160729408","0.04070613160729408","1494","1494","1494"
"74099","0.03458278998732567","0.03458278998732567","0.03458278998732567","1495","1495","1495"
"74149","0.04437840357422829","0.04437840357422829","0.04437840357422829","1496","1496","1496"
"74199","0.0696820318698883","0.0696820318698883","0.0696820318698883","1497","1497","1497"
"74249","0.04245714843273163","0.04245714843273163","0.04245714843273163","1498","1498","1498"
"74299","0.06110340729355812","0.06110340729355812","0.06110340729355812","1499","1499","1499"
"74349","0.03522215038537979","0.03522215038537979","0.03522215038537979","1500","1500","1500"
"74399","0.045291922986507416","0.045291922986507416","0.045291922986507416","1501","1501","1501"
"74449","0.03006119653582573","0.03006119653582573","0.03006119653582573","1502","1502","1502"
"74499","0.04086233675479889","0.04086233675479889","0.04086233675479889","1503","1503","1503"
"74549","0.042766571044921875","0.042766571044921875","0.042766571044921875","1504","1504","1504"
"74599","0.03780391812324524","0.03780391812324524","0.03780391812324524","1505","1505","1505"
"74649","0.05189618468284607","0.05189618468284607","0.05189618468284607","1506","1506","1506"
"74699","0.05637803673744202","0.05637803673744202","0.05637803673744202","1507","1507","1507"
"74749","0.04672601819038391","0.04672601819038391","0.04672601819038391","1508","1508","1508"
"74799","0.026540732011198997","0.026540732011198997","0.026540732011198997","1509","1509","1509"
"74849","0.03340357542037964","0.03340357542037964","0.03340357542037964","1510","1510","1510"
"74899","0.046191077679395676","0.046191077679395676","0.046191077679395676","1511","1511","1511"
"74949","0.026653209701180458","0.026653209701180458","0.026653209701180458","1512","1512","1512"
"74999","0.056393008679151535","0.056393008679151535","0.056393008679151535","1513","1513","1513"
"75049","0.029122736304998398","0.029122736304998398","0.029122736304998398","1515","1515","1515"
"75099","0.032878290861845016","0.032878290861845016","0.032878290861845016","1516","1516","1516"
"75149","0.052795857191085815","0.052795857191085815","0.052795857191085815","1517","1517","1517"
"75199","0.04661152884364128","0.04661152884364128","0.04661152884364128","1518","1518","1518"
"75249","0.047023411840200424","0.047023411840200424","0.047023411840200424","1519","1519","1519"
"75299","0.04432845115661621","0.04432845115661621","0.04432845115661621","1520","1520","1520"
"75349","0.028274906799197197","0.028274906799197197","0.028274906799197197","1521","1521","1521"
"75399","0.056964777410030365","0.056964777410030365","0.056964777410030365","1522","1522","1522"
"75449","0.03590566664934158","0.03590566664934158","0.03590566664934158","1523","1523","1523"
"75499","0.05559403821825981","0.05559403821825981","0.05559403821825981","1524","1524","1524"
"75549","0.06486713886260986","0.06486713886260986","0.06486713886260986","1525","1525","1525"
"75599","0.023095080628991127","0.023095080628991127","0.023095080628991127","1526","1526","1526"
"75649","0.15692786872386932","0.15692786872386932","0.15692786872386932","1527","1527","1527"
"75699","0.02512768656015396","0.02512768656015396","0.02512768656015396","1528","1528","1528"
"75749","0.04514341056346893","0.04514341056346893","0.04514341056346893","1529","1529","1529"
"75799","0.052278533577919006","0.052278533577919006","0.052278533577919006","1530","1530","1530"
"75849","0.03671378269791603","0.03671378269791603","0.03671378269791603","1531","1531","1531"
"75899","0.037581875920295715","0.037581875920295715","0.037581875920295715","1532","1532","1532"
"75949","0.044328249990940094","0.044328249990940094","0.044328249990940094","1533","1533","1533"
"75999","0.1853611171245575","0.1853611171245575","0.1853611171245575","1534","1534","1534"
"76049","0.03238659352064133","0.03238659352064133","0.03238659352064133","1535","1535","1535"
"76099","0.035502247512340546","0.035502247512340546","0.035502247512340546","1536","1536","1536"
"76149","0.0488627664744854","0.0488627664744854","0.0488627664744854","1537","1537","1537"
"76199","0.03091050311923027","0.03091050311923027","0.03091050311923027","1538","1538","1538"
"76249","0.04381781443953514","0.04381781443953514","0.04381781443953514","1539","1539","1539"
"76299","0.04833438619971275","0.04833438619971275","0.04833438619971275","1540","1540","1540"
"76349","0.045266397297382355","0.045266397297382355","0.045266397297382355","1541","1541","1541"
"76399","0.0452733039855957","0.0452733039855957","0.0452733039855957","1542","1542","1542"
"76449","0.05144008994102478","0.05144008994102478","0.05144008994102478","1543","1543","1543"
"76499","0.04086033254861832","0.04086033254861832","0.04086033254861832","1544","1544","1544"
"76549","0.030344950035214424","0.030344950035214424","0.030344950035214424","1545","1545","1545"
"76599","0.05210994929075241","0.05210994929075241","0.05210994929075241","1546","1546","1546"
"76649","0.038272760808467865","0.038272760808467865","0.038272760808467865","1547","1547","1547"
"76699","0.07333073765039444","0.07333073765039444","0.07333073765039444","1548","1548","1548"
"76749","0.03554579243063927","0.03554579243063927","0.03554579243063927","1549","1549","1549"
"76799","0.03581923618912697","0.03581923618912697","0.03581923618912697","1550","1550","1550"
"76849","0.05305253341794014","0.05305253341794014","0.05305253341794014","1551","1551","1551"
"76899","0.0627489909529686","0.0627489909529686","0.0627489909529686","1552","1552","1552"
"76949","0.029368098825216293","0.029368098825216293","0.029368098825216293","1553","1553","1553"
"76999","0.04590083658695221","0.04590083658695221","0.04590083658695221","1554","1554","1554"
"77049","0.02770867571234703","0.02770867571234703","0.02770867571234703","1555","1555","1555"
"77099","0.025681540369987488","0.025681540369987488","0.025681540369987488","1556","1556","1556"
"77149","0.038510020822286606","0.038510020822286606","0.038510020822286606","1557","1557","1557"
"77199","0.057127729058265686","0.057127729058265686","0.057127729058265686","1558","1558","1558"
"77249","0.05074113979935646","0.05074113979935646","0.05074113979935646","1559","1559","1559"
"77299","0.027919257059693336","0.027919257059693336","0.027919257059693336","1560","1560","1560"
"77349","0.025006523355841637","0.025006523355841637","0.025006523355841637","1561","1561","1561"
"77399","0.05806061998009682","0.05806061998009682","0.05806061998009682","1562","1562","1562"
"77449","0.03900904953479767","0.03900904953479767","0.03900904953479767","1563","1563","1563"
"77499","0.04198922961950302","0.04198922961950302","0.04198922961950302","1564","1564","1564"
"77549","0.019733477383852005","0.019733477383852005","0.019733477383852005","1565","1565","1565"
"77599","0.0541873462498188","0.0541873462498188","0.0541873462498188","1566","1566","1566"
"77649","0.0495697446167469","0.0495697446167469","0.0495697446167469","1567","1567","1567"
"77699","0.06784638017416","0.06784638017416","0.06784638017416","1568","1568","1568"
"77749","0.0286438949406147","0.0286438949406147","0.0286438949406147","1569","1569","1569"
"77799","0.08391635864973068","0.08391635864973068","0.08391635864973068","1570","1570","1570"
"77849","0.03998446464538574","0.03998446464538574","0.03998446464538574","1571","1571","1571"
"77899","0.03074510022997856","0.03074510022997856","0.03074510022997856","1572","1572","1572"
"77949","0.03945019468665123","0.03945019468665123","0.03945019468665123","1573","1573","1573"
"77999","0.0577608160674572","0.0577608160674572","0.0577608160674572","1574","1574","1574"
"78049","0.08361383527517319","0.08361383527517319","0.08361383527517319","1575","1575","1575"
"78099","0.0715726688504219","0.0715726688504219","0.0715726688504219","1576","1576","1576"
"78149","0.07954271882772446","0.07954271882772446","0.07954271882772446","1577","1577","1577"
"78199","0.10437999665737152","0.10437999665737152","0.10437999665737152","1578","1578","1578"
"78249","0.02861165627837181","0.02861165627837181","0.02861165627837181","1579","1579","1579"
"78299","0.027972601354122162","0.027972601354122162","0.027972601354122162","1580","1580","1580"
"78349","0.07283596694469452","0.07283596694469452","0.07283596694469452","1581","1581","1581"
"78399","0.07210512459278107","0.07210512459278107","0.07210512459278107","1582","1582","1582"
"78449","0.04634943604469299","0.04634943604469299","0.04634943604469299","1583","1583","1583"
"78499","0.053298287093639374","0.053298287093639374","0.053298287093639374","1584","1584","1584"
"78549","0.023435698822140694","0.023435698822140694","0.023435698822140694","1585","1585","1585"
"78599","0.04799759015440941","0.04799759015440941","0.04799759015440941","1586","1586","1586"
"78649","0.06107669323682785","0.06107669323682785","0.06107669323682785","1587","1587","1587"
"78699","0.049840640276670456","0.049840640276670456","0.049840640276670456","1588","1588","1588"
"78749","0.04615500196814537","0.04615500196814537","0.04615500196814537","1589","1589","1589"
"78799","0.08859781920909882","0.08859781920909882","0.08859781920909882","1590","1590","1590"
"78849","0.08336549252271652","0.08336549252271652","0.08336549252271652","1591","1591","1591"
"78899","0.026347490027546883","0.026347490027546883","0.026347490027546883","1592","1592","1592"
"78949","0.11547064036130905","0.11547064036130905","0.11547064036130905","1593","1593","1593"
"78999","0.06558795273303986","0.06558795273303986","0.06558795273303986","1594","1594","1594"
"79049","0.05742264539003372","0.05742264539003372","0.05742264539003372","1595","1595","1595"
"79099","0.05920212343335152","0.05920212343335152","0.05920212343335152","1596","1596","1596"
"79149","0.029775330796837807","0.029775330796837807","0.029775330796837807","1597","1597","1597"
"79199","0.08600277453660965","0.08600277453660965","0.08600277453660965","1598","1598","1598"
"79249","0.05207196995615959","0.05207196995615959","0.05207196995615959","1599","1599","1599"
"79299","0.04728781431913376","0.04728781431913376","0.04728781431913376","1600","1600","1600"
"79349","0.08618193119764328","0.08618193119764328","0.08618193119764328","1601","1601","1601"
"79399","0.043301358819007874","0.043301358819007874","0.043301358819007874","1602","1602","1602"
"79449","0.05454826354980469","0.05454826354980469","0.05454826354980469","1603","1603","1603"
"79499","0.03373410552740097","0.03373410552740097","0.03373410552740097","1604","1604","1604"
"79549","0.05684053152799606","0.05684053152799606","0.05684053152799606","1605","1605","1605"
"79599","0.02672303467988968","0.02672303467988968","0.02672303467988968","1606","1606","1606"
"79649","0.04527838155627251","0.04527838155627251","0.04527838155627251","1607","1607","1607"
"79699","0.03584272414445877","0.03584272414445877","0.03584272414445877","1608","1608","1608"
"79749","0.035342659801244736","0.035342659801244736","0.035342659801244736","1609","1609","1609"
"79799","0.04670441895723343","0.04670441895723343","0.04670441895723343","1610","1610","1610"
"79849","0.2045358270406723","0.2045358270406723","0.2045358270406723","1611","1611","1611"
"79899","0.031222131103277206","0.031222131103277206","0.031222131103277206","1612","1612","1612"
"79949","0.042169611901044846","0.042169611901044846","0.042169611901044846","1613","1613","1613"
"79999","0.05272378399968147","0.05272378399968147","0.05272378399968147","1614","1614","1614"
"80049","0.040332306176424026","0.040332306176424026","0.040332306176424026","1616","1616","1616"
"80099","0.04610072448849678","0.04610072448849678","0.04610072448849678","1617","1617","1617"
"80149","0.05379940941929817","0.05379940941929817","0.05379940941929817","1618","1618","1618"
"80199","0.04033839330077171","0.04033839330077171","0.04033839330077171","1619","1619","1619"
"80249","0.03578957915306091","0.03578957915306091","0.03578957915306091","1620","1620","1620"
"80299","0.05248553678393364","0.05248553678393364","0.05248553678393364","1621","1621","1621"
"80349","0.03642193228006363","0.03642193228006363","0.03642193228006363","1622","1622","1622"
"80399","0.033244140446186066","0.033244140446186066","0.033244140446186066","1623","1623","1623"
"80449","0.03958719223737717","0.03958719223737717","0.03958719223737717","1624","1624","1624"
"80499","0.05383944511413574","0.05383944511413574","0.05383944511413574","1625","1625","1625"
"80549","0.03441867604851723","0.03441867604851723","0.03441867604851723","1626","1626","1626"
"80599","0.03511479124426842","0.03511479124426842","0.03511479124426842","1627","1627","1627"
"80649","0.029799319803714752","0.029799319803714752","0.029799319803714752","1628","1628","1628"
"80699","0.03398747742176056","0.03398747742176056","0.03398747742176056","1629","1629","1629"
"80749","0.07663583755493164","0.07663583755493164","0.07663583755493164","1630","1630","1630"
"80799","0.07573480904102325","0.07573480904102325","0.07573480904102325","1631","1631","1631"
"80849","0.027173837646842003","0.027173837646842003","0.027173837646842003","1632","1632","1632"
"80899","0.032615214586257935","0.032615214586257935","0.032615214586257935","1633","1633","1633"
"80949","0.03572062402963638","0.03572062402963638","0.03572062402963638","1634","1634","1634"
"80999","0.02720489725470543","0.02720489725470543","0.02720489725470543","1635","1635","1635"
"81049","0.07965707778930664","0.07965707778930664","0.07965707778930664","1636","1636","1636"
"81099","0.024366922676563263","0.024366922676563263","0.024366922676563263","1637","1637","1637"
"81149","0.04921277239918709","0.04921277239918709","0.04921277239918709","1638","1638","1638"
"81199","0.036784105002880096","0.036784105002880096","0.036784105002880096","1639","1639","1639"
"81249","0.03972916305065155","0.03972916305065155","0.03972916305065155","1640","1640","1640"
"81299","0.06232248991727829","0.06232248991727829","0.06232248991727829","1641","1641","1641"
"81349","0.07112647593021393","0.07112647593021393","0.07112647593021393","1642","1642","1642"
"81399","0.023410236462950706","0.023410236462950706","0.023410236462950706","1643","1643","1643"
"81449","0.03590215742588043","0.03590215742588043","0.03590215742588043","1644","1644","1644"
"81499","0.02975686825811863","0.02975686825811863","0.02975686825811863","1645","1645","1645"
"81549","0.026749156415462494","0.026749156415462494","0.026749156415462494","1646","1646","1646"
"81599","0.04753255844116211","0.04753255844116211","0.04753255844116211","1647","1647","1647"
"81649","0.08333644270896912","0.08333644270896912","0.08333644270896912","1648","1648","1648"
"81699","0.030562378466129303","0.030562378466129303","0.030562378466129303","1649","1649","1649"
"81749","0.061003848910331726","0.061003848910331726","0.061003848910331726","1650","1650","1650"
"81799","0.07209830731153488","0.07209830731153488","0.07209830731153488","1651","1651","1651"
"81849","0.07891376316547394","0.07891376316547394","0.07891376316547394","1652","1652","1652"
"81899","0.04743630811572075","0.04743630811572075","0.04743630811572075","1653","1653","1653"
"81949","0.03525420278310776","0.03525420278310776","0.03525420278310776","1654","1654","1654"
"81999","0.04762885347008705","0.04762885347008705","0.04762885347008705","1655","1655","1655"
"82049","0.07120389491319656","0.07120389491319656","0.07120389491319656","1656","1656","1656"
"82099","0.05150401219725609","0.05150401219725609","0.05150401219725609","1657","1657","1657"
"82149","0.04863676428794861","0.04863676428794861","0.04863676428794861","1658","1658","1658"
"82199","0.039751917123794556","0.039751917123794556","0.039751917123794556","1659","1659","1659"
"82249","0.02918264828622341","0.02918264828622341","0.02918264828622341","1660","1660","1660"
"82299","0.04683443531394005","0.04683443531394005","0.04683443531394005","1661","1661","1661"
"82349","0.041229646652936935","0.041229646652936935","0.041229646652936935","1662","1662","1662"
"82399","0.040378570556640625","0.040378570556640625","0.040378570556640625","1663","1663","1663"
"82449","0.04259483143687248","0.04259483143687248","0.04259483143687248","1664","1664","1664"
"82499","0.05325266346335411","0.05325266346335411","0.05325266346335411","1665","1665","1665"
"82549","0.04320144280791283","0.04320144280791283","0.04320144280791283","1666","1666","1666"
"82599","0.15038172900676727","0.15038172900676727","0.15038172900676727","1667","1667","1667"
"82649","0.105227030813694","0.105227030813694","0.105227030813694","1668","1668","1668"
"82699","0.05751953274011612","0.05751953274011612","0.05751953274011612","1669","1669","1669"
"82749","0.05280721187591553","0.05280721187591553","0.05280721187591553","1670","1670","1670"
"82799","0.061913855373859406","0.061913855373859406","0.061913855373859406","1671","1671","1671"
"82849","0.09570445865392685","0.09570445865392685","0.09570445865392685","1672","1672","1672"
"82899","0.057999297976493835","0.057999297976493835","0.057999297976493835","1673","1673","1673"
"82949","0.06440972536802292","0.06440972536802292","0.06440972536802292","1674","1674","1674"
"82999","0.04648498445749283","0.04648498445749283","0.04648498445749283","1675","1675","1675"
"83049","0.06153213605284691","0.06153213605284691","0.06153213605284691","1676","1676","1676"
"83099","0.04212849959731102","0.04212849959731102","0.04212849959731102","1677","1677","1677"
"83149","0.03473926708102226","0.03473926708102226","0.03473926708102226","1678","1678","1678"
"83199","0.06225699931383133","0.06225699931383133","0.06225699931383133","1679","1679","1679"
"83249","0.051885005086660385","0.051885005086660385","0.051885005086660385","1680","1680","1680"
"83299","0.02471413090825081","0.02471413090825081","0.02471413090825081","1681","1681","1681"
"83349","0.05765164643526077","0.05765164643526077","0.05765164643526077","1682","1682","1682"
"83399","0.03634830191731453","0.03634830191731453","0.03634830191731453","1683","1683","1683"
"83449","0.06392043828964233","0.06392043828964233","0.06392043828964233","1684","1684","1684"
"83499","0.02850917913019657","0.02850917913019657","0.02850917913019657","1685","1685","1685"
"83549","0.06003246456384659","0.06003246456384659","0.06003246456384659","1686","1686","1686"
"83599","0.029593350365757942","0.029593350365757942","0.029593350365757942","1687","1687","1687"
"83649","0.04065705090761185","0.04065705090761185","0.04065705090761185","1688","1688","1688"
"83699","0.08173473924398422","0.08173473924398422","0.08173473924398422","1689","1689","1689"
"83749","0.031446054577827454","0.031446054577827454","0.031446054577827454","1690","1690","1690"
"83799","0.12591703236103058","0.12591703236103058","0.12591703236103058","1691","1691","1691"
"83849","0.10961148887872696","0.10961148887872696","0.10961148887872696","1692","1692","1692"
"83899","0.046501416712999344","0.046501416712999344","0.046501416712999344","1693","1693","1693"
"83949","0.03553583845496178","0.03553583845496178","0.03553583845496178","1694","1694","1694"
"83999","0.06486734002828598","0.06486734002828598","0.06486734002828598","1695","1695","1695"
"84049","0.08773352205753326","0.08773352205753326","0.08773352205753326","1696","1696","1696"
"84099","0.03299257159233093","0.03299257159233093","0.03299257159233093","1697","1697","1697"
"84149","0.05605943128466606","0.05605943128466606","0.05605943128466606","1698","1698","1698"
"84199","0.039496637880802155","0.039496637880802155","0.039496637880802155","1699","1699","1699"
"84249","0.09272284805774689","0.09272284805774689","0.09272284805774689","1700","1700","1700"
"84299","0.029807567596435547","0.029807567596435547","0.029807567596435547","1701","1701","1701"
"84349","0.038589563220739365","0.038589563220739365","0.038589563220739365","1702","1702","1702"
"84399","0.05152783915400505","0.05152783915400505","0.05152783915400505","1703","1703","1703"
"84449","0.06899890303611755","0.06899890303611755","0.06899890303611755","1704","1704","1704"
"84499","0.1367594599723816","0.1367594599723816","0.1367594599723816","1705","1705","1705"
"84549","0.05148538574576378","0.05148538574576378","0.05148538574576378","1706","1706","1706"
"84599","0.11379490792751312","0.11379490792751312","0.11379490792751312","1707","1707","1707"
"84649","0.042959216982126236","0.042959216982126236","0.042959216982126236","1708","1708","1708"
"84699","0.08242812007665634","0.08242812007665634","0.08242812007665634","1709","1709","1709"
"84749","0.16040359437465668","0.16040359437465668","0.16040359437465668","1710","1710","1710"
"84799","0.08004036545753479","0.08004036545753479","0.08004036545753479","1711","1711","1711"
"84849","0.17173905670642853","0.17173905670642853","0.17173905670642853","1712","1712","1712"
"84899","0.15380771458148956","0.15380771458148956","0.15380771458148956","1713","1713","1713"
"84949","0.13951924443244934","0.13951924443244934","0.13951924443244934","1714","1714","1714"
"84999","0.07766541838645935","0.07766541838645935","0.07766541838645935","1715","1715","1715"
"85049","0.03750070929527283","0.03750070929527283","0.03750070929527283","1717","1717","1717"
"85099","0.08813520520925522","0.08813520520925522","0.08813520520925522","1718","1718","1718"
"85149","0.027466319501399994","0.027466319501399994","0.027466319501399994","1719","1719","1719"
"85199","0.11095260828733444","0.11095260828733444","0.11095260828733444","1720","1720","1720"
"85249","0.041511375457048416","0.041511375457048416","0.041511375457048416","1721","1721","1721"
"85299","0.10964301973581314","0.10964301973581314","0.10964301973581314","1722","1722","1722"
"85349","0.13971471786499023","0.13971471786499023","0.13971471786499023","1723","1723","1723"
"85399","0.07557932287454605","0.07557932287454605","0.07557932287454605","1724","1724","1724"
"85449","0.04454934597015381","0.04454934597015381","0.04454934597015381","1725","1725","1725"
"85499","0.06296630948781967","0.06296630948781967","0.06296630948781967","1726","1726","1726"
"85549","0.08246007561683655","0.08246007561683655","0.08246007561683655","1727","1727","1727"
"85599","0.07465646415948868","0.07465646415948868","0.07465646415948868","1728","1728","1728"
"85649","0.07370348274707794","0.07370348274707794","0.07370348274707794","1729","1729","1729"
"85699","0.07320314645767212","0.07320314645767212","0.07320314645767212","1730","1730","1730"
"85749","0.039037518203258514","0.039037518203258514","0.039037518203258514","1731","1731","1731"
"85799","0.08728078007698059","0.08728078007698059","0.08728078007698059","1732","1732","1732"
"85849","0.10027794539928436","0.10027794539928436","0.10027794539928436","1733","1733","1733"
"85899","0.06869930028915405","0.06869930028915405","0.06869930028915405","1734","1734","1734"
"85949","0.04112239181995392","0.04112239181995392","0.04112239181995392","1735","1735","1735"
"85999","0.202676922082901","0.202676922082901","0.202676922082901","1736","1736","1736"
"86049","0.04441549628973007","0.04441549628973007","0.04441549628973007","1737","1737","1737"
"86099","0.04250481724739075","0.04250481724739075","0.04250481724739075","1738","1738","1738"
"86149","0.13602331280708313","0.13602331280708313","0.13602331280708313","1739","1739","1739"
"86199","0.036208320409059525","0.036208320409059525","0.036208320409059525","1740","1740","1740"
"86249","0.04169642552733421","0.04169642552733421","0.04169642552733421","1741","1741","1741"
"86299","0.109089195728302","0.109089195728302","0.109089195728302","1742","1742","1742"
"86349","0.10258206725120544","0.10258206725120544","0.10258206725120544","1743","1743","1743"
"86399","0.07263734191656113","0.07263734191656113","0.07263734191656113","1744","1744","1744"
"86449","0.1458568423986435","0.1458568423986435","0.1458568423986435","1745","1745","1745"
"86499","0.05463137850165367","0.05463137850165367","0.05463137850165367","1746","1746","1746"
"86549","0.09011778980493546","0.09011778980493546","0.09011778980493546","1747","1747","1747"
"86599","0.03368323668837547","0.03368323668837547","0.03368323668837547","1748","1748","1748"
"86649","0.10978660732507706","0.10978660732507706","0.10978660732507706","1749","1749","1749"
"86699","0.04933464527130127","0.04933464527130127","0.04933464527130127","1750","1750","1750"
"86749","0.14763590693473816","0.14763590693473816","0.14763590693473816","1751","1751","1751"
"86799","0.05668916553258896","0.05668916553258896","0.05668916553258896","1752","1752","1752"
"86849","0.11305347830057144","0.11305347830057144","0.11305347830057144","1753","1753","1753"
"86899","0.057701922953128815","0.057701922953128815","0.057701922953128815","1754","1754","1754"
"86949","0.09104251861572266","0.09104251861572266","0.09104251861572266","1755","1755","1755"
"86999","0.12396420538425446","0.12396420538425446","0.12396420538425446","1756","1756","1756"
"87049","0.03999527916312218","0.03999527916312218","0.03999527916312218","1757","1757","1757"
"87099","0.04641134291887283","0.04641134291887283","0.04641134291887283","1758","1758","1758"
"87149","0.06575901806354523","0.06575901806354523","0.06575901806354523","1759","1759","1759"
"87199","0.17561939358711243","0.17561939358711243","0.17561939358711243","1760","1760","1760"
"87249","0.11420818418264389","0.11420818418264389","0.11420818418264389","1761","1761","1761"
"87299","0.029002347961068153","0.029002347961068153","0.029002347961068153","1762","1762","1762"
"87349","0.09084495157003403","0.09084495157003403","0.09084495157003403","1763","1763","1763"
"87399","0.13299107551574707","0.13299107551574707","0.13299107551574707","1764","1764","1764"
"87449","0.10051474720239639","0.10051474720239639","0.10051474720239639","1765","1765","1765"
"87499","0.11628388613462448","0.11628388613462448","0.11628388613462448","1766","1766","1766"
"87549","0.1219688206911087","0.1219688206911087","0.1219688206911087","1767","1767","1767"
"87599","0.09450732171535492","0.09450732171535492","0.09450732171535492","1768","1768","1768"
"87649","0.06832488626241684","0.06832488626241684","0.06832488626241684","1769","1769","1769"
"87699","0.1250290423631668","0.1250290423631668","0.1250290423631668","1770","1770","1770"
"87749","0.045955974608659744","0.045955974608659744","0.045955974608659744","1771","1771","1771"
"87799","0.10410047322511673","0.10410047322511673","0.10410047322511673","1772","1772","1772"
"87849","0.12624014914035797","0.12624014914035797","0.12624014914035797","1773","1773","1773"
"87899","0.1254945546388626","0.1254945546388626","0.1254945546388626","1774","1774","1774"
"87949","0.09935299307107925","0.09935299307107925","0.09935299307107925","1775","1775","1775"
"87999","0.0528838187456131","0.0528838187456131","0.0528838187456131","1776","1776","1776"
"88049","0.13118959963321686","0.13118959963321686","0.13118959963321686","1777","1777","1777"
"88099","0.1714109182357788","0.1714109182357788","0.1714109182357788","1778","1778","1778"
"88149","0.049866121262311935","0.049866121262311935","0.049866121262311935","1779","1779","1779"
"88199","0.1000576764345169","0.1000576764345169","0.1000576764345169","1780","1780","1780"
"88249","0.1080254316329956","0.1080254316329956","0.1080254316329956","1781","1781","1781"
"88299","0.08611217141151428","0.08611217141151428","0.08611217141151428","1782","1782","1782"
"88349","0.031662121415138245","0.031662121415138245","0.031662121415138245","1783","1783","1783"
"88399","0.056761279702186584","0.056761279702186584","0.056761279702186584","1784","1784","1784"
"88449","0.17207787930965424","0.17207787930965424","0.17207787930965424","1785","1785","1785"
"88499","0.06560644507408142","0.06560644507408142","0.06560644507408142","1786","1786","1786"
"88549","0.1150098592042923","0.1150098592042923","0.1150098592042923","1787","1787","1787"
"88599","0.03212602809071541","0.03212602809071541","0.03212602809071541","1788","1788","1788"
"88649","0.16543172299861908","0.16543172299861908","0.16543172299861908","1789","1789","1789"
"88699","0.09960244596004486","0.09960244596004486","0.09960244596004486","1790","1790","1790"
"88749","0.14272764325141907","0.14272764325141907","0.14272764325141907","1791","1791","1791"
"88799","0.026764053851366043","0.026764053851366043","0.026764053851366043","1792","1792","1792"
"88849","0.07585243135690689","0.07585243135690689","0.07585243135690689","1793","1793","1793"
"88899","0.11394274979829788","0.11394274979829788","0.11394274979829788","1794","1794","1794"
"88949","0.07308932393789291","0.07308932393789291","0.07308932393789291","1795","1795","1795"
"88999","0.07622849196195602","0.07622849196195602","0.07622849196195602","1796","1796","1796"
"89049","0.14818039536476135","0.14818039536476135","0.14818039536476135","1797","1797","1797"
"89099","0.07777058333158493","0.07777058333158493","0.07777058333158493","1798","1798","1798"
"89149","0.03972151130437851","0.03972151130437851","0.03972151130437851","1799","1799","1799"
"89199","0.11058715730905533","0.11058715730905533","0.11058715730905533","1800","1800","1800"
"89249","0.06493380665779114","0.06493380665779114","0.06493380665779114","1801","1801","1801"
"89299","0.037724804133176804","0.037724804133176804","0.037724804133176804","1802","1802","1802"
"89349","0.07113883644342422","0.07113883644342422","0.07113883644342422","1803","1803","1803"
"89399","0.06240604445338249","0.06240604445338249","0.06240604445338249","1804","1804","1804"
"89449","0.13091887533664703","0.13091887533664703","0.13091887533664703","1805","1805","1805"
"89499","0.1764301061630249","0.1764301061630249","0.1764301061630249","1806","1806","1806"
"89549","0.0995481088757515","0.0995481088757515","0.0995481088757515","1807","1807","1807"
"89599","0.20624524354934692","0.20624524354934692","0.20624524354934692","1808","1808","1808"
"89649","0.07666610926389694","0.07666610926389694","0.07666610926389694","1809","1809","1809"
"89699","0.049746159464120865","0.049746159464120865","0.049746159464120865","1810","1810","1810"
"89749","0.07587651163339615","0.07587651163339615","0.07587651163339615","1811","1811","1811"
"89799","0.050215575844049454","0.050215575844049454","0.050215575844049454","1812","1812","1812"
"89849","0.03393843397498131","0.03393843397498131","0.03393843397498131","1813","1813","1813"
"89899","0.05336441844701767","0.05336441844701767","0.05336441844701767","1814","1814","1814"
"89949","0.04294893145561218","0.04294893145561218","0.04294893145561218","1815","1815","1815"
"89999","0.13931405544281006","0.13931405544281006","0.13931405544281006","1816","1816","1816"
"90049","0.12375980615615845","0.12375980615615845","0.12375980615615845","1818","1818","1818"
"90099","0.11569438874721527","0.11569438874721527","0.11569438874721527","1819","1819","1819"
"90149","0.10397252440452576","0.10397252440452576","0.10397252440452576","1820","1820","1820"
"90199","0.0200775358825922","0.0200775358825922","0.0200775358825922","1821","1821","1821"
"90249","0.09101172536611557","0.09101172536611557","0.09101172536611557","1822","1822","1822"
"90299","0.08528371900320053","0.08528371900320053","0.08528371900320053","1823","1823","1823"
"90349","0.07882070541381836","0.07882070541381836","0.07882070541381836","1824","1824","1824"
"90399","0.0929783433675766","0.0929783433675766","0.0929783433675766","1825","1825","1825"
"90449","0.1252162754535675","0.1252162754535675","0.1252162754535675","1826","1826","1826"
"90499","0.043276380747556686","0.043276380747556686","0.043276380747556686","1827","1827","1827"
"90549","0.09299592673778534","0.09299592673778534","0.09299592673778534","1828","1828","1828"
"90599","0.08744732290506363","0.08744732290506363","0.08744732290506363","1829","1829","1829"
"90649","0.1845833957195282","0.1845833957195282","0.1845833957195282","1830","1830","1830"
"90699","0.13168656826019287","0.13168656826019287","0.13168656826019287","1831","1831","1831"
"90749","0.10035395622253418","0.10035395622253418","0.10035395622253418","1832","1832","1832"
"90799","0.05155708268284798","0.05155708268284798","0.05155708268284798","1833","1833","1833"
"90849","0.09502096474170685","0.09502096474170685","0.09502096474170685","1834","1834","1834"
"90899","0.11311967670917511","0.11311967670917511","0.11311967670917511","1835","1835","1835"
"90949","0.08431167900562286","0.08431167900562286","0.08431167900562286","1836","1836","1836"
"90999","0.045978907495737076","0.045978907495737076","0.045978907495737076","1837","1837","1837"
"91049","0.09807634353637695","0.09807634353637695","0.09807634353637695","1838","1838","1838"
"91099","0.03169502690434456","0.03169502690434456","0.03169502690434456","1839","1839","1839"
"91149","0.03301306441426277","0.03301306441426277","0.03301306441426277","1840","1840","1840"
"91199","0.10694253444671631","0.10694253444671631","0.10694253444671631","1841","1841","1841"
"91249","0.07015611976385117","0.07015611976385117","0.07015611976385117","1842","1842","1842"
"91299","0.05494984611868858","0.05494984611868858","0.05494984611868858","1843","1843","1843"
"91349","0.09790512174367905","0.09790512174367905","0.09790512174367905","1844","1844","1844"
"91399","0.05756489560008049","0.05756489560008049","0.05756489560008049","1845","1845","1845"
"91449","0.10419116169214249","0.10419116169214249","0.10419116169214249","1846","1846","1846"
"91499","0.04991024732589722","0.04991024732589722","0.04991024732589722","1847","1847","1847"
"91549","0.12312059849500656","0.12312059849500656","0.12312059849500656","1848","1848","1848"
"91599","0.08521006256341934","0.08521006256341934","0.08521006256341934","1849","1849","1849"
"91649","0.08459509909152985","0.08459509909152985","0.08459509909152985","1850","1850","1850"
"91699","0.054078128188848495","0.054078128188848495","0.054078128188848495","1851","1851","1851"
"91749","0.05270478501915932","0.05270478501915932","0.05270478501915932","1852","1852","1852"
"91799","0.11171650886535645","0.11171650886535645","0.11171650886535645","1853","1853","1853"
"91849","0.09586590528488159","0.09586590528488159","0.09586590528488159","1854","1854","1854"
"91899","0.0897338017821312","0.0897338017821312","0.0897338017821312","1855","1855","1855"
"91949","0.06862625479698181","0.06862625479698181","0.06862625479698181","1856","1856","1856"
"91999","0.1771329939365387","0.1771329939365387","0.1771329939365387","1857","1857","1857"
"92049","0.1622162163257599","0.1622162163257599","0.1622162163257599","1858","1858","1858"
"92099","0.05400567501783371","0.05400567501783371","0.05400567501783371","1859","1859","1859"
"92149","0.12519235908985138","0.12519235908985138","0.12519235908985138","1860","1860","1860"
"92199","0.13352586328983307","0.13352586328983307","0.13352586328983307","1861","1861","1861"
"92249","0.06590729206800461","0.06590729206800461","0.06590729206800461","1862","1862","1862"
"92299","0.1904458999633789","0.1904458999633789","0.1904458999633789","1863","1863","1863"
"92349","0.1463819444179535","0.1463819444179535","0.1463819444179535","1864","1864","1864"
"92399","0.15446224808692932","0.15446224808692932","0.15446224808692932","1865","1865","1865"
"92449","0.16717766225337982","0.16717766225337982","0.16717766225337982","1866","1866","1866"
"92499","0.045086029917001724","0.045086029917001724","0.045086029917001724","1867","1867","1867"
"92549","0.07960068434476852","0.07960068434476852","0.07960068434476852","1868","1868","1868"
"92599","0.13012778759002686","0.13012778759002686","0.13012778759002686","1869","1869","1869"
"92649","0.11539860814809799","0.11539860814809799","0.11539860814809799","1870","1870","1870"
"92699","0.10371294617652893","0.10371294617652893","0.10371294617652893","1871","1871","1871"
"92749","0.1558765321969986","0.1558765321969986","0.1558765321969986","1872","1872","1872"
"92799","0.15035688877105713","0.15035688877105713","0.15035688877105713","1873","1873","1873"
"92849","0.0911596417427063","0.0911596417427063","0.0911596417427063","1874","1874","1874"
"92899","0.1977086216211319","0.1977086216211319","0.1977086216211319","1875","1875","1875"
"92949","0.062111951410770416","0.062111951410770416","0.062111951410770416","1876","1876","1876"
"92999","0.037077274173498154","0.037077274173498154","0.037077274173498154","1877","1877","1877"
"93049","0.035335566848516464","0.035335566848516464","0.035335566848516464","1878","1878","1878"
"93099","0.02977827377617359","0.02977827377617359","0.02977827377617359","1879","1879","1879"
"93149","0.1390896886587143","0.1390896886587143","0.1390896886587143","1880","1880","1880"
"93199","0.07292705774307251","0.07292705774307251","0.07292705774307251","1881","1881","1881"
"93249","0.11405220627784729","0.11405220627784729","0.11405220627784729","1882","1882","1882"
"93299","0.03586101531982422","0.03586101531982422","0.03586101531982422","1883","1883","1883"
"93349","0.028828104957938194","0.028828104957938194","0.028828104957938194","1884","1884","1884"
"93399","0.07995262742042542","0.07995262742042542","0.07995262742042542","1885","1885","1885"
"93449","0.031511321663856506","0.031511321663856506","0.031511321663856506","1886","1886","1886"
"93499","0.0562315508723259","0.0562315508723259","0.0562315508723259","1887","1887","1887"
"93549","0.11137223988771439","0.11137223988771439","0.11137223988771439","1888","1888","1888"
"93599","0.05421166867017746","0.05421166867017746","0.05421166867017746","1889","1889","1889"
"93649","0.04277186095714569","0.04277186095714569","0.04277186095714569","1890","1890","1890"
"93699","0.03797319158911705","0.03797319158911705","0.03797319158911705","1891","1891","1891"
"93749","0.0644809752702713","0.0644809752702713","0.0644809752702713","1892","1892","1892"
"93799","0.0945102646946907","0.0945102646946907","0.0945102646946907","1893","1893","1893"
"93849","0.07594777643680573","0.07594777643680573","0.07594777643680573","1894","1894","1894"
"93899","0.04963118955492973","0.04963118955492973","0.04963118955492973","1895","1895","1895"
"93949","0.0671059638261795","0.0671059638261795","0.0671059638261795","1896","1896","1896"
"93999","0.026369823142886162","0.026369823142886162","0.026369823142886162","1897","1897","1897"
"94049","0.0886814147233963","0.0886814147233963","0.0886814147233963","1898","1898","1898"
"94099","0.032117970287799835","0.032117970287799835","0.032117970287799835","1899","1899","1899"
"94149","0.03938985615968704","0.03938985615968704","0.03938985615968704","1900","1900","1900"
"94199","0.12544329464435577","0.12544329464435577","0.12544329464435577","1901","1901","1901"
"94249","0.1251160353422165","0.1251160353422165","0.1251160353422165","1902","1902","1902"
"94299","0.0739799365401268","0.0739799365401268","0.0739799365401268","1903","1903","1903"
"94349","0.06822799891233444","0.06822799891233444","0.06822799891233444","1904","1904","1904"
"94399","0.1030021607875824","0.1030021607875824","0.1030021607875824","1905","1905","1905"
"94449","0.029522130265831947","0.029522130265831947","0.029522130265831947","1906","1906","1906"
"94499","0.048555340617895126","0.048555340617895126","0.048555340617895126","1907","1907","1907"
"94549","0.0806206613779068","0.0806206613779068","0.0806206613779068","1908","1908","1908"
"94599","0.035676244646310806","0.035676244646310806","0.035676244646310806","1909","1909","1909"
"94649","0.13241925835609436","0.13241925835609436","0.13241925835609436","1910","1910","1910"
"94699","0.12131470441818237","0.12131470441818237","0.12131470441818237","1911","1911","1911"
"94749","0.12094350159168243","0.12094350159168243","0.12094350159168243","1912","1912","1912"
"94799","0.0513324998319149","0.0513324998319149","0.0513324998319149","1913","1913","1913"
"94849","0.14050360023975372","0.14050360023975372","0.14050360023975372","1914","1914","1914"
"94899","0.15445689857006073","0.15445689857006073","0.15445689857006073","1915","1915","1915"
"94949","0.0694713220000267","0.0694713220000267","0.0694713220000267","1916","1916","1916"
"94999","0.11875081807374954","0.11875081807374954","0.11875081807374954","1917","1917","1917"
"95049","0.03981255739927292","0.03981255739927292","0.03981255739927292","1919","1919","1919"
"95099","0.09822632372379303","0.09822632372379303","0.09822632372379303","1920","1920","1920"
"95149","0.060667216777801514","0.060667216777801514","0.060667216777801514","1921","1921","1921"
"95199","0.12274404615163803","0.12274404615163803","0.12274404615163803","1922","1922","1922"
"95249","0.07236805558204651","0.07236805558204651","0.07236805558204651","1923","1923","1923"
"95299","0.03455623239278793","0.03455623239278793","0.03455623239278793","1924","1924","1924"
"95349","0.1406223475933075","0.1406223475933075","0.1406223475933075","1925","1925","1925"
"95399","0.07145071029663086","0.07145071029663086","0.07145071029663086","1926","1926","1926"
"95449","0.044035837054252625","0.044035837054252625","0.044035837054252625","1927","1927","1927"
"95499","0.10080152004957199","0.10080152004957199","0.10080152004957199","1928","1928","1928"
"95549","0.15529225766658783","0.15529225766658783","0.15529225766658783","1929","1929","1929"
"95599","0.04832002893090248","0.04832002893090248","0.04832002893090248","1930","1930","1930"
"95649","0.1074342206120491","0.1074342206120491","0.1074342206120491","1931","1931","1931"
"95699","0.14954188466072083","0.14954188466072083","0.14954188466072083","1932","1932","1932"
"95749","0.04778050631284714","0.04778050631284714","0.04778050631284714","1933","1933","1933"
"95799","0.16412831842899323","0.16412831842899323","0.16412831842899323","1934","1934","1934"
"95849","0.06981700658798218","0.06981700658798218","0.06981700658798218","1935","1935","1935"
"95899","0.05252550169825554","0.05252550169825554","0.05252550169825554","1936","1936","1936"
"95949","0.08577653020620346","0.08577653020620346","0.08577653020620346","1937","1937","1937"
"95999","0.03421860560774803","0.03421860560774803","0.03421860560774803","1938","1938","1938"
"96049","0.06886012852191925","0.06886012852191925","0.06886012852191925","1939","1939","1939"
"96099","0.023794757202267647","0.023794757202267647","0.023794757202267647","1940","1940","1940"
"96149","0.11147389560937881","0.11147389560937881","0.11147389560937881","1941","1941","1941"
"96199","0.06803227216005325","0.06803227216005325","0.06803227216005325","1942","1942","1942"
"96249","0.09103803336620331","0.09103803336620331","0.09103803336620331","1943","1943","1943"
"96299","0.049794748425483704","0.049794748425483704","0.049794748425483704","1944","1944","1944"
"96349","0.21216227114200592","0.21216227114200592","0.21216227114200592","1945","1945","1945"
"96399","0.0953608825802803","0.0953608825802803","0.0953608825802803","1946","1946","1946"
"96449","0.06149153411388397","0.06149153411388397","0.06149153411388397","1947","1947","1947"
"96499","0.03749401867389679","0.03749401867389679","0.03749401867389679","1948","1948","1948"
"96549","0.11859766393899918","0.11859766393899918","0.11859766393899918","1949","1949","1949"
"96599","0.06574491411447525","0.06574491411447525","0.06574491411447525","1950","1950","1950"
"96649","0.032757263630628586","0.032757263630628586","0.032757263630628586","1951","1951","1951"
"96699","0.10553582012653351","0.10553582012653351","0.10553582012653351","1952","1952","1952"
"96749","0.14655736088752747","0.14655736088752747","0.14655736088752747","1953","1953","1953"
"96799","0.10024318099021912","0.10024318099021912","0.10024318099021912","1954","1954","1954"
"96849","0.040970802307128906","0.040970802307128906","0.040970802307128906","1955","1955","1955"
"96899","0.043763186782598495","0.043763186782598495","0.043763186782598495","1956","1956","1956"
"96949","0.03980378434062004","0.03980378434062004","0.03980378434062004","1957","1957","1957"
"96999","0.06537298858165741","0.06537298858165741","0.06537298858165741","1958","1958","1958"
"97049","0.1486509144306183","0.1486509144306183","0.1486509144306183","1959","1959","1959"
"97099","0.2035144716501236","0.2035144716501236","0.2035144716501236","1960","1960","1960"
"97149","0.130379781126976","0.130379781126976","0.130379781126976","1961","1961","1961"
"97199","0.1498415172100067","0.1498415172100067","0.1498415172100067","1962","1962","1962"
"97249","0.09920216351747513","0.09920216351747513","0.09920216351747513","1963","1963","1963"
"97299","0.07637146860361099","0.07637146860361099","0.07637146860361099","1964","1964","1964"
"97349","0.07531396299600601","0.07531396299600601","0.07531396299600601","1965","1965","1965"
"97399","0.06793757528066635","0.06793757528066635","0.06793757528066635","1966","1966","1966"
"97449","0.16294194757938385","0.16294194757938385","0.16294194757938385","1967","1967","1967"
"97499","0.13090182840824127","0.13090182840824127","0.13090182840824127","1968","1968","1968"
"97549","0.17531345784664154","0.17531345784664154","0.17531345784664154","1969","1969","1969"
"97599","0.1522308588027954","0.1522308588027954","0.1522308588027954","1970","1970","1970"
"97649","0.07602790743112564","0.07602790743112564","0.07602790743112564","1971","1971","1971"
"97699","0.0584365576505661","0.0584365576505661","0.0584365576505661","1972","1972","1972"
"97749","0.1868133246898651","0.1868133246898651","0.1868133246898651","1973","1973","1973"
"97799","0.17354357242584229","0.17354357242584229","0.17354357242584229","1974","1974","1974"
"97849","0.1831987202167511","0.1831987202167511","0.1831987202167511","1975","1975","1975"
"97899","0.09580530971288681","0.09580530971288681","0.09580530971288681","1976","1976","1976"
"97949","0.07668547332286835","0.07668547332286835","0.07668547332286835","1977","1977","1977"
"97999","0.09303058683872223","0.09303058683872223","0.09303058683872223","1978","1978","1978"
"98049","0.06133900210261345","0.06133900210261345","0.06133900210261345","1979","1979","1979"
"98099","0.1190773993730545","0.1190773993730545","0.1190773993730545","1980","1980","1980"
"98149","0.04908769205212593","0.04908769205212593","0.04908769205212593","1981","1981","1981"
"98199","0.17305980622768402","0.17305980622768402","0.17305980622768402","1982","1982","1982"
"98249","0.22520995140075684","0.22520995140075684","0.22520995140075684","1983","1983","1983"
"98299","0.14877595007419586","0.14877595007419586","0.14877595007419586","1984","1984","1984"
"98349","0.08792303502559662","0.08792303502559662","0.08792303502559662","1985","1985","1985"
"98399","0.0760883018374443","0.0760883018374443","0.0760883018374443","1986","1986","1986"
"98449","0.10602393746376038","0.10602393746376038","0.10602393746376038","1987","1987","1987"
"98499","0.11657736450433731","0.11657736450433731","0.11657736450433731","1988","1988","1988"
"98549","0.06438132375478745","0.06438132375478745","0.06438132375478745","1989","1989","1989"
"98599","0.11532469093799591","0.11532469093799591","0.11532469093799591","1990","1990","1990"
"98649","0.18023920059204102","0.18023920059204102","0.18023920059204102","1991","1991","1991"
"98699","0.10530871152877808","0.10530871152877808","0.10530871152877808","1992","1992","1992"
"98749","0.15956352651119232","0.15956352651119232","0.15956352651119232","1993","1993","1993"
"98799","0.0745147317647934","0.0745147317647934","0.0745147317647934","1994","1994","1994"
"98849","0.23096942901611328","0.23096942901611328","0.23096942901611328","1995","1995","1995"
"98899","0.05612726882100105","0.05612726882100105","0.05612726882100105","1996","1996","1996"
"98949","0.055670302361249924","0.055670302361249924","0.055670302361249924","1997","1997","1997"
"98999","0.08864340931177139","0.08864340931177139","0.08864340931177139","1998","1998","1998"
"99049","0.04316561669111252","0.04316561669111252","0.04316561669111252","1999","1999","1999"
"99099","0.05337483063340187","0.05337483063340187","0.05337483063340187","2000","2000","2000"
"99149","0.17045851051807404","0.17045851051807404","0.17045851051807404","2001","2001","2001"
"99199","0.08971454203128815","0.08971454203128815","0.08971454203128815","2002","2002","2002"
"99249","0.060871321707963943","0.060871321707963943","0.060871321707963943","2003","2003","2003"
"99299","0.18790927529335022","0.18790927529335022","0.18790927529335022","2004","2004","2004"
"99349","0.10096263140439987","0.10096263140439987","0.10096263140439987","2005","2005","2005"
"99399","0.19096241891384125","0.19096241891384125","0.19096241891384125","2006","2006","2006"
"99449","0.15176811814308167","0.15176811814308167","0.15176811814308167","2007","2007","2007"
"99499","0.05147863179445267","0.05147863179445267","0.05147863179445267","2008","2008","2008"
"99549","0.2476750910282135","0.2476750910282135","0.2476750910282135","2009","2009","2009"
"99599","0.17513492703437805","0.17513492703437805","0.17513492703437805","2010","2010","2010"
"99649","0.07119569182395935","0.07119569182395935","0.07119569182395935","2011","2011","2011"
"99699","0.037478968501091","0.037478968501091","0.037478968501091","2012","2012","2012"
"99749","0.10013096779584885","0.10013096779584885","0.10013096779584885","2013","2013","2013"
"99799","0.04732556641101837","0.04732556641101837","0.04732556641101837","2014","2014","2014"
"99849","0.07136563956737518","0.07136563956737518","0.07136563956737518","2015","2015","2015"
"99899","0.08263806253671646","0.08263806253671646","0.08263806253671646","2016","2016","2016"
"99949","0.052386265248060226","0.052386265248060226","0.052386265248060226","2017","2017","2017"
"99999","0.11677061021327972","0.11677061021327972","0.11677061021327972","2018","2018","2018"
"100049","0.09357772022485733","0.09357772022485733","0.09357772022485733","2020","2020","2020"
"100099","0.06483530253171921","0.06483530253171921","0.06483530253171921","2021","2021","2021"
"100149","0.06103150174021721","0.06103150174021721","0.06103150174021721","2022","2022","2022"
"100199","0.11882363259792328","0.11882363259792328","0.11882363259792328","2023","2023","2023"
"100249","0.11394334584474564","0.11394334584474564","0.11394334584474564","2024","2024","2024"
"100299","0.15889814496040344","0.15889814496040344","0.15889814496040344","2025","2025","2025"
"100349","0.07116088271141052","0.07116088271141052","0.07116088271141052","2026","2026","2026"
"100399","0.11270096898078918","0.11270096898078918","0.11270096898078918","2027","2027","2027"
"100449","0.06805606931447983","0.06805606931447983","0.06805606931447983","2028","2028","2028"
"100499","0.16968801617622375","0.16968801617622375","0.16968801617622375","2029","2029","2029"
"100549","0.15477775037288666","0.15477775037288666","0.15477775037288666","2030","2030","2030"
"100599","0.11809564381837845","0.11809564381837845","0.11809564381837845","2031","2031","2031"
"100649","0.03690982237458229","0.03690982237458229","0.03690982237458229","2032","2032","2032"
"100699","0.08088298887014389","0.08088298887014389","0.08088298887014389","2033","2033","2033"
"100749","0.09500044584274292","0.09500044584274292","0.09500044584274292","2034","2034","2034"
"100799","0.08657120168209076","0.08657120168209076","0.08657120168209076","2035","2035","2035"
"100849","0.17391274869441986","0.17391274869441986","0.17391274869441986","2036","2036","2036"
"100899","0.078792043030262","0.078792043030262","0.078792043030262","2037","2037","2037"
"100949","0.15643107891082764","0.15643107891082764","0.15643107891082764","2038","2038","2038"
"100999","0.14800862967967987","0.14800862967967987","0.14800862967967987","2039","2039","2039"
"101049","0.057112567126750946","0.057112567126750946","0.057112567126750946","2040","2040","2040"
"101099","0.15246592462062836","0.15246592462062836","0.15246592462062836","2041","2041","2041"
"101149","0.1200171411037445","0.1200171411037445","0.1200171411037445","2042","2042","2042"
"101199","0.08540435135364532","0.08540435135364532","0.08540435135364532","2043","2043","2043"
"101249","0.08483733236789703","0.08483733236789703","0.08483733236789703","2044","2044","2044"
"101299","0.039719633758068085","0.039719633758068085","0.039719633758068085","2045","2045","2045"
"101349","0.0973990336060524","0.0973990336060524","0.0973990336060524","2046","2046","2046"
"101399","0.11319643259048462","0.11319643259048462","0.11319643259048462","2047","2047","2047"
"101449","0.17523853480815887","0.17523853480815887","0.17523853480815887","2048","2048","2048"
"101499","0.05987454205751419","0.05987454205751419","0.05987454205751419","2049","2049","2049"
"101549","0.07136086374521255","0.07136086374521255","0.07136086374521255","2050","2050","2050"
"101599","0.05706687644124031","0.05706687644124031","0.05706687644124031","2051","2051","2051"
"101649","0.22880274057388306","0.22880274057388306","0.22880274057388306","2052","2052","2052"
"101699","0.040551524609327316","0.040551524609327316","0.040551524609327316","2053","2053","2053"
"101749","0.05873892828822136","0.05873892828822136","0.05873892828822136","2054","2054","2054"
"101799","0.0684562474489212","0.0684562474489212","0.0684562474489212","2055","2055","2055"
"101849","0.1576235592365265","0.1576235592365265","0.1576235592365265","2056","2056","2056"
"101899","0.175062358379364","0.175062358379364","0.175062358379364","2057","2057","2057"
"101949","0.19075171649456024","0.19075171649456024","0.19075171649456024","2058","2058","2058"
"101999","0.09625177085399628","0.09625177085399628","0.09625177085399628","2059","2059","2059"
"102049","0.07993701100349426","0.07993701100349426","0.07993701100349426","2060","2060","2060"
"102099","0.05531582236289978","0.05531582236289978","0.05531582236289978","2061","2061","2061"
"102149","0.0705752968788147","0.0705752968788147","0.0705752968788147","2062","2062","2062"
"102199","0.0807996541261673","0.0807996541261673","0.0807996541261673","2063","2063","2063"
"102249","0.12825003266334534","0.12825003266334534","0.12825003266334534","2064","2064","2064"
"102299","0.05776866897940636","0.05776866897940636","0.05776866897940636","2065","2065","2065"
"102349","0.05630793422460556","0.05630793422460556","0.05630793422460556","2066","2066","2066"
"102399","0.038666460663080215","0.038666460663080215","0.038666460663080215","2067","2067","2067"
"102449","0.05715630576014519","0.05715630576014519","0.05715630576014519","2068","2068","2068"
"102499","0.10347624868154526","0.10347624868154526","0.10347624868154526","2069","2069","2069"
"102549","0.1424255520105362","0.1424255520105362","0.1424255520105362","2070","2070","2070"
"102599","0.04566793143749237","0.04566793143749237","0.04566793143749237","2071","2071","2071"
"102649","0.0531245619058609","0.0531245619058609","0.0531245619058609","2072","2072","2072"
"102699","0.1535932719707489","0.1535932719707489","0.1535932719707489","2073","2073","2073"
"102749","0.04842149093747139","0.04842149093747139","0.04842149093747139","2074","2074","2074"
"102799","0.05289468914270401","0.05289468914270401","0.05289468914270401","2075","2075","2075"
"102849","0.1327950805425644","0.1327950805425644","0.1327950805425644","2076","2076","2076"
"102899","0.11474113911390305","0.11474113911390305","0.11474113911390305","2077","2077","2077"
"102949","0.03728833049535751","0.03728833049535751","0.03728833049535751","2078","2078","2078"
"102999","0.23135626316070557","0.23135626316070557","0.23135626316070557","2079","2079","2079"
"103049","0.06462346762418747","0.06462346762418747","0.06462346762418747","2080","2080","2080"
"103099","0.11237139254808426","0.11237139254808426","0.11237139254808426","2081","2081","2081"
"103149","0.04578149691224098","0.04578149691224098","0.04578149691224098","2082","2082","2082"
"103199","0.0598110668361187","0.0598110668361187","0.0598110668361187","2083","2083","2083"
"103249","0.17018018662929535","0.17018018662929535","0.17018018662929535","2084","2084","2084"
"103299","0.06703612953424454","0.06703612953424454","0.06703612953424454","2085","2085","2085"
"103349","0.18105623126029968","0.18105623126029968","0.18105623126029968","2086","2086","2086"
"103399","0.06600405275821686","0.06600405275821686","0.06600405275821686","2087","2087","2087"
"103449","0.1414719521999359","0.1414719521999359","0.1414719521999359","2088","2088","2088"
"103499","0.059910938143730164","0.059910938143730164","0.059910938143730164","2089","2089","2089"
"103549","0.09759659320116043","0.09759659320116043","0.09759659320116043","2090","2090","2090"
"103599","0.21159447729587555","0.21159447729587555","0.21159447729587555","2091","2091","2091"
"103649","0.13028505444526672","0.13028505444526672","0.13028505444526672","2092","2092","2092"
"103699","0.05080036818981171","0.05080036818981171","0.05080036818981171","2093","2093","2093"
"103749","0.1552097350358963","0.1552097350358963","0.1552097350358963","2094","2094","2094"
"103799","0.10592976212501526","0.10592976212501526","0.10592976212501526","2095","2095","2095"
"103849","0.15440481901168823","0.15440481901168823","0.15440481901168823","2096","2096","2096"
"103899","0.1544228196144104","0.1544228196144104","0.1544228196144104","2097","2097","2097"
"103949","0.06595195829868317","0.06595195829868317","0.06595195829868317","2098","2098","2098"
"103999","0.15718784928321838","0.15718784928321838","0.15718784928321838","2099","2099","2099"
"104049","0.04440511763095856","0.04440511763095856","0.04440511763095856","2100","2100","2100"
"104099","0.06598373502492905","0.06598373502492905","0.06598373502492905","2101","2101","2101"
"104149","0.06881216168403625","0.06881216168403625","0.06881216168403625","2102","2102","2102"
"104199","0.09444435685873032","0.09444435685873032","0.09444435685873032","2103","2103","2103"
"104249","0.1266290545463562","0.1266290545463562","0.1266290545463562","2104","2104","2104"
"104299","0.04420958086848259","0.04420958086848259","0.04420958086848259","2105","2105","2105"
"104349","0.03084336780011654","0.03084336780011654","0.03084336780011654","2106","2106","2106"
"104399","0.0608331635594368","0.0608331635594368","0.0608331635594368","2107","2107","2107"
"104449","0.13447387516498566","0.13447387516498566","0.13447387516498566","2108","2108","2108"
"104499","0.04878484830260277","0.04878484830260277","0.04878484830260277","2109","2109","2109"
"104549","0.19279208779335022","0.19279208779335022","0.19279208779335022","2110","2110","2110"
"104599","0.0647917315363884","0.0647917315363884","0.0647917315363884","2111","2111","2111"
"104649","0.05521305277943611","0.05521305277943611","0.05521305277943611","2112","2112","2112"
"104699","0.06538417935371399","0.06538417935371399","0.06538417935371399","2113","2113","2113"
"104749","0.04103773459792137","0.04103773459792137","0.04103773459792137","2114","2114","2114"
"104799","0.03602839261293411","0.03602839261293411","0.03602839261293411","2115","2115","2115"
"104849","0.047223709523677826","0.047223709523677826","0.047223709523677826","2116","2116","2116"
"104899","0.0460323803126812","0.0460323803126812","0.0460323803126812","2117","2117","2117"
"104949","0.21883335709571838","0.21883335709571838","0.21883335709571838","2118","2118","2118"
"104999","0.06220393627882004","0.06220393627882004","0.06220393627882004","2119","2119","2119"
"105049","0.07071784883737564","0.07071784883737564","0.07071784883737564","2121","2121","2121"
"105099","0.14271216094493866","0.14271216094493866","0.14271216094493866","2122","2122","2122"
"105149","0.14133651554584503","0.14133651554584503","0.14133651554584503","2123","2123","2123"
"105199","0.08805441111326218","0.08805441111326218","0.08805441111326218","2124","2124","2124"
"105249","0.05362829566001892","0.05362829566001892","0.05362829566001892","2125","2125","2125"
"105299","0.12198854237794876","0.12198854237794876","0.12198854237794876","2126","2126","2126"
"105349","0.12767411768436432","0.12767411768436432","0.12767411768436432","2127","2127","2127"
"105399","0.06660538166761398","0.06660538166761398","0.06660538166761398","2128","2128","2128"
"105449","0.10594019293785095","0.10594019293785095","0.10594019293785095","2129","2129","2129"
"105499","0.07195865362882614","0.07195865362882614","0.07195865362882614","2130","2130","2130"
"105549","0.04933662712574005","0.04933662712574005","0.04933662712574005","2131","2131","2131"
"105599","0.039742611348629","0.039742611348629","0.039742611348629","2132","2132","2132"
"105649","0.07741827517747879","0.07741827517747879","0.07741827517747879","2133","2133","2133"
"105699","0.04410534352064133","0.04410534352064133","0.04410534352064133","2134","2134","2134"
"105749","0.04361768066883087","0.04361768066883087","0.04361768066883087","2135","2135","2135"
"105799","0.10039157420396805","0.10039157420396805","0.10039157420396805","2136","2136","2136"
"105849","0.18241585791110992","0.18241585791110992","0.18241585791110992","2137","2137","2137"
"105899","0.048073023557662964","0.048073023557662964","0.048073023557662964","2138","2138","2138"
"105949","0.06502893567085266","0.06502893567085266","0.06502893567085266","2139","2139","2139"
"105999","0.272036075592041","0.272036075592041","0.272036075592041","2140","2140","2140"
"106049","0.08113130182027817","0.08113130182027817","0.08113130182027817","2141","2141","2141"
"106099","0.1288595050573349","0.1288595050573349","0.1288595050573349","2142","2142","2142"
"106149","0.1415947824716568","0.1415947824716568","0.1415947824716568","2143","2143","2143"
"106199","0.04449247568845749","0.04449247568845749","0.04449247568845749","2144","2144","2144"
"106249","0.18728646636009216","0.18728646636009216","0.18728646636009216","2145","2145","2145"
"106299","0.09559553861618042","0.09559553861618042","0.09559553861618042","2146","2146","2146"
"106349","0.0836714431643486","0.0836714431643486","0.0836714431643486","2147","2147","2147"
"106399","0.050558000802993774","0.050558000802993774","0.050558000802993774","2148","2148","2148"
"106449","0.06055362522602081","0.06055362522602081","0.06055362522602081","2149","2149","2149"
"106499","0.07467564940452576","0.07467564940452576","0.07467564940452576","2150","2150","2150"
"106549","0.052803538739681244","0.052803538739681244","0.052803538739681244","2151","2151","2151"
"106599","0.16603660583496094","0.16603660583496094","0.16603660583496094","2152","2152","2152"
"106649","0.028998587280511856","0.028998587280511856","0.028998587280511856","2153","2153","2153"
"106699","0.29954713582992554","0.29954713582992554","0.29954713582992554","2154","2154","2154"
"106749","0.17557814717292786","0.17557814717292786","0.17557814717292786","2155","2155","2155"
"106799","0.1103043407201767","0.1103043407201767","0.1103043407201767","2156","2156","2156"
"106849","0.11916762590408325","0.11916762590408325","0.11916762590408325","2157","2157","2157"
"106899","0.08503364771604538","0.08503364771604538","0.08503364771604538","2158","2158","2158"
"106949","0.07731981575489044","0.07731981575489044","0.07731981575489044","2159","2159","2159"
"106999","0.041585810482501984","0.041585810482501984","0.041585810482501984","2160","2160","2160"
"107049","0.17972983419895172","0.17972983419895172","0.17972983419895172","2161","2161","2161"
"107099","0.055872201919555664","0.055872201919555664","0.055872201919555664","2162","2162","2162"
"107149","0.0818459615111351","0.0818459615111351","0.0818459615111351","2163","2163","2163"
"107199","0.13148953020572662","0.13148953020572662","0.13148953020572662","2164","2164","2164"
"107249","0.1374358832836151","0.1374358832836151","0.1374358832836151","2165","2165","2165"
"107299","0.053581107407808304","0.053581107407808304","0.053581107407808304","2166","2166","2166"
"107349","0.07782115787267685","0.07782115787267685","0.07782115787267685","2167","2167","2167"
"107399","0.0829051285982132","0.0829051285982132","0.0829051285982132","2168","2168","2168"
"107449","0.10791140794754028","0.10791140794754028","0.10791140794754028","2169","2169","2169"
"107499","0.23250985145568848","0.23250985145568848","0.23250985145568848","2170","2170","2170"
"107549","0.05185792222619057","0.05185792222619057","0.05185792222619057","2171","2171","2171"
"107599","0.10156679153442383","0.10156679153442383","0.10156679153442383","2172","2172","2172"
"107649","0.08452973514795303","0.08452973514795303","0.08452973514795303","2173","2173","2173"
"107699","0.2728208005428314","0.2728208005428314","0.2728208005428314","2174","2174","2174"
"107749","0.024464236572384834","0.024464236572384834","0.024464236572384834","2175","2175","2175"
"107799","0.1128566563129425","0.1128566563129425","0.1128566563129425","2176","2176","2176"
"107849","0.04692325368523598","0.04692325368523598","0.04692325368523598","2177","2177","2177"
"107899","0.05879216268658638","0.05879216268658638","0.05879216268658638","2178","2178","2178"
"107949","0.09266860783100128","0.09266860783100128","0.09266860783100128","2179","2179","2179"
"107999","0.12593209743499756","0.12593209743499756","0.12593209743499756","2180","2180","2180"
"108049","0.030570197850465775","0.030570197850465775","0.030570197850465775","2181","2181","2181"
"108099","0.1126556396484375","0.1126556396484375","0.1126556396484375","2182","2182","2182"
"108149","0.15710009634494781","0.15710009634494781","0.15710009634494781","2183","2183","2183"
"108199","0.0838262215256691","0.0838262215256691","0.0838262215256691","2184","2184","2184"
"108249","0.05470560863614082","0.05470560863614082","0.05470560863614082","2185","2185","2185"
"108299","0.09219326078891754","0.09219326078891754","0.09219326078891754","2186","2186","2186"
"108349","0.07900071889162064","0.07900071889162064","0.07900071889162064","2187","2187","2187"
"108399","0.057430535554885864","0.057430535554885864","0.057430535554885864","2188","2188","2188"
"108449","0.052003562450408936","0.052003562450408936","0.052003562450408936","2189","2189","2189"
"108499","0.14727649092674255","0.14727649092674255","0.14727649092674255","2190","2190","2190"
"108549","0.06409744173288345","0.06409744173288345","0.06409744173288345","2191","2191","2191"
"108599","0.1442139893770218","0.1442139893770218","0.1442139893770218","2192","2192","2192"
"108649","0.06273609399795532","0.06273609399795532","0.06273609399795532","2193","2193","2193"
"108699","0.0835995227098465","0.0835995227098465","0.0835995227098465","2194","2194","2194"
"108749","0.027708981186151505","0.027708981186151505","0.027708981186151505","2195","2195","2195"
"108799","0.07896848022937775","0.07896848022937775","0.07896848022937775","2196","2196","2196"
"108849","0.11729989945888519","0.11729989945888519","0.11729989945888519","2197","2197","2197"
"108899","0.04707668349146843","0.04707668349146843","0.04707668349146843","2198","2198","2198"
"108949","0.06751751154661179","0.06751751154661179","0.06751751154661179","2199","2199","2199"
"108999","0.07812429964542389","0.07812429964542389","0.07812429964542389","2200","2200","2200"
"109049","0.10716408491134644","0.10716408491134644","0.10716408491134644","2201","2201","2201"
"109099","0.11743801832199097","0.11743801832199097","0.11743801832199097","2202","2202","2202"
"109149","0.157646045088768","0.157646045088768","0.157646045088768","2203","2203","2203"
"109199","0.059016305953264236","0.059016305953264236","0.059016305953264236","2204","2204","2204"
"109249","0.13986173272132874","0.13986173272132874","0.13986173272132874","2205","2205","2205"
"109299","0.09612230211496353","0.09612230211496353","0.09612230211496353","2206","2206","2206"
"109349","0.10427463799715042","0.10427463799715042","0.10427463799715042","2207","2207","2207"
"109399","0.1635676473379135","0.1635676473379135","0.1635676473379135","2208","2208","2208"
"109449","0.1086699590086937","0.1086699590086937","0.1086699590086937","2209","2209","2209"
"109499","0.09798011183738708","0.09798011183738708","0.09798011183738708","2210","2210","2210"
"109549","0.10630231350660324","0.10630231350660324","0.10630231350660324","2211","2211","2211"
"109599","0.07658298313617706","0.07658298313617706","0.07658298313617706","2212","2212","2212"
"109649","0.07097221165895462","0.07097221165895462","0.07097221165895462","2213","2213","2213"
"109699","0.02468108758330345","0.02468108758330345","0.02468108758330345","2214","2214","2214"
"109749","0.05342809855937958","0.05342809855937958","0.05342809855937958","2215","2215","2215"
"109799","0.1587597131729126","0.1587597131729126","0.1587597131729126","2216","2216","2216"
"109849","0.04420948401093483","0.04420948401093483","0.04420948401093483","2217","2217","2217"
"109899","0.04545104503631592","0.04545104503631592","0.04545104503631592","2218","2218","2218"
"109949","0.043610721826553345","0.043610721826553345","0.043610721826553345","2219","2219","2219"
"109999","0.0652647539973259","0.0652647539973259","0.0652647539973259","2220","2220","2220"
"110049","0.057898346334695816","0.057898346334695816","0.057898346334695816","2222","2222","2222"
"110099","0.09966244548559189","0.09966244548559189","0.09966244548559189","2223","2223","2223"
"110149","0.11994986981153488","0.11994986981153488","0.11994986981153488","2224","2224","2224"
"110199","0.13354547321796417","0.13354547321796417","0.13354547321796417","2225","2225","2225"
"110249","0.04668661579489708","0.04668661579489708","0.04668661579489708","2226","2226","2226"
"110299","0.13420988619327545","0.13420988619327545","0.13420988619327545","2227","2227","2227"
"110349","0.04848776012659073","0.04848776012659073","0.04848776012659073","2228","2228","2228"
"110399","0.12027160078287125","0.12027160078287125","0.12027160078287125","2229","2229","2229"
"110449","0.12340457737445831","0.12340457737445831","0.12340457737445831","2230","2230","2230"
"110499","0.08514908701181412","0.08514908701181412","0.08514908701181412","2231","2231","2231"
"110549","0.05362267792224884","0.05362267792224884","0.05362267792224884","2232","2232","2232"
"110599","0.12120142579078674","0.12120142579078674","0.12120142579078674","2233","2233","2233"
"110649","0.04746555536985397","0.04746555536985397","0.04746555536985397","2234","2234","2234"
"110699","0.04280157387256622","0.04280157387256622","0.04280157387256622","2235","2235","2235"
"110749","0.06655187904834747","0.06655187904834747","0.06655187904834747","2236","2236","2236"
"110799","0.06983669102191925","0.06983669102191925","0.06983669102191925","2237","2237","2237"
"110849","0.09352949261665344","0.09352949261665344","0.09352949261665344","2238","2238","2238"
"110899","0.1263676881790161","0.1263676881790161","0.1263676881790161","2239","2239","2239"
"110949","0.18429498374462128","0.18429498374462128","0.18429498374462128","2240","2240","2240"
"110999","0.030900094658136368","0.030900094658136368","0.030900094658136368","2241","2241","2241"
"111049","0.07114329189062119","0.07114329189062119","0.07114329189062119","2242","2242","2242"
"111099","0.060428351163864136","0.060428351163864136","0.060428351163864136","2243","2243","2243"
"111149","0.029781559482216835","0.029781559482216835","0.029781559482216835","2244","2244","2244"
"111199","0.09588609635829926","0.09588609635829926","0.09588609635829926","2245","2245","2245"
"111249","0.09376797825098038","0.09376797825098038","0.09376797825098038","2246","2246","2246"
"111299","0.0741628035902977","0.0741628035902977","0.0741628035902977","2247","2247","2247"
"111349","0.06367029994726181","0.06367029994726181","0.06367029994726181","2248","2248","2248"
"111399","0.04904475435614586","0.04904475435614586","0.04904475435614586","2249","2249","2249"
"111449","0.2909180223941803","0.2909180223941803","0.2909180223941803","2250","2250","2250"
"111499","0.03453341871500015","0.03453341871500015","0.03453341871500015","2251","2251","2251"
"111549","0.21293534338474274","0.21293534338474274","0.21293534338474274","2252","2252","2252"
"111599","0.14566132426261902","0.14566132426261902","0.14566132426261902","2253","2253","2253"
"111649","0.11611948907375336","0.11611948907375336","0.11611948907375336","2254","2254","2254"
"111699","0.14764204621315002","0.14764204621315002","0.14764204621315002","2255","2255","2255"
"111749","0.05637945234775543","0.05637945234775543","0.05637945234775543","2256","2256","2256"
"111799","0.04827428609132767","0.04827428609132767","0.04827428609132767","2257","2257","2257"
"111849","0.03646041080355644","0.03646041080355644","0.03646041080355644","2258","2258","2258"
"111899","0.03086203522980213","0.03086203522980213","0.03086203522980213","2259","2259","2259"
"111949","0.0682930052280426","0.0682930052280426","0.0682930052280426","2260","2260","2260"
"111999","0.05075079947710037","0.05075079947710037","0.05075079947710037","2261","2261","2261"
"112049","0.026872560381889343","0.026872560381889343","0.026872560381889343","2262","2262","2262"
"112099","0.09247592836618423","0.09247592836618423","0.09247592836618423","2263","2263","2263"
"112149","0.07221753150224686","0.07221753150224686","0.07221753150224686","2264","2264","2264"
"112199","0.125858336687088","0.125858336687088","0.125858336687088","2265","2265","2265"
"112249","0.0330955870449543","0.0330955870449543","0.0330955870449543","2266","2266","2266"
"112299","0.10582447052001953","0.10582447052001953","0.10582447052001953","2267","2267","2267"
"112349","0.0335766077041626","0.0335766077041626","0.0335766077041626","2268","2268","2268"
"112399","0.0910966694355011","0.0910966694355011","0.0910966694355011","2269","2269","2269"
"112449","0.12094832956790924","0.12094832956790924","0.12094832956790924","2270","2270","2270"
"112499","0.15537604689598083","0.15537604689598083","0.15537604689598083","2271","2271","2271"
"112549","0.25832998752593994","0.25832998752593994","0.25832998752593994","2272","2272","2272"
"112599","0.12552639842033386","0.12552639842033386","0.12552639842033386","2273","2273","2273"
"112649","0.1122215986251831","0.1122215986251831","0.1122215986251831","2274","2274","2274"
"112699","0.08072777092456818","0.08072777092456818","0.08072777092456818","2275","2275","2275"
"112749","0.02259713038802147","0.02259713038802147","0.02259713038802147","2276","2276","2276"
"112799","0.08847695589065552","0.08847695589065552","0.08847695589065552","2277","2277","2277"
"112849","0.10629357397556305","0.10629357397556305","0.10629357397556305","2278","2278","2278"
"112899","0.05194685980677605","0.05194685980677605","0.05194685980677605","2279","2279","2279"
"112949","0.09621700644493103","0.09621700644493103","0.09621700644493103","2280","2280","2280"
"112999","0.06821537762880325","0.06821537762880325","0.06821537762880325","2281","2281","2281"
"113049","0.1569419950246811","0.1569419950246811","0.1569419950246811","2282","2282","2282"
"113099","0.08420699834823608","0.08420699834823608","0.08420699834823608","2283","2283","2283"
"113149","0.1621662825345993","0.1621662825345993","0.1621662825345993","2284","2284","2284"
"113199","0.13175371289253235","0.13175371289253235","0.13175371289253235","2285","2285","2285"
"113249","0.061652783304452896","0.061652783304452896","0.061652783304452896","2286","2286","2286"
"113299","0.057527415454387665","0.057527415454387665","0.057527415454387665","2287","2287","2287"
"113349","0.0895925983786583","0.0895925983786583","0.0895925983786583","2288","2288","2288"
"113399","0.10339802503585815","0.10339802503585815","0.10339802503585815","2289","2289","2289"
"113449","0.13675318658351898","0.13675318658351898","0.13675318658351898","2290","2290","2290"
"113499","0.1045033410191536","0.1045033410191536","0.1045033410191536","2291","2291","2291"
"113549","0.1395001858472824","0.1395001858472824","0.1395001858472824","2292","2292","2292"
"113599","0.03697391226887703","0.03697391226887703","0.03697391226887703","2293","2293","2293"
"113649","0.05201905965805054","0.05201905965805054","0.05201905965805054","2294","2294","2294"
"113699","0.06668112426996231","0.06668112426996231","0.06668112426996231","2295","2295","2295"
"113749","0.08035071939229965","0.08035071939229965","0.08035071939229965","2296","2296","2296"
"113799","0.11366012692451477","0.11366012692451477","0.11366012692451477","2297","2297","2297"
"113849","0.09500795602798462","0.09500795602798462","0.09500795602798462","2298","2298","2298"
"113899","0.0682707130908966","0.0682707130908966","0.0682707130908966","2299","2299","2299"
"113949","0.08874762803316116","0.08874762803316116","0.08874762803316116","2300","2300","2300"
"113999","0.10643480718135834","0.10643480718135834","0.10643480718135834","2301","2301","2301"
"114049","0.13824529945850372","0.13824529945850372","0.13824529945850372","2302","2302","2302"
"114099","0.2763403058052063","0.2763403058052063","0.2763403058052063","2303","2303","2303"
"114149","0.04226446524262428","0.04226446524262428","0.04226446524262428","2304","2304","2304"
"114199","0.10776886343955994","0.10776886343955994","0.10776886343955994","2305","2305","2305"
"114249","0.07213874906301498","0.07213874906301498","0.07213874906301498","2306","2306","2306"
"114299","0.03520001098513603","0.03520001098513603","0.03520001098513603","2307","2307","2307"
"114349","0.1500210464000702","0.1500210464000702","0.1500210464000702","2308","2308","2308"
"114399","0.046835754066705704","0.046835754066705704","0.046835754066705704","2309","2309","2309"
"114449","0.05443236976861954","0.05443236976861954","0.05443236976861954","2310","2310","2310"
"114499","0.14813673496246338","0.14813673496246338","0.14813673496246338","2311","2311","2311"
"114549","0.1539248377084732","0.1539248377084732","0.1539248377084732","2312","2312","2312"
"114599","0.06648962944746017","0.06648962944746017","0.06648962944746017","2313","2313","2313"
"114649","0.12429331243038177","0.12429331243038177","0.12429331243038177","2314","2314","2314"
"114699","0.13860972225666046","0.13860972225666046","0.13860972225666046","2315","2315","2315"
"114749","0.0496477335691452","0.0496477335691452","0.0496477335691452","2316","2316","2316"
"114799","0.03323348984122276","0.03323348984122276","0.03323348984122276","2317","2317","2317"
"114849","0.07931333035230637","0.07931333035230637","0.07931333035230637","2318","2318","2318"
"114899","0.06463104486465454","0.06463104486465454","0.06463104486465454","2319","2319","2319"
"114949","0.08435620367527008","0.08435620367527008","0.08435620367527008","2320","2320","2320"
"114999","0.06885887682437897","0.06885887682437897","0.06885887682437897","2321","2321","2321"
"115049","0.030081380158662796","0.030081380158662796","0.030081380158662796","2323","2323","2323"
"115099","0.09031057357788086","0.09031057357788086","0.09031057357788086","2324","2324","2324"
"115149","0.04289453849196434","0.04289453849196434","0.04289453849196434","2325","2325","2325"
"115199","0.07703880220651627","0.07703880220651627","0.07703880220651627","2326","2326","2326"
"115249","0.07646118849515915","0.07646118849515915","0.07646118849515915","2327","2327","2327"
"115299","0.06526404619216919","0.06526404619216919","0.06526404619216919","2328","2328","2328"
"115349","0.10273953527212143","0.10273953527212143","0.10273953527212143","2329","2329","2329"
"115399","0.08717536926269531","0.08717536926269531","0.08717536926269531","2330","2330","2330"
"115449","0.14242425560951233","0.14242425560951233","0.14242425560951233","2331","2331","2331"
"115499","0.1676260232925415","0.1676260232925415","0.1676260232925415","2332","2332","2332"
"115549","0.08812025189399719","0.08812025189399719","0.08812025189399719","2333","2333","2333"
"115599","0.050448231399059296","0.050448231399059296","0.050448231399059296","2334","2334","2334"
"115649","0.11079198122024536","0.11079198122024536","0.11079198122024536","2335","2335","2335"
"115699","0.07030550390481949","0.07030550390481949","0.07030550390481949","2336","2336","2336"
"115749","0.14027364552021027","0.14027364552021027","0.14027364552021027","2337","2337","2337"
"115799","0.15999917685985565","0.15999917685985565","0.15999917685985565","2338","2338","2338"
"115849","0.049430910497903824","0.049430910497903824","0.049430910497903824","2339","2339","2339"
"115899","0.06300829350948334","0.06300829350948334","0.06300829350948334","2340","2340","2340"
"115949","0.036343641579151154","0.036343641579151154","0.036343641579151154","2341","2341","2341"
"115999","0.08180616796016693","0.08180616796016693","0.08180616796016693","2342","2342","2342"
"116049","0.06246373802423477","0.06246373802423477","0.06246373802423477","2343","2343","2343"
"116099","0.05270087346434593","0.05270087346434593","0.05270087346434593","2344","2344","2344"
"116149","0.034891754388809204","0.034891754388809204","0.034891754388809204","2345","2345","2345"
"116199","0.042699698358774185","0.042699698358774185","0.042699698358774185","2346","2346","2346"
"116249","0.16086621582508087","0.16086621582508087","0.16086621582508087","2347","2347","2347"
"116299","0.03831624612212181","0.03831624612212181","0.03831624612212181","2348","2348","2348"
"116349","0.10478371381759644","0.10478371381759644","0.10478371381759644","2349","2349","2349"
"116399","0.10161052644252777","0.10161052644252777","0.10161052644252777","2350","2350","2350"
"116449","0.07438591122627258","0.07438591122627258","0.07438591122627258","2351","2351","2351"
"116499","0.06741222739219666","0.06741222739219666","0.06741222739219666","2352","2352","2352"
"116549","0.03967572748661041","0.03967572748661041","0.03967572748661041","2353","2353","2353"
"116599","0.06163010746240616","0.06163010746240616","0.06163010746240616","2354","2354","2354"
"116649","0.10204820334911346","0.10204820334911346","0.10204820334911346","2355","2355","2355"
"116699","0.14842350780963898","0.14842350780963898","0.14842350780963898","2356","2356","2356"
"116749","0.05571125075221062","0.05571125075221062","0.05571125075221062","2357","2357","2357"
"116799","0.17080795764923096","0.17080795764923096","0.17080795764923096","2358","2358","2358"
"116849","0.12468624860048294","0.12468624860048294","0.12468624860048294","2359","2359","2359"
"116899","0.041475966572761536","0.041475966572761536","0.041475966572761536","2360","2360","2360"
"116949","0.032439954578876495","0.032439954578876495","0.032439954578876495","2361","2361","2361"
"116999","0.0796043649315834","0.0796043649315834","0.0796043649315834","2362","2362","2362"
"117049","0.04297098517417908","0.04297098517417908","0.04297098517417908","2363","2363","2363"
"117099","0.06426508724689484","0.06426508724689484","0.06426508724689484","2364","2364","2364"
"117149","0.07946442067623138","0.07946442067623138","0.07946442067623138","2365","2365","2365"
"117199","0.30344969034194946","0.30344969034194946","0.30344969034194946","2366","2366","2366"
"117249","0.18368928134441376","0.18368928134441376","0.18368928134441376","2367","2367","2367"
"117299","0.27374032139778137","0.27374032139778137","0.27374032139778137","2368","2368","2368"
"117349","0.17140313982963562","0.17140313982963562","0.17140313982963562","2369","2369","2369"
"117399","0.14142657816410065","0.14142657816410065","0.14142657816410065","2370","2370","2370"
"117449","0.10941765457391739","0.10941765457391739","0.10941765457391739","2371","2371","2371"
"117499","0.12938667833805084","0.12938667833805084","0.12938667833805084","2372","2372","2372"
"117549","0.062195584177970886","0.062195584177970886","0.062195584177970886","2373","2373","2373"
"117599","0.0689970925450325","0.0689970925450325","0.0689970925450325","2374","2374","2374"
"117649","0.10349581390619278","0.10349581390619278","0.10349581390619278","2375","2375","2375"
"117699","0.2024686336517334","0.2024686336517334","0.2024686336517334","2376","2376","2376"
"117749","0.051254794001579285","0.051254794001579285","0.051254794001579285","2377","2377","2377"
"117799","0.08619256317615509","0.08619256317615509","0.08619256317615509","2378","2378","2378"
"117849","0.06296299397945404","0.06296299397945404","0.06296299397945404","2379","2379","2379"
"117899","0.11678307503461838","0.11678307503461838","0.11678307503461838","2380","2380","2380"
"117949","0.06645892560482025","0.06645892560482025","0.06645892560482025","2381","2381","2381"
"117999","0.09460919350385666","0.09460919350385666","0.09460919350385666","2382","2382","2382"
"118049","0.22435148060321808","0.22435148060321808","0.22435148060321808","2383","2383","2383"
"118099","0.0334877148270607","0.0334877148270607","0.0334877148270607","2384","2384","2384"
"118149","0.16265222430229187","0.16265222430229187","0.16265222430229187","2385","2385","2385"
"118199","0.1581103652715683","0.1581103652715683","0.1581103652715683","2386","2386","2386"
"118249","0.06032074987888336","0.06032074987888336","0.06032074987888336","2387","2387","2387"
"118299","0.06251271069049835","0.06251271069049835","0.06251271069049835","2388","2388","2388"
"118349","0.06156260892748833","0.06156260892748833","0.06156260892748833","2389","2389","2389"
"118399","0.10048606991767883","0.10048606991767883","0.10048606991767883","2390","2390","2390"
"118449","0.059508420526981354","0.059508420526981354","0.059508420526981354","2391","2391","2391"
"118499","0.18778221309185028","0.18778221309185028","0.18778221309185028","2392","2392","2392"
"118549","0.10855307430028915","0.10855307430028915","0.10855307430028915","2393","2393","2393"
"118599","0.09559047222137451","0.09559047222137451","0.09559047222137451","2394","2394","2394"
"118649","0.12063965201377869","0.12063965201377869","0.12063965201377869","2395","2395","2395"
"118699","0.20263604819774628","0.20263604819774628","0.20263604819774628","2396","2396","2396"
"118749","0.03830420598387718","0.03830420598387718","0.03830420598387718","2397","2397","2397"
"118799","0.08421241492033005","0.08421241492033005","0.08421241492033005","2398","2398","2398"
"118849","0.08968068659305573","0.08968068659305573","0.08968068659305573","2399","2399","2399"
"118899","0.04001356661319733","0.04001356661319733","0.04001356661319733","2400","2400","2400"
"118949","0.02968599647283554","0.02968599647283554","0.02968599647283554","2401","2401","2401"
"118999","0.1706143170595169","0.1706143170595169","0.1706143170595169","2402","2402","2402"
"119049","0.14247728884220123","0.14247728884220123","0.14247728884220123","2403","2403","2403"
"119099","0.1263437271118164","0.1263437271118164","0.1263437271118164","2404","2404","2404"
"119149","0.04706701636314392","0.04706701636314392","0.04706701636314392","2405","2405","2405"
"119199","0.19436733424663544","0.19436733424663544","0.19436733424663544","2406","2406","2406"
"119249","0.15265420079231262","0.15265420079231262","0.15265420079231262","2407","2407","2407"
"119299","0.12971173226833344","0.12971173226833344","0.12971173226833344","2408","2408","2408"
"119349","0.04075012728571892","0.04075012728571892","0.04075012728571892","2409","2409","2409"
"119399","0.055454157292842865","0.055454157292842865","0.055454157292842865","2410","2410","2410"
"119449","0.04540165886282921","0.04540165886282921","0.04540165886282921","2411","2411","2411"
"119499","0.13110190629959106","0.13110190629959106","0.13110190629959106","2412","2412","2412"
"119549","0.027173390612006187","0.027173390612006187","0.027173390612006187","2413","2413","2413"
"119599","0.07908114045858383","0.07908114045858383","0.07908114045858383","2414","2414","2414"
"119649","0.03840303421020508","0.03840303421020508","0.03840303421020508","2415","2415","2415"
"119699","0.10521285980939865","0.10521285980939865","0.10521285980939865","2416","2416","2416"
"119749","0.06402107328176498","0.06402107328176498","0.06402107328176498","2417","2417","2417"
"119799","0.06790907680988312","0.06790907680988312","0.06790907680988312","2418","2418","2418"
"119849","0.18173539638519287","0.18173539638519287","0.18173539638519287","2419","2419","2419"
"119899","0.2379094958305359","0.2379094958305359","0.2379094958305359","2420","2420","2420"
"119949","0.038601573556661606","0.038601573556661606","0.038601573556661606","2421","2421","2421"
"119999","0.13315702974796295","0.13315702974796295","0.13315702974796295","2422","2422","2422"
"120049","0.08722266554832458","0.08722266554832458","0.08722266554832458","2424","2424","2424"
"120099","0.13898798823356628","0.13898798823356628","0.13898798823356628","2425","2425","2425"
"120149","0.08528994023799896","0.08528994023799896","0.08528994023799896","2426","2426","2426"
"120199","0.1046629250049591","0.1046629250049591","0.1046629250049591","2427","2427","2427"
"120249","0.17495320737361908","0.17495320737361908","0.17495320737361908","2428","2428","2428"
"120299","0.2116166204214096","0.2116166204214096","0.2116166204214096","2429","2429","2429"
"120349","0.16191379725933075","0.16191379725933075","0.16191379725933075","2430","2430","2430"
"120399","0.08746485412120819","0.08746485412120819","0.08746485412120819","2431","2431","2431"
"120449","0.05397585779428482","0.05397585779428482","0.05397585779428482","2432","2432","2432"
"120499","0.0669698640704155","0.0669698640704155","0.0669698640704155","2433","2433","2433"
"120549","0.09527638554573059","0.09527638554573059","0.09527638554573059","2434","2434","2434"
"120599","0.18620525300502777","0.18620525300502777","0.18620525300502777","2435","2435","2435"
"120649","0.12764395773410797","0.12764395773410797","0.12764395773410797","2436","2436","2436"
"120699","0.05460166558623314","0.05460166558623314","0.05460166558623314","2437","2437","2437"
"120749","0.08633571118116379","0.08633571118116379","0.08633571118116379","2438","2438","2438"
"120799","0.10756180435419083","0.10756180435419083","0.10756180435419083","2439","2439","2439"
"120849","0.18063925206661224","0.18063925206661224","0.18063925206661224","2440","2440","2440"
"120899","0.039295412600040436","0.039295412600040436","0.039295412600040436","2441","2441","2441"
"120949","0.12049921602010727","0.12049921602010727","0.12049921602010727","2442","2442","2442"
"120999","0.07611797004938126","0.07611797004938126","0.07611797004938126","2443","2443","2443"
"121049","0.08730471879243851","0.08730471879243851","0.08730471879243851","2444","2444","2444"
"121099","0.1287890076637268","0.1287890076637268","0.1287890076637268","2445","2445","2445"
"121149","0.06990929692983627","0.06990929692983627","0.06990929692983627","2446","2446","2446"
"121199","0.05411340668797493","0.05411340668797493","0.05411340668797493","2447","2447","2447"
"121249","0.14861926436424255","0.14861926436424255","0.14861926436424255","2448","2448","2448"
"121299","0.09672606736421585","0.09672606736421585","0.09672606736421585","2449","2449","2449"
"121349","0.07888343930244446","0.07888343930244446","0.07888343930244446","2450","2450","2450"
"121399","0.10073228925466537","0.10073228925466537","0.10073228925466537","2451","2451","2451"
"121449","0.17603008449077606","0.17603008449077606","0.17603008449077606","2452","2452","2452"
"121499","0.0869445651769638","0.0869445651769638","0.0869445651769638","2453","2453","2453"
"121549","0.13921821117401123","0.13921821117401123","0.13921821117401123","2454","2454","2454"
"121599","0.16579754650592804","0.16579754650592804","0.16579754650592804","2455","2455","2455"
"121649","0.041734106838703156","0.041734106838703156","0.041734106838703156","2456","2456","2456"
"121699","0.14715029299259186","0.14715029299259186","0.14715029299259186","2457","2457","2457"
"121749","0.07197398692369461","0.07197398692369461","0.07197398692369461","2458","2458","2458"
"121799","0.08046668022871017","0.08046668022871017","0.08046668022871017","2459","2459","2459"
"121849","0.09681049734354019","0.09681049734354019","0.09681049734354019","2460","2460","2460"
"121899","0.05605160817503929","0.05605160817503929","0.05605160817503929","2461","2461","2461"
"121949","0.04175977781414986","0.04175977781414986","0.04175977781414986","2462","2462","2462"
"121999","0.10396664589643478","0.10396664589643478","0.10396664589643478","2463","2463","2463"
"122049","0.1423274129629135","0.1423274129629135","0.1423274129629135","2464","2464","2464"
"122099","0.06853238493204117","0.06853238493204117","0.06853238493204117","2465","2465","2465"
"122149","0.3016241490840912","0.3016241490840912","0.3016241490840912","2466","2466","2466"
"122199","0.0778704583644867","0.0778704583644867","0.0778704583644867","2467","2467","2467"
"122249","0.045457832515239716","0.045457832515239716","0.045457832515239716","2468","2468","2468"
"122299","0.08202160894870758","0.08202160894870758","0.08202160894870758","2469","2469","2469"
"122349","0.03756892308592796","0.03756892308592796","0.03756892308592796","2470","2470","2470"
"122399","0.09729569405317307","0.09729569405317307","0.09729569405317307","2471","2471","2471"